hours_studied,previous_scores,extracurricular_activities,sleep_hours,sample_question_papers_practiced,performance_index,total_study_hours_proxy,g_avg
7,99,1,9,1,91.0,7.700000000000001,99
4,82,0,4,2,65.0,4.8,82
8,51,1,7,2,45.0,9.6,51
5,52,1,5,2,36.0,6.0,52
7,75,0,8,5,66.0,10.5,75
3,78,0,9,6,61.0,4.800000000000001,78
7,73,1,5,6,63.0,11.200000000000001,73
8,45,1,4,6,42.0,12.8,45
5,77,0,8,2,61.0,6.0,77
4,89,0,4,0,69.0,4.0,89
8,91,0,4,5,84.0,12.0,91
8,79,0,6,2,73.0,9.6,79
3,47,0,9,2,27.0,3.5999999999999996,47
6,47,0,4,2,33.0,7.199999999999999,47
5,79,0,7,8,68.0,9.0,79
2,72,0,4,3,43.0,2.6,72
8,73,1,8,4,67.0,11.2,73
6,83,1,7,2,70.0,7.199999999999999,83
2,54,1,4,9,30.0,3.8,54
5,75,0,7,0,63.0,5.0,75
1,99,1,4,3,71.0,1.3,99
6,96,0,9,0,85.0,6.0,96
9,74,1,7,6,73.0,14.4,74
1,85,0,5,6,57.0,1.6,85
3,61,0,6,3,35.0,3.9000000000000004,61
7,62,1,7,4,49.0,9.799999999999999,62
4,79,0,8,9,66.0,7.6,79
9,84,1,6,6,83.0,14.4,84
3,94,1,6,5,74.0,4.5,94
5,90,1,4,3,74.0,6.5,90
3,61,1,7,3,39.0,3.9000000000000004,61
7,44,1,9,1,36.0,7.700000000000001,44
5,70,1,6,9,58.0,9.5,70
9,52,1,8,1,47.0,9.9,52
7,67,1,9,3,60.0,9.1,67
2,97,1,9,4,74.0,2.8,97
4,59,0,8,3,42.0,5.2,59
9,72,0,8,2,68.0,10.799999999999999,72
2,55,1,4,1,32.0,2.2,55
9,68,0,5,3,64.0,11.700000000000001,68
5,62,0,7,4,45.0,7.0,62
2,63,1,6,0,39.0,2.0,63
4,73,1,7,0,58.0,4.0,73
7,46,0,9,5,36.0,10.5,46
8,77,1,6,4,71.0,11.2,77
3,76,1,4,3,54.0,3.9000000000000004,76
1,43,1,7,0,17.0,1.0,43
4,73,0,4,6,54.0,6.4,73
2,81,1,4,3,58.0,2.6,81
8,61,0,7,2,53.0,9.6,61
4,44,1,7,6,27.0,6.4,44
2,89,1,6,1,65.0,2.2,89
6,81,0,9,9,75.0,11.399999999999999,81
6,62,1,9,0,52.0,6.0,62
4,93,0,8,3,78.0,5.2,93
6,99,0,4,7,91.0,10.2,99
2,54,1,9,5,33.0,3.0,54
2,70,1,5,8,47.0,3.6,70
4,98,0,6,0,78.0,4.0,98
8,48,0,6,0,38.0,8.0,48
7,82,1,8,4,70.0,9.799999999999999,82
9,97,1,8,5,98.0,13.5,97
8,92,1,4,7,87.0,13.6,92
5,64,1,6,2,49.0,6.0,64
2,64,1,6,5,41.0,3.0,64
5,88,0,5,2,71.0,6.0,88
8,60,0,4,7,54.0,13.6,60
9,48,0,4,3,42.0,11.700000000000001,48
9,94,0,9,1,91.0,9.9,94
1,87,1,8,8,61.0,1.8,87
9,77,0,9,9,74.0,17.099999999999998,77
7,61,1,4,7,54.0,11.9,61
9,82,1,5,5,81.0,13.5,82
8,62,1,4,2,52.0,9.6,62
1,88,1,9,1,65.0,1.1,88
8,43,1,7,3,36.0,10.4,43
8,68,0,7,3,61.0,10.4,68
3,54,1,5,0,35.0,3.0,54
1,40,1,8,8,15.0,1.8,40
8,93,1,6,9,88.0,15.2,93
3,69,0,4,7,45.0,5.1,69
3,68,1,9,6,49.0,4.800000000000001,68
1,59,1,8,5,33.0,1.5,59
5,72,1,9,2,60.0,6.0,72
7,80,0,8,3,71.0,9.1,80
9,83,1,4,1,81.0,9.9,83
7,75,0,6,6,67.0,11.200000000000001,75
9,99,0,4,1,95.0,9.9,99
8,61,1,6,9,58.0,15.2,61
2,52,0,9,0,29.0,2.0,52
1,46,0,5,5,21.0,1.5,46
7,47,1,6,3,38.0,9.1,47
7,67,1,8,7,60.0,11.9,67
8,84,1,5,0,76.0,8.0,84
5,82,1,9,8,69.0,9.0,82
3,48,0,7,5,30.0,4.5,48
8,64,0,5,1,57.0,8.8,64
6,95,1,6,7,81.0,10.2,95
3,55,1,5,4,36.0,4.199999999999999,55
1,49,1,9,4,25.0,1.4,49
3,50,0,5,4,27.0,4.199999999999999,50
5,70,1,9,6,61.0,8.0,70
3,51,0,7,6,34.0,4.800000000000001,51
1,99,0,6,9,76.0,1.9,99
5,70,0,8,6,57.0,8.0,70
7,53,0,5,9,45.0,13.299999999999999,53
7,90,1,4,1,76.0,7.700000000000001,90
9,83,1,8,7,83.0,15.299999999999999,83
3,71,1,5,0,50.0,3.0,71
7,89,0,8,1,81.0,7.700000000000001,89
1,92,0,4,6,66.0,1.6,92
4,56,1,8,3,38.0,5.2,56
4,74,0,8,9,56.0,7.6,74
5,40,0,4,9,25.0,9.5,40
7,68,0,4,8,56.0,12.6,68
7,90,1,4,8,82.0,12.6,90
4,43,1,7,2,23.0,4.8,43
7,62,1,9,2,56.0,8.4,62
3,67,0,9,8,46.0,5.4,67
6,55,1,4,9,43.0,11.399999999999999,55
2,51,1,9,7,30.0,3.4,51
9,92,1,8,0,92.0,9.0,92
5,60,0,4,5,45.0,7.5,60
6,84,0,5,6,70.0,9.600000000000001,84
4,56,0,4,7,36.0,6.8,56
7,79,0,4,1,71.0,7.700000000000001,79
9,52,0,9,0,49.0,9.0,52
7,91,1,6,3,82.0,9.1,91
1,97,1,8,0,71.0,1.0,97
1,71,0,9,1,43.0,1.1,71
9,76,0,8,2,77.0,10.799999999999999,76
9,89,1,5,3,86.0,11.700000000000001,89
4,54,0,7,5,34.0,6.0,54
9,51,0,6,7,49.0,15.299999999999999,51
3,88,0,5,8,69.0,5.4,88
7,96,0,5,3,84.0,9.1,96
6,54,0,8,0,41.0,6.0,54
8,73,1,6,4,68.0,11.2,73
9,45,1,8,4,44.0,12.6,45
5,56,0,7,8,41.0,9.0,56
1,87,0,8,5,58.0,1.5,87
3,88,1,4,4,68.0,4.199999999999999,88
8,96,0,8,9,94.0,15.2,96
6,59,1,4,9,47.0,11.399999999999999,59
8,48,0,5,4,40.0,11.2,48
9,98,1,7,7,100.0,15.299999999999999,98
4,44,1,9,0,23.0,4.0,44
1,62,0,4,4,36.0,1.4,62
1,72,0,7,0,47.0,1.0,72
4,77,1,8,6,60.0,6.4,77
7,95,0,9,6,83.0,11.200000000000001,95
2,53,1,8,9,33.0,3.8,53
3,56,0,5,7,36.0,5.1,56
1,96,0,8,6,74.0,1.6,96
5,58,0,4,8,42.0,9.0,58
1,72,1,5,7,47.0,1.7,72
8,40,1,7,7,31.0,13.6,40
1,52,0,5,2,26.0,1.2,52
1,85,1,7,9,58.0,1.9,85
2,66,0,6,3,42.0,2.6,66
2,45,1,4,3,18.0,2.6,45
6,98,0,4,0,85.0,6.0,98
7,45,1,7,5,36.0,10.5,45
5,72,1,8,1,58.0,5.5,72
1,69,1,9,8,45.0,1.8,69
1,85,1,8,0,60.0,1.0,85
3,74,1,6,0,56.0,3.0,74
2,62,1,7,9,42.0,3.8,62
5,49,0,6,5,33.0,7.5,49
6,90,0,7,0,77.0,6.0,90
7,58,1,6,2,51.0,8.4,58
4,90,0,7,9,72.0,7.6,90
7,67,1,4,1,57.0,7.700000000000001,67
8,62,0,6,8,53.0,14.4,62
1,43,0,6,4,16.0,1.4,43
6,59,0,7,5,45.0,9.0,59
8,58,0,5,1,49.0,8.8,58
5,81,1,5,7,67.0,8.5,81
4,66,0,4,5,49.0,6.0,66
2,96,0,8,7,73.0,3.4,96
6,73,0,8,7,65.0,10.2,73
6,43,1,4,0,27.0,6.0,43
1,95,0,8,6,72.0,1.6,95
9,77,1,9,1,74.0,9.9,77
6,46,1,9,7,38.0,10.2,46
3,87,0,9,1,67.0,3.3000000000000003,87
4,46,1,9,3,28.0,5.2,46
4,89,0,7,1,73.0,4.4,89
3,91,0,5,6,72.0,4.800000000000001,91
3,65,0,4,4,42.0,4.199999999999999,65
3,65,0,7,8,47.0,5.4,65
4,93,0,9,4,77.0,5.6,93
7,58,0,4,7,49.0,11.9,58
4,48,0,5,1,30.0,4.4,48
9,59,1,8,2,54.0,10.799999999999999,59
1,81,1,7,5,56.0,1.5,81
8,84,0,5,6,75.0,12.8,84
7,89,0,4,9,78.0,13.299999999999999,89
2,55,1,6,7,32.0,3.4,55
8,93,0,7,2,89.0,9.6,93
1,56,1,4,6,29.0,1.6,56
9,61,1,4,7,57.0,15.299999999999999,61
9,52,0,5,9,48.0,17.099999999999998,52
2,51,0,4,5,27.0,3.0,51
7,49,1,7,3,38.0,9.1,49
3,40,1,9,5,18.0,4.5,40
7,71,0,7,8,66.0,12.6,71
9,69,0,4,2,65.0,10.799999999999999,69
4,47,1,5,1,27.0,4.4,47
1,60,1,7,4,33.0,1.4,60
2,61,1,6,6,37.0,3.2,61
1,57,0,9,2,29.0,1.2,57
5,41,0,8,4,26.0,7.0,41
5,87,0,5,3,72.0,6.5,87
7,83,1,5,6,77.0,11.200000000000001,83
9,48,1,8,1,45.0,9.9,48
9,42,0,8,6,41.0,14.4,42
3,93,1,7,1,73.0,3.3000000000000003,93
3,65,1,4,2,43.0,3.5999999999999996,65
3,60,1,4,4,39.0,4.199999999999999,60
4,69,1,6,6,54.0,6.4,69
8,67,1,9,5,62.0,12.0,67
6,75,0,4,6,63.0,9.600000000000001,75
8,65,0,6,5,59.0,12.0,65
1,73,0,6,0,46.0,1.0,73
8,47,0,5,4,42.0,11.2,47
4,49,0,5,0,30.0,4.0,49
1,87,1,9,6,63.0,1.6,87
8,94,1,7,3,89.0,10.4,94
4,82,1,8,4,62.0,5.6,82
6,89,0,8,0,77.0,6.0,89
8,93,1,9,7,88.0,13.6,93
4,53,1,6,3,35.0,5.2,53
3,79,1,9,2,60.0,3.5999999999999996,79
9,94,0,8,0,92.0,9.0,94
3,54,1,6,3,38.0,3.9000000000000004,54
9,56,1,8,2,56.0,10.799999999999999,56
2,92,0,7,7,70.0,3.4,92
2,57,0,5,8,35.0,3.6,57
2,71,1,5,4,47.0,2.8,71
6,77,0,6,8,66.0,10.8,77
3,62,1,9,0,43.0,3.0,62
9,85,0,8,6,81.0,14.4,85
4,62,1,4,6,43.0,6.4,62
1,74,1,7,5,46.0,1.5,74
4,78,0,8,3,61.0,5.2,78
1,54,0,4,8,27.0,1.8,54
5,92,0,7,2,77.0,6.0,92
4,63,0,7,0,43.0,4.0,63
8,67,1,5,1,60.0,8.8,67
8,55,0,6,2,48.0,9.6,55
7,55,1,8,1,47.0,7.700000000000001,55
3,79,1,7,5,60.0,4.5,79
1,78,1,8,6,53.0,1.6,78
1,45,0,7,4,19.0,1.4,45
3,41,1,9,4,23.0,4.199999999999999,41
6,93,1,5,6,81.0,9.600000000000001,93
7,52,0,6,5,41.0,10.5,52
6,83,1,4,7,71.0,10.2,83
6,86,1,4,8,75.0,10.8,86
6,98,1,9,1,89.0,6.6000000000000005,98
3,48,0,5,1,28.0,3.3000000000000003,48
6,73,1,7,0,60.0,6.0,73
8,56,1,5,6,54.0,12.8,56
2,66,1,6,3,41.0,2.6,66
5,68,0,4,8,52.0,9.0,68
1,76,0,8,5,53.0,1.5,76
1,82,0,4,6,52.0,1.6,82
5,61,1,6,6,47.0,8.0,61
3,90,1,7,7,71.0,5.1,90
4,63,1,5,3,42.0,5.2,63
3,46,1,4,2,21.0,3.5999999999999996,46
1,73,1,4,2,48.0,1.2,73
1,87,0,8,9,64.0,1.9,87
5,51,1,5,7,38.0,8.5,51
6,62,1,8,2,49.0,7.199999999999999,62
3,54,0,8,7,35.0,5.1,54
9,72,0,7,1,73.0,9.9,72
5,96,1,4,4,81.0,7.0,96
8,52,0,9,4,47.0,11.2,52
1,62,0,5,6,36.0,1.6,62
5,77,0,7,4,63.0,7.0,77
3,71,1,9,8,52.0,5.4,71
1,84,0,7,2,58.0,1.2,84
4,89,1,7,8,77.0,7.2,89
5,74,0,6,0,58.0,5.0,74
7,40,1,6,2,33.0,8.4,40
1,86,1,7,3,67.0,1.3,86
3,97,1,6,5,76.0,4.5,97
2,84,0,5,9,62.0,3.8,84
9,44,0,4,7,37.0,15.299999999999999,44
6,96,0,9,6,86.0,9.600000000000001,96
3,52,1,5,7,37.0,5.1,52
8,93,0,4,5,88.0,12.0,93
8,44,0,6,5,38.0,12.0,44
2,99,1,9,5,76.0,3.0,99
6,71,0,5,2,57.0,7.199999999999999,71
7,90,1,8,9,82.0,13.299999999999999,90
2,60,0,7,3,35.0,2.6,60
2,63,1,4,5,41.0,3.0,63
1,99,1,4,6,75.0,1.6,99
8,57,0,8,2,51.0,9.6,57
1,60,1,8,3,34.0,1.3,60
9,93,0,7,5,92.0,13.5,93
6,49,0,6,0,39.0,6.0,49
7,63,0,5,6,56.0,11.200000000000001,63
7,79,0,5,0,69.0,7.0,79
3,86,1,5,9,69.0,5.699999999999999,86
2,60,1,6,8,40.0,3.6,60
9,64,1,7,9,63.0,17.099999999999998,64
8,91,0,5,8,86.0,14.4,91
7,99,0,4,8,89.0,12.6,99
9,96,1,4,3,94.0,11.700000000000001,96
4,98,1,4,1,79.0,4.4,98
4,62,0,8,6,44.0,6.4,62
1,61,0,8,3,33.0,1.3,61
8,43,0,6,4,36.0,11.2,43
3,73,1,5,0,50.0,3.0,73
7,95,0,8,9,94.0,13.299999999999999,95
2,45,1,4,5,22.0,3.0,45
2,67,0,8,6,44.0,3.2,67
7,70,1,4,2,60.0,8.4,70
6,74,0,5,9,64.0,11.399999999999999,74
3,78,1,6,1,58.0,3.3000000000000003,78
9,81,1,7,9,78.0,17.099999999999998,81
6,62,1,7,6,51.0,9.600000000000001,62
6,45,0,4,0,30.0,6.0,45
1,55,1,8,1,29.0,1.1,55
4,41,1,8,2,22.0,4.8,41
6,63,0,4,3,51.0,7.800000000000001,63
6,56,1,5,4,45.0,8.399999999999999,56
5,84,1,4,3,70.0,6.5,84
1,40,0,5,9,10.0,1.9,40
8,45,1,6,2,38.0,9.6,45
5,44,0,6,0,30.0,5.0,44
5,96,1,4,6,82.0,8.0,96
7,84,0,6,9,74.0,13.299999999999999,84
4,99,1,8,5,87.0,6.0,99
6,94,1,5,1,77.0,6.6000000000000005,94
4,89,1,7,1,72.0,4.4,89
3,68,0,7,2,51.0,3.5999999999999996,68
7,51,1,6,7,40.0,11.9,51
8,78,1,5,7,72.0,13.6,78
4,86,0,8,9,68.0,7.6,86
2,42,0,7,9,22.0,3.8,42
3,87,0,8,9,67.0,5.699999999999999,87
1,40,1,8,9,18.0,1.9,40
8,66,1,7,7,64.0,13.6,66
3,87,1,7,6,66.0,4.800000000000001,87
7,63,0,6,1,50.0,7.700000000000001,63
5,83,0,5,0,68.0,5.0,83
5,58,1,4,5,44.0,7.5,58
7,98,1,5,7,90.0,11.9,98
9,47,0,4,0,41.0,9.0,47
5,94,0,7,2,83.0,6.0,94
1,83,0,8,0,57.0,1.0,83
1,86,1,5,9,64.0,1.9,86
2,41,0,8,8,18.0,3.6,41
6,69,0,5,6,62.0,9.600000000000001,69
9,69,0,9,7,66.0,15.299999999999999,69
8,88,0,5,8,85.0,14.4,88
5,78,1,8,2,62.0,6.0,78
1,84,0,9,9,62.0,1.9,84
7,71,1,6,1,62.0,7.700000000000001,71
5,40,1,7,5,26.0,7.5,40
6,77,0,6,4,66.0,8.399999999999999,77
7,52,0,6,3,43.0,9.1,52
3,50,1,5,5,30.0,4.5,50
3,49,0,7,5,25.0,4.5,49
5,87,1,9,2,77.0,6.0,87
6,98,0,5,1,88.0,6.6000000000000005,98
9,65,1,4,8,62.0,16.2,65
5,95,1,5,7,82.0,8.5,95
1,94,1,9,3,73.0,1.3,94
4,59,0,8,5,44.0,6.0,59
5,56,1,5,2,40.0,6.0,56
5,56,1,4,7,39.0,8.5,56
7,43,0,5,2,34.0,8.4,43
4,44,0,9,1,27.0,4.4,44
1,99,1,4,6,73.0,1.6,99
5,62,1,7,2,46.0,6.0,62
7,85,0,9,8,78.0,12.6,85
6,91,1,5,2,80.0,7.199999999999999,91
5,49,0,4,7,33.0,8.5,49
4,85,0,9,1,68.0,4.4,85
2,67,0,7,8,45.0,3.6,67
4,72,1,8,0,56.0,4.0,72
3,82,0,6,2,58.0,3.5999999999999996,82
1,65,1,4,1,37.0,1.1,65
8,94,1,8,6,88.0,12.8,94
5,89,0,7,4,75.0,7.0,89
4,87,0,8,7,70.0,6.8,87
8,68,0,5,1,62.0,8.8,68
7,66,0,6,7,57.0,11.9,66
2,57,1,4,6,32.0,3.2,57
1,79,1,9,4,53.0,1.4,79
4,99,0,7,1,82.0,4.4,99
8,49,1,6,9,41.0,15.2,49
2,97,0,7,6,75.0,3.2,97
3,81,1,8,9,63.0,5.699999999999999,81
1,44,1,7,3,17.0,1.3,44
1,49,1,7,3,24.0,1.3,49
3,89,0,8,7,69.0,5.1,89
5,60,1,8,5,47.0,7.5,60
3,63,1,6,8,43.0,5.4,63
1,77,1,4,1,48.0,1.1,77
1,42,1,8,4,17.0,1.4,42
8,79,0,6,5,75.0,12.0,79
2,70,1,7,7,54.0,3.4,70
3,80,0,7,3,59.0,3.9000000000000004,80
2,76,0,9,6,56.0,3.2,76
3,41,1,5,6,20.0,4.800000000000001,41
7,41,1,8,3,34.0,9.1,41
1,78,0,6,0,54.0,1.0,78
8,88,0,9,2,83.0,9.6,88
2,81,0,6,1,59.0,2.2,81
3,83,1,4,2,63.0,3.5999999999999996,83
9,73,1,9,4,72.0,12.6,73
7,81,0,6,0,70.0,7.0,81
4,59,0,8,4,41.0,5.6,59
5,72,0,6,1,54.0,5.5,72
2,43,1,5,3,21.0,2.6,43
8,84,1,7,5,83.0,12.0,84
4,83,0,7,8,64.0,7.2,83
9,50,1,9,9,51.0,17.099999999999998,50
5,81,0,6,5,66.0,7.5,81
9,86,1,6,9,83.0,17.099999999999998,86
4,44,0,6,1,26.0,4.4,44
5,64,1,6,7,49.0,8.5,64
9,88,1,5,4,85.0,12.6,88
8,99,1,8,8,95.0,14.4,99
3,76,1,5,9,56.0,5.699999999999999,76
1,73,1,5,8,50.0,1.8,73
3,48,1,5,3,23.0,3.9000000000000004,48
4,45,1,7,0,26.0,4.0,45
2,57,0,5,8,30.0,3.6,57
1,53,0,6,8,28.0,1.8,53
7,58,0,5,7,48.0,11.9,58
8,53,1,6,4,46.0,11.2,53
7,79,1,9,4,73.0,9.799999999999999,79
5,56,1,8,9,45.0,9.5,56
1,99,0,7,5,76.0,1.5,99
7,74,0,8,0,71.0,7.0,74
7,68,0,9,8,60.0,12.6,68
9,81,0,8,4,77.0,12.6,81
3,56,0,7,6,36.0,4.800000000000001,56
9,98,0,6,7,96.0,15.299999999999999,98
1,82,1,9,4,62.0,1.4,82
1,47,0,9,2,22.0,1.2,47
4,40,1,6,5,21.0,6.0,40
9,84,0,6,6,79.0,14.4,84
6,92,0,7,3,82.0,7.800000000000001,92
3,75,1,5,8,55.0,5.4,75
1,46,1,4,3,22.0,1.3,46
4,85,1,5,9,70.0,7.6,85
9,44,0,5,1,37.0,9.9,44
3,63,0,8,8,42.0,5.4,63
9,67,1,4,3,64.0,11.700000000000001,67
7,82,0,6,3,72.0,9.1,82
4,56,1,5,9,42.0,7.6,56
3,76,0,7,0,56.0,3.0,76
5,59,0,5,1,43.0,5.5,59
5,42,0,6,2,24.0,6.0,42
3,76,1,5,6,55.0,4.800000000000001,76
9,65,0,9,8,64.0,16.2,65
4,54,1,8,4,34.0,5.6,54
5,90,1,8,3,78.0,6.5,90
4,87,1,5,1,71.0,4.4,87
5,47,1,8,6,33.0,8.0,47
7,52,1,7,5,46.0,10.5,52
9,87,1,4,6,86.0,14.4,87
7,42,1,5,7,34.0,11.9,42
5,40,1,7,8,26.0,9.0,40
7,48,1,9,9,44.0,13.299999999999999,48
5,70,0,7,4,53.0,7.0,70
3,80,1,7,4,61.0,4.199999999999999,80
7,93,0,9,3,84.0,9.1,93
2,65,1,6,2,40.0,2.4,65
9,56,0,5,6,53.0,14.4,56
1,95,0,5,4,67.0,1.4,95
6,73,0,5,6,58.0,9.600000000000001,73
7,48,0,4,1,41.0,7.700000000000001,48
8,95,0,7,8,89.0,14.4,95
9,90,0,5,8,85.0,16.2,90
2,52,1,8,8,33.0,3.6,52
2,44,1,6,4,20.0,2.8,44
5,80,1,9,9,66.0,9.5,80
5,52,1,9,8,38.0,9.0,52
6,40,1,4,0,25.0,6.0,40
3,64,1,9,1,43.0,3.3000000000000003,64
8,86,0,6,9,79.0,15.2,86
1,43,1,7,4,16.0,1.4,43
6,75,0,9,4,67.0,8.399999999999999,75
4,91,0,9,5,80.0,6.0,91
1,49,0,8,7,26.0,1.7,49
7,67,0,7,0,57.0,7.0,67
9,96,0,5,9,91.0,17.099999999999998,96
4,45,0,6,8,29.0,7.2,45
4,66,1,9,3,48.0,5.2,66
6,95,0,8,7,84.0,10.2,95
3,51,0,6,4,33.0,4.199999999999999,51
6,91,1,4,0,82.0,6.0,91
7,87,1,8,8,81.0,12.6,87
3,42,1,4,7,24.0,5.1,42
7,85,1,9,4,81.0,9.799999999999999,85
3,72,1,8,3,54.0,3.9000000000000004,72
2,49,1,5,7,25.0,3.4,49
4,70,1,6,8,53.0,7.2,70
8,54,0,6,6,48.0,12.8,54
9,46,1,7,3,40.0,11.700000000000001,46
7,75,0,8,6,66.0,11.200000000000001,75
1,53,1,8,5,29.0,1.5,53
3,95,1,4,2,73.0,3.5999999999999996,95
9,87,0,8,9,89.0,17.099999999999998,87
1,53,1,6,2,27.0,1.2,53
9,42,1,8,0,40.0,9.0,42
8,88,1,7,4,83.0,11.2,88
1,92,1,7,7,69.0,1.7,92
6,85,1,6,5,72.0,9.0,85
5,89,1,6,7,77.0,8.5,89
6,42,1,6,6,32.0,9.600000000000001,42
5,61,0,8,1,49.0,5.5,61
6,58,1,8,7,44.0,10.2,58
5,74,0,5,3,57.0,6.5,74
5,51,0,9,4,34.0,7.0,51
4,93,0,9,7,76.0,6.8,93
3,44,0,4,4,22.0,4.199999999999999,44
3,49,0,8,4,30.0,4.199999999999999,49
4,80,0,5,5,67.0,6.0,80
9,72,0,5,6,71.0,14.4,72
2,52,1,7,8,29.0,3.6,52
9,74,1,8,6,74.0,14.4,74
1,90,1,5,5,67.0,1.5,90
1,71,0,7,9,46.0,1.9,71
5,50,1,4,3,34.0,6.5,50
6,87,0,7,9,76.0,11.399999999999999,87
6,77,0,4,1,64.0,6.6000000000000005,77
3,63,1,9,8,46.0,5.4,63
7,74,0,9,9,68.0,13.299999999999999,74
9,58,0,6,4,58.0,12.6,58
8,45,1,6,4,41.0,11.2,45
6,79,0,7,2,64.0,7.199999999999999,79
8,93,1,6,2,84.0,9.6,93
5,84,0,8,0,70.0,5.0,84
8,83,0,7,4,77.0,11.2,83
4,81,1,5,2,60.0,4.8,81
8,74,1,8,1,65.0,8.8,74
2,43,1,7,8,21.0,3.6,43
5,72,0,9,9,60.0,9.5,72
9,52,0,4,5,48.0,13.5,52
4,95,1,6,2,77.0,4.8,95
6,75,1,6,6,63.0,9.600000000000001,75
1,93,1,6,8,68.0,1.8,93
9,82,0,7,8,81.0,16.2,82
1,58,0,8,0,29.0,1.0,58
5,82,1,4,1,66.0,5.5,82
4,51,1,6,7,36.0,6.8,51
3,50,1,8,0,29.0,3.0,50
6,45,0,5,2,32.0,7.199999999999999,45
2,51,1,9,6,31.0,3.2,51
3,66,1,5,7,45.0,5.1,66
5,80,1,4,4,65.0,7.0,80
9,64,0,6,1,57.0,9.9,64
2,81,0,5,2,58.0,2.4,81
8,42,1,9,8,38.0,14.4,42
2,42,0,8,9,22.0,3.8,42
5,59,1,8,6,48.0,8.0,59
7,67,1,5,0,59.0,7.0,67
8,62,1,6,2,58.0,9.6,62
1,87,1,9,8,62.0,1.8,87
6,42,0,4,6,30.0,9.600000000000001,42
1,81,1,6,1,56.0,1.1,81
2,63,1,7,5,40.0,3.0,63
1,82,0,5,8,59.0,1.8,82
5,79,1,7,3,65.0,6.5,79
9,45,0,5,9,43.0,17.099999999999998,45
6,59,1,4,1,48.0,6.6000000000000005,59
1,50,1,6,2,24.0,1.2,50
1,71,1,9,6,51.0,1.6,71
2,99,1,6,3,81.0,2.6,99
9,66,0,5,6,62.0,14.4,66
3,60,1,8,4,43.0,4.199999999999999,60
1,83,0,7,7,63.0,1.7,83
5,87,0,9,7,73.0,8.5,87
7,89,0,9,4,76.0,9.799999999999999,89
6,52,1,6,6,43.0,9.600000000000001,52
1,61,0,6,5,34.0,1.5,61
5,74,0,5,7,57.0,8.5,74
5,86,0,8,8,72.0,9.0,86
6,61,1,7,4,47.0,8.399999999999999,61
3,67,1,8,6,52.0,4.800000000000001,67
5,60,0,9,0,49.0,5.0,60
7,85,0,8,7,77.0,11.9,85
5,57,1,5,2,41.0,6.0,57
5,70,0,8,0,56.0,5.0,70
5,99,0,7,5,89.0,7.5,99
3,85,0,9,7,65.0,5.1,85
1,76,1,4,2,49.0,1.2,76
5,60,0,9,0,48.0,5.0,60
9,53,0,4,2,47.0,10.799999999999999,53
1,64,1,7,4,37.0,1.4,64
3,66,0,9,7,48.0,5.1,66
4,79,1,9,8,61.0,7.2,79
1,99,1,9,8,77.0,1.8,99
1,99,1,9,3,75.0,1.3,99
8,62,0,5,7,57.0,13.6,62
2,70,0,6,4,45.0,2.8,70
8,86,0,9,2,82.0,9.6,86
7,99,0,5,4,90.0,9.799999999999999,99
2,68,0,7,1,42.0,2.2,68
6,86,0,9,5,74.0,9.0,86
6,69,0,8,0,60.0,6.0,69
3,90,0,9,5,73.0,4.5,90
2,65,1,9,4,40.0,2.8,65
1,59,0,4,8,32.0,1.8,59
6,77,0,8,6,67.0,9.600000000000001,77
5,58,1,9,5,46.0,7.5,58
9,66,0,9,6,65.0,14.4,66
1,64,1,9,9,42.0,1.9,64
7,79,0,5,4,69.0,9.799999999999999,79
5,77,0,7,0,62.0,5.0,77
5,91,1,4,8,75.0,9.0,91
2,62,1,9,4,40.0,2.8,62
3,68,0,7,3,43.0,3.9000000000000004,68
7,54,1,4,5,42.0,10.5,54
6,98,0,4,4,84.0,8.399999999999999,98
2,42,0,4,0,15.0,2.0,42
6,49,0,9,1,39.0,6.6000000000000005,49
2,54,0,5,3,26.0,2.6,54
2,95,0,9,7,73.0,3.4,95
2,55,0,9,4,34.0,2.8,55
3,56,1,7,6,34.0,4.800000000000001,56
2,58,1,6,1,37.0,2.2,58
4,50,1,6,7,34.0,6.8,50
9,87,0,6,4,85.0,12.6,87
6,44,1,7,3,31.0,7.800000000000001,44
1,44,0,8,8,18.0,1.8,44
8,97,1,7,5,92.0,12.0,97
7,53,0,4,3,44.0,9.1,53
3,89,0,9,7,72.0,5.1,89
1,65,0,8,2,40.0,1.2,65
5,47,0,4,9,31.0,9.5,47
4,44,0,9,1,25.0,4.4,44
8,46,1,9,6,44.0,12.8,46
1,55,0,4,3,27.0,1.3,55
1,94,1,7,3,66.0,1.3,94
4,53,0,6,9,34.0,7.6,53
8,76,0,8,8,70.0,14.4,76
5,95,0,9,1,81.0,5.5,95
2,80,1,5,0,56.0,2.0,80
6,43,0,9,6,30.0,9.600000000000001,43
5,75,1,6,7,60.0,8.5,75
2,87,0,9,2,64.0,2.4,87
3,95,1,5,1,74.0,3.3000000000000003,95
9,56,1,7,3,52.0,11.700000000000001,56
7,86,1,9,1,84.0,7.700000000000001,86
7,75,0,8,1,66.0,7.700000000000001,75
6,45,0,7,4,32.0,8.399999999999999,45
8,55,1,5,9,47.0,15.2,55
4,68,0,4,4,51.0,5.6,68
8,75,0,9,7,67.0,13.6,75
4,77,0,7,8,57.0,7.2,77
8,76,1,9,1,71.0,8.8,76
9,87,1,8,0,86.0,9.0,87
3,96,0,9,2,77.0,3.5999999999999996,96
3,87,1,7,5,72.0,4.5,87
2,49,0,6,4,24.0,2.8,49
3,80,0,7,7,60.0,5.1,80
3,75,1,5,7,55.0,5.1,75
5,68,1,7,1,54.0,5.5,68
5,53,0,8,8,39.0,9.0,53
2,43,0,7,3,19.0,2.6,43
6,83,0,7,0,68.0,6.0,83
5,95,1,8,1,83.0,5.5,95
6,81,1,7,5,72.0,9.0,81
1,75,0,8,4,49.0,1.4,75
5,89,0,5,6,74.0,8.0,89
9,84,1,8,8,86.0,16.2,84
2,52,0,5,5,26.0,3.0,52
1,85,1,5,5,60.0,1.5,85
9,57,1,8,1,54.0,9.9,57
9,72,0,7,6,73.0,14.4,72
9,60,0,9,1,61.0,9.9,60
6,55,1,6,6,45.0,9.600000000000001,55
8,54,0,9,7,57.0,13.6,54
1,93,1,8,0,68.0,1.0,93
4,96,1,7,8,72.0,7.2,96
1,44,1,5,7,17.0,1.7,44
8,45,0,4,8,37.0,14.4,45
1,77,0,6,4,54.0,1.4,77
3,42,0,9,3,22.0,3.9000000000000004,42
4,87,1,7,0,73.0,4.0,87
8,51,1,6,8,47.0,14.4,51
6,75,1,4,3,63.0,7.800000000000001,75
7,72,1,4,3,63.0,9.1,72
8,75,0,4,3,68.0,10.4,75
2,72,0,9,1,52.0,2.2,72
8,70,0,8,3,64.0,10.4,70
3,60,1,6,1,38.0,3.3000000000000003,60
7,66,1,8,7,60.0,11.9,66
3,66,0,4,6,45.0,4.800000000000001,66
7,47,1,7,9,39.0,13.299999999999999,47
2,95,0,4,1,75.0,2.2,95
6,76,1,8,1,67.0,6.6000000000000005,76
3,71,1,4,1,48.0,3.3000000000000003,71
3,65,1,4,0,44.0,3.0,65
9,41,1,8,5,37.0,13.5,41
7,51,1,8,5,41.0,10.5,51
5,61,0,7,0,47.0,5.0,61
7,56,0,8,0,45.0,7.0,56
9,46,0,7,5,43.0,13.5,46
1,82,1,5,5,54.0,1.5,82
7,43,0,5,3,32.0,9.1,43
6,76,0,8,2,64.0,7.199999999999999,76
9,77,1,4,8,74.0,16.2,77
1,71,1,6,5,50.0,1.5,71
4,50,0,4,0,33.0,4.0,50
9,40,0,8,2,36.0,10.799999999999999,40
4,64,0,7,0,45.0,4.0,64
3,81,0,4,2,58.0,3.5999999999999996,81
9,91,0,5,1,85.0,9.9,91
2,63,1,9,4,41.0,2.8,63
4,92,0,8,2,78.0,4.8,92
6,82,0,4,6,63.0,9.600000000000001,82
2,95,0,9,7,76.0,3.4,95
8,56,0,4,6,51.0,12.8,56
8,47,0,7,1,36.0,8.8,47
1,98,0,7,9,74.0,1.9,98
3,84,1,7,9,65.0,5.699999999999999,84
9,66,1,9,6,65.0,14.4,66
5,91,1,6,9,79.0,9.5,91
6,57,0,9,2,46.0,7.199999999999999,57
4,66,0,8,6,47.0,6.4,66
2,61,1,8,0,42.0,2.0,61
8,55,0,5,1,46.0,8.8,55
6,41,0,5,9,34.0,11.399999999999999,41
5,44,0,8,0,27.0,5.0,44
9,57,1,4,8,52.0,16.2,57
1,42,1,8,1,17.0,1.1,42
5,66,1,6,1,53.0,5.5,66
6,93,0,5,5,84.0,9.0,93
5,56,1,5,6,39.0,8.0,56
6,55,1,9,1,44.0,6.6000000000000005,55
6,45,1,5,3,36.0,7.800000000000001,45
7,90,0,8,2,81.0,8.4,90
4,46,1,5,4,30.0,5.6,46
8,89,1,5,8,80.0,14.4,89
7,53,0,9,1,41.0,7.700000000000001,53
9,77,1,8,4,77.0,12.6,77
7,79,0,4,7,69.0,11.9,79
3,54,0,5,5,34.0,4.5,54
3,86,1,5,3,64.0,3.9000000000000004,86
8,86,1,5,9,78.0,15.2,86
5,87,1,6,7,74.0,8.5,87
4,72,0,8,2,52.0,4.8,72
8,82,1,5,3,76.0,10.4,82
6,66,1,6,8,53.0,10.8,66
2,68,1,4,4,46.0,2.8,68
4,96,0,4,5,77.0,6.0,96
4,76,0,9,1,59.0,4.4,76
6,44,0,9,8,35.0,10.8,44
6,68,1,9,7,61.0,10.2,68
1,71,1,6,6,46.0,1.6,71
8,99,0,4,8,97.0,14.4,99
6,92,1,9,4,86.0,8.399999999999999,92
3,45,1,7,4,24.0,4.199999999999999,45
9,41,0,9,8,37.0,16.2,41
2,45,0,4,4,18.0,2.8,45
8,85,0,7,8,84.0,14.4,85
3,82,1,6,0,59.0,3.0,82
5,43,1,7,9,29.0,9.5,43
6,95,1,4,9,84.0,11.399999999999999,95
6,68,0,5,7,60.0,10.2,68
4,98,0,7,2,78.0,4.8,98
3,64,1,4,7,46.0,5.1,64
4,48,0,9,4,31.0,5.6,48
1,95,0,5,1,68.0,1.1,95
4,42,1,6,8,25.0,7.2,42
1,65,0,6,3,37.0,1.3,65
1,87,1,8,6,62.0,1.6,87
6,82,0,6,7,69.0,10.2,82
5,66,1,8,6,50.0,8.0,66
4,75,0,6,5,55.0,6.0,75
3,71,1,6,6,54.0,4.800000000000001,71
1,40,0,6,3,12.0,1.3,40
6,96,0,8,9,88.0,11.399999999999999,96
2,92,0,9,0,69.0,2.0,92
8,93,0,8,4,88.0,11.2,93
5,55,0,7,7,41.0,8.5,55
7,90,1,4,9,83.0,13.299999999999999,90
2,87,1,4,5,62.0,3.0,87
8,50,1,9,4,45.0,11.2,50
2,65,0,4,1,42.0,2.2,65
4,79,1,6,9,65.0,7.6,79
1,94,0,9,4,73.0,1.4,94
5,40,0,4,9,23.0,9.5,40
9,65,1,8,2,61.0,10.799999999999999,65
1,67,1,7,1,41.0,1.1,67
9,92,0,5,2,85.0,10.799999999999999,92
8,97,0,7,3,93.0,10.4,97
6,48,1,4,1,35.0,6.6000000000000005,48
7,99,1,9,3,92.0,9.1,99
3,98,0,4,3,79.0,3.9000000000000004,98
1,83,0,8,5,57.0,1.5,83
5,61,1,7,4,49.0,7.0,61
2,47,0,8,6,28.0,3.2,47
5,97,0,8,6,85.0,8.0,97
8,88,1,5,2,82.0,9.6,88
9,81,1,8,8,80.0,16.2,81
2,66,0,8,6,41.0,3.2,66
3,78,0,5,6,57.0,4.800000000000001,78
3,58,1,6,1,41.0,3.3000000000000003,58
1,64,0,6,9,43.0,1.9,64
8,77,1,9,2,73.0,9.6,77
6,60,0,5,2,46.0,7.199999999999999,60
8,63,1,9,5,61.0,12.0,63
9,63,0,9,3,61.0,11.700000000000001,63
5,99,0,8,3,87.0,6.5,99
3,99,0,9,0,78.0,3.0,99
5,58,1,4,5,43.0,7.5,58
5,89,1,7,7,75.0,8.5,89
5,86,1,4,7,72.0,8.5,86
3,41,0,4,7,18.0,5.1,41
4,53,0,8,4,36.0,5.6,53
9,92,1,7,9,92.0,17.099999999999998,92
9,71,1,9,5,71.0,13.5,71
2,81,0,7,4,58.0,2.8,81
8,71,0,9,3,69.0,10.4,71
8,67,0,6,3,58.0,10.4,67
7,87,0,5,3,74.0,9.1,87
8,78,1,8,3,72.0,10.4,78
3,79,1,9,5,61.0,4.5,79
6,81,0,9,5,74.0,9.0,81
1,86,0,7,4,60.0,1.4,86
7,79,0,8,8,70.0,12.6,79
1,52,1,9,7,27.0,1.7,52
9,51,1,6,9,49.0,17.099999999999998,51
1,47,0,4,5,17.0,1.5,47
1,54,0,9,8,34.0,1.8,54
7,65,0,7,4,51.0,9.799999999999999,65
2,51,0,6,9,27.0,3.8,51
5,82,0,8,3,67.0,6.5,82
8,90,0,9,5,84.0,12.0,90
8,85,1,6,3,81.0,10.4,85
3,66,1,6,7,45.0,5.1,66
7,57,1,6,6,50.0,11.200000000000001,57
3,84,0,6,4,67.0,4.199999999999999,84
6,75,0,6,9,67.0,11.399999999999999,75
6,88,0,6,5,77.0,9.0,88
3,90,1,5,6,70.0,4.800000000000001,90
7,66,0,8,1,59.0,7.700000000000001,66
3,48,1,4,8,27.0,5.4,48
8,94,0,8,6,88.0,12.8,94
4,78,0,7,7,60.0,6.8,78
1,40,0,7,4,14.0,1.4,40
4,46,1,8,2,27.0,4.8,46
7,65,1,6,1,54.0,7.700000000000001,65
4,46,1,5,1,32.0,4.4,46
6,91,0,4,2,79.0,7.199999999999999,91
9,46,1,9,0,44.0,9.0,46
1,47,0,9,0,20.0,1.0,47
5,55,0,6,6,42.0,8.0,55
7,42,1,8,9,33.0,13.299999999999999,42
1,84,1,9,7,58.0,1.7,84
4,49,0,8,5,31.0,6.0,49
6,89,0,5,6,75.0,9.600000000000001,89
2,46,0,5,0,22.0,2.0,46
5,60,0,8,0,46.0,5.0,60
1,92,1,6,8,68.0,1.8,92
6,76,1,6,4,66.0,8.399999999999999,76
6,70,1,6,6,60.0,9.600000000000001,70
4,62,0,9,5,44.0,6.0,62
8,96,0,4,3,90.0,10.4,96
4,66,0,4,0,47.0,4.0,66
8,95,1,6,3,88.0,10.4,95
8,61,0,8,9,56.0,15.2,61
5,78,0,5,9,66.0,9.5,78
4,96,1,7,7,78.0,6.8,96
2,66,1,5,0,43.0,2.0,66
3,93,0,5,1,72.0,3.3000000000000003,93
3,88,1,7,7,69.0,5.1,88
4,43,0,6,1,24.0,4.4,43
4,63,1,5,9,47.0,7.6,63
5,62,0,7,8,45.0,9.0,62
4,87,1,9,2,72.0,4.8,87
8,58,1,8,2,51.0,9.6,58
6,81,1,8,5,73.0,9.0,81
6,42,1,8,2,28.0,7.199999999999999,42
8,66,0,6,8,56.0,14.4,66
7,42,0,5,7,29.0,11.9,42
8,67,1,5,3,60.0,10.4,67
2,56,0,4,5,28.0,3.0,56
9,70,1,8,7,66.0,15.299999999999999,70
1,49,1,6,3,21.0,1.3,49
8,88,0,7,4,84.0,11.2,88
4,61,0,6,6,42.0,6.4,61
4,69,0,5,7,51.0,6.8,69
5,88,0,8,6,74.0,8.0,88
8,60,0,4,7,50.0,13.6,60
5,75,0,9,3,62.0,6.5,75
8,92,0,6,0,90.0,8.0,92
1,62,1,4,5,32.0,1.5,62
9,77,0,5,4,71.0,12.6,77
6,51,1,7,3,37.0,7.800000000000001,51
3,64,0,6,1,42.0,3.3000000000000003,64
8,93,0,9,0,85.0,8.0,93
9,96,1,5,8,96.0,16.2,96
6,59,1,8,1,51.0,6.6000000000000005,59
7,88,1,6,8,82.0,12.6,88
1,88,1,4,5,64.0,1.5,88
5,81,0,6,5,67.0,7.5,81
5,46,0,5,1,32.0,5.5,46
4,68,1,5,5,50.0,6.0,68
6,87,1,4,2,73.0,7.199999999999999,87
7,68,0,9,6,62.0,11.200000000000001,68
9,52,0,5,9,48.0,17.099999999999998,52
1,42,1,6,3,20.0,1.3,42
6,41,0,9,8,33.0,10.8,41
7,55,0,4,4,43.0,9.799999999999999,55
3,69,1,5,9,49.0,5.699999999999999,69
8,77,1,5,2,70.0,9.6,77
5,45,1,6,0,28.0,5.0,45
9,84,1,5,0,82.0,9.0,84
5,46,0,6,3,29.0,6.5,46
9,44,1,8,9,42.0,17.099999999999998,44
4,95,0,9,9,79.0,7.6,95
9,46,0,6,3,41.0,11.700000000000001,46
5,73,0,7,8,61.0,9.0,73
9,71,0,5,7,69.0,15.299999999999999,71
3,88,1,8,3,68.0,3.9000000000000004,88
4,52,0,9,5,38.0,6.0,52
9,69,1,4,6,67.0,14.4,69
6,64,0,7,9,54.0,11.399999999999999,64
2,60,1,4,7,39.0,3.4,60
7,99,0,7,3,93.0,9.1,99
2,98,0,8,0,76.0,2.0,98
2,60,1,9,4,39.0,2.8,60
1,67,1,8,0,38.0,1.0,67
3,87,1,8,3,69.0,3.9000000000000004,87
6,97,1,7,6,88.0,9.600000000000001,97
8,59,0,6,6,54.0,12.8,59
9,73,0,9,0,68.0,9.0,73
7,44,0,4,8,33.0,12.6,44
4,57,0,6,1,40.0,4.4,57
6,99,0,6,4,87.0,8.399999999999999,99
5,78,1,5,5,64.0,7.5,78
8,82,1,4,0,70.0,8.0,82
1,96,0,7,1,70.0,1.1,96
1,96,1,5,6,72.0,1.6,96
6,50,0,5,5,38.0,9.0,50
2,93,0,8,5,71.0,3.0,93
5,56,1,7,5,40.0,7.5,56
1,87,0,6,6,58.0,1.6,87
7,84,1,9,9,77.0,13.299999999999999,84
1,61,0,6,8,38.0,1.8,61
4,76,1,6,8,60.0,7.2,76
9,59,0,8,1,57.0,9.9,59
1,87,0,6,1,63.0,1.1,87
4,99,1,4,4,82.0,5.6,99
6,93,0,6,9,84.0,11.399999999999999,93
6,93,0,6,6,84.0,9.600000000000001,93
8,87,1,4,2,77.0,9.6,87
1,87,1,8,2,61.0,1.2,87
7,85,1,5,3,73.0,9.1,85
1,45,0,7,2,15.0,1.2,45
7,73,1,8,2,64.0,8.4,73
3,53,1,6,7,33.0,5.1,53
8,87,1,5,6,78.0,12.8,87
3,62,0,7,6,43.0,4.800000000000001,62
1,59,1,7,9,34.0,1.9,59
8,52,0,7,1,48.0,8.8,52
3,86,0,4,8,66.0,5.4,86
2,83,1,4,5,60.0,3.0,83
1,80,0,5,2,53.0,1.2,80
3,71,0,6,8,51.0,5.4,71
2,65,0,5,8,43.0,3.6,65
2,89,0,6,5,68.0,3.0,89
6,92,0,8,9,80.0,11.399999999999999,92
1,53,1,7,5,26.0,1.5,53
2,91,1,7,7,70.0,3.4,91
6,96,1,4,7,85.0,10.2,96
3,75,0,8,5,57.0,4.5,75
4,47,1,9,6,30.0,6.4,47
1,79,0,8,3,56.0,1.3,79
8,61,0,6,0,53.0,8.0,61
7,61,0,8,3,52.0,9.1,61
7,55,0,4,7,47.0,11.9,55
3,66,1,6,7,48.0,5.1,66
3,95,0,5,1,78.0,3.3000000000000003,95
2,99,1,6,6,79.0,3.2,99
1,99,1,5,0,75.0,1.0,99
7,49,0,9,1,40.0,7.700000000000001,49
7,64,1,6,7,59.0,11.9,64
2,70,1,7,9,49.0,3.8,70
7,60,1,9,3,48.0,9.1,60
8,66,0,5,2,60.0,9.6,66
1,56,0,4,1,29.0,1.1,56
9,72,0,9,5,68.0,13.5,72
7,70,1,9,3,63.0,9.1,70
3,89,1,9,2,71.0,3.5999999999999996,89
8,81,0,5,2,76.0,9.6,81
7,65,0,5,9,57.0,13.299999999999999,65
8,60,1,6,2,54.0,9.6,60
6,75,0,7,7,61.0,10.2,75
9,40,0,9,8,34.0,16.2,40
5,43,1,6,8,32.0,9.0,43
3,43,1,6,4,23.0,4.199999999999999,43
3,65,0,7,0,44.0,3.0,65
1,43,0,6,9,18.0,1.9,43
8,88,0,7,4,82.0,11.2,88
2,48,0,4,0,18.0,2.0,48
3,69,1,7,8,52.0,5.4,69
8,90,0,8,9,88.0,15.2,90
8,84,0,7,7,78.0,13.6,84
4,43,1,7,6,26.0,6.4,43
4,44,1,8,1,26.0,4.4,44
5,84,1,7,1,74.0,5.5,84
6,62,1,5,3,52.0,7.800000000000001,62
5,55,1,6,8,40.0,9.0,55
7,61,1,6,8,54.0,12.6,61
2,76,1,4,7,51.0,3.4,76
7,47,0,4,4,35.0,9.799999999999999,47
7,87,0,8,6,79.0,11.200000000000001,87
1,72,1,5,8,45.0,1.8,72
7,94,0,4,2,81.0,8.4,94
5,99,0,6,3,87.0,6.5,99
3,77,1,4,1,56.0,3.3000000000000003,77
3,82,1,4,8,65.0,5.4,82
4,55,1,7,6,38.0,6.4,55
2,44,1,4,5,17.0,3.0,44
2,55,1,8,4,35.0,2.8,55
1,46,0,6,6,20.0,1.6,46
5,90,0,8,2,75.0,6.0,90
4,40,1,8,4,26.0,5.6,40
2,48,1,9,1,23.0,2.2,48
3,57,0,5,4,38.0,4.199999999999999,57
7,84,0,9,6,78.0,11.200000000000001,84
7,97,0,9,9,91.0,13.299999999999999,97
4,86,1,7,6,67.0,6.4,86
5,42,1,8,8,31.0,9.0,42
5,63,0,5,2,49.0,6.0,63
6,67,1,6,7,57.0,10.2,67
9,49,0,6,4,45.0,12.6,49
2,48,1,5,6,22.0,3.2,48
5,52,1,8,0,35.0,5.0,52
3,87,0,8,0,65.0,3.0,87
4,74,0,7,3,53.0,5.2,74
6,93,1,7,4,79.0,8.399999999999999,93
8,62,0,9,9,57.0,15.2,62
1,86,1,6,2,58.0,1.2,86
8,56,0,7,5,50.0,12.0,56
7,85,0,5,2,75.0,8.4,85
1,46,1,6,4,17.0,1.4,46
2,91,1,8,0,70.0,2.0,91
3,55,1,6,2,36.0,3.5999999999999996,55
1,92,0,4,6,61.0,1.6,92
9,79,0,6,2,78.0,10.799999999999999,79
8,75,1,7,4,71.0,11.2,75
2,59,0,5,6,36.0,3.2,59
9,63,1,8,1,63.0,9.9,63
7,86,1,8,2,78.0,8.4,86
9,44,1,7,3,39.0,11.700000000000001,44
6,84,1,7,4,70.0,8.399999999999999,84
6,45,1,7,8,34.0,10.8,45
4,67,0,4,8,49.0,7.2,67
2,98,0,5,3,71.0,2.6,98
7,44,1,4,8,34.0,12.6,44
5,88,0,7,3,77.0,6.5,88
6,78,1,5,1,67.0,6.6000000000000005,78
2,77,0,7,9,52.0,3.8,77
5,41,0,5,0,25.0,5.0,41
4,82,1,8,6,68.0,6.4,82
9,78,0,4,3,76.0,11.700000000000001,78
6,93,1,9,7,85.0,10.2,93
2,60,0,7,7,40.0,3.4,60
1,79,1,7,7,56.0,1.7,79
5,76,1,6,5,62.0,7.5,76
9,98,1,9,8,99.0,16.2,98
6,57,1,8,3,46.0,7.800000000000001,57
7,93,1,7,4,86.0,9.799999999999999,93
5,87,1,4,3,73.0,6.5,87
6,85,0,8,4,74.0,8.399999999999999,85
5,51,1,7,1,37.0,5.5,51
9,56,0,4,4,50.0,12.6,56
6,76,1,6,9,65.0,11.399999999999999,76
8,85,0,6,7,79.0,13.6,85
2,77,1,4,8,53.0,3.6,77
9,54,1,8,6,55.0,14.4,54
5,46,0,4,6,31.0,8.0,46
7,53,1,9,5,47.0,10.5,53
1,89,1,4,1,63.0,1.1,89
5,40,1,6,9,27.0,9.5,40
2,77,1,6,9,53.0,3.8,77
6,42,0,6,8,33.0,10.8,42
1,76,1,9,4,56.0,1.4,76
3,83,0,7,5,65.0,4.5,83
5,70,1,9,0,55.0,5.0,70
4,82,1,7,4,67.0,5.6,82
3,52,1,9,5,32.0,4.5,52
5,87,1,5,9,73.0,9.5,87
8,57,0,7,1,45.0,8.8,57
4,56,1,8,6,43.0,6.4,56
1,56,1,8,3,32.0,1.3,56
7,50,1,6,4,42.0,9.799999999999999,50
8,59,0,9,2,55.0,9.6,59
3,49,0,4,4,28.0,4.199999999999999,49
6,68,0,6,3,58.0,7.800000000000001,68
2,87,0,4,9,67.0,3.8,87
7,73,1,9,5,66.0,10.5,73
8,56,1,6,1,46.0,8.8,56
6,93,0,6,2,79.0,7.199999999999999,93
6,91,1,8,9,83.0,11.399999999999999,91
5,81,1,4,0,63.0,5.0,81
8,52,0,5,6,45.0,12.8,52
1,83,1,5,8,63.0,1.8,83
4,86,0,6,1,70.0,4.4,86
4,78,0,9,6,58.0,6.4,78
3,66,0,6,2,50.0,3.5999999999999996,66
3,93,0,8,4,77.0,4.199999999999999,93
4,92,0,4,5,75.0,6.0,92
1,65,0,6,7,40.0,1.7,65
2,67,1,9,3,43.0,2.6,67
9,52,1,5,1,47.0,9.9,52
2,51,1,4,2,22.0,2.4,51
5,83,0,6,7,71.0,8.5,83
9,67,0,4,6,63.0,14.4,67
9,41,0,8,5,37.0,13.5,41
8,76,1,5,4,72.0,11.2,76
1,96,1,9,4,73.0,1.4,96
1,96,0,4,0,72.0,1.0,96
9,73,0,5,5,68.0,13.5,73
8,62,0,6,8,59.0,14.4,62
9,97,0,9,7,97.0,15.299999999999999,97
7,91,0,9,9,83.0,13.299999999999999,91
3,84,1,7,0,65.0,3.0,84
3,68,0,4,5,47.0,4.5,68
2,74,0,5,2,51.0,2.4,74
5,50,0,4,5,32.0,7.5,50
3,87,0,6,8,63.0,5.4,87
6,72,1,6,5,60.0,9.0,72
2,90,0,9,7,70.0,3.4,90
3,50,0,9,5,32.0,4.5,50
5,48,0,5,5,32.0,7.5,48
1,53,1,8,6,29.0,1.6,53
1,48,0,4,9,21.0,1.9,48
9,78,1,4,3,74.0,11.700000000000001,78
7,87,0,6,7,81.0,11.9,87
1,42,0,4,3,11.0,1.3,42
8,68,0,5,6,65.0,12.8,68
3,58,0,7,0,37.0,3.0,58
8,75,0,9,8,75.0,14.4,75
5,71,0,6,9,61.0,9.5,71
1,46,0,9,8,17.0,1.8,46
7,94,0,9,6,87.0,11.200000000000001,94
5,67,0,9,7,52.0,8.5,67
6,83,1,7,1,71.0,6.6000000000000005,83
6,57,1,4,9,46.0,11.399999999999999,57
8,99,1,8,9,99.0,15.2,99
9,44,1,9,6,40.0,14.4,44
2,62,0,5,0,42.0,2.0,62
9,94,0,9,2,91.0,10.799999999999999,94
9,61,1,9,5,57.0,13.5,61
7,65,1,4,4,58.0,9.799999999999999,65
1,81,1,5,4,55.0,1.4,81
7,51,1,4,8,46.0,12.6,51
5,79,0,9,5,64.0,7.5,79
6,58,1,4,2,45.0,7.199999999999999,58
7,86,0,4,1,78.0,7.700000000000001,86
5,40,0,6,8,24.0,9.0,40
7,42,0,7,9,36.0,13.299999999999999,42
9,66,1,8,3,65.0,11.700000000000001,66
3,57,1,7,4,35.0,4.199999999999999,57
8,89,0,7,8,87.0,14.4,89
2,69,1,5,4,45.0,2.8,69
7,41,1,6,6,35.0,11.200000000000001,41
2,44,0,6,1,18.0,2.2,44
4,68,0,4,1,46.0,4.4,68
7,72,1,7,3,63.0,9.1,72
3,81,0,8,7,62.0,5.1,81
2,59,1,5,1,35.0,2.2,59
7,69,1,6,9,63.0,13.299999999999999,69
1,81,0,4,6,58.0,1.6,81
8,44,0,8,0,37.0,8.0,44
3,89,1,7,8,74.0,5.4,89
2,60,0,8,9,40.0,3.8,60
3,97,1,6,5,78.0,4.5,97
5,54,0,5,0,38.0,5.0,54
8,59,1,7,9,55.0,15.2,59
7,47,0,5,5,39.0,10.5,47
7,88,1,9,4,84.0,9.799999999999999,88
7,70,1,8,4,60.0,9.799999999999999,70
8,51,0,8,4,47.0,11.2,51
1,60,1,4,3,34.0,1.3,60
4,69,1,7,6,54.0,6.4,69
6,66,1,8,8,56.0,10.8,66
9,83,1,6,3,82.0,11.700000000000001,83
2,65,1,9,1,45.0,2.2,65
1,72,0,6,1,45.0,1.1,72
2,65,1,5,1,43.0,2.2,65
7,65,1,9,6,57.0,11.200000000000001,65
3,75,1,9,3,56.0,3.9000000000000004,75
2,79,0,6,3,56.0,2.6,79
7,40,0,8,0,30.0,7.0,40
2,98,1,6,3,75.0,2.6,98
3,54,1,7,5,33.0,4.5,54
7,89,0,5,1,80.0,7.700000000000001,89
4,40,0,9,3,27.0,5.2,40
1,50,1,7,6,26.0,1.6,50
5,94,0,8,8,81.0,9.0,94
9,41,1,8,1,41.0,9.9,41
8,40,1,6,7,34.0,13.6,40
9,70,1,4,5,68.0,13.5,70
9,83,0,9,7,83.0,15.299999999999999,83
7,55,1,9,1,44.0,7.700000000000001,55
4,93,1,4,0,75.0,4.0,93
5,61,0,8,6,52.0,8.0,61
1,81,1,8,8,56.0,1.8,81
1,57,1,9,8,37.0,1.8,57
3,86,1,5,1,67.0,3.3000000000000003,86
8,56,0,9,3,50.0,10.4,56
2,69,0,8,0,46.0,2.0,69
4,49,1,8,6,31.0,6.4,49
2,74,0,5,1,51.0,2.2,74
5,97,1,7,3,82.0,6.5,97
9,60,1,7,1,58.0,9.9,60
1,55,0,5,0,31.0,1.0,55
5,45,0,5,6,29.0,8.0,45
9,42,1,7,5,40.0,13.5,42
1,80,0,7,1,51.0,1.1,80
9,82,0,7,3,79.0,11.700000000000001,82
8,60,0,7,2,52.0,9.6,60
4,52,1,9,2,36.0,4.8,52
5,57,1,9,2,43.0,6.0,57
5,97,0,6,3,81.0,6.5,97
6,93,1,5,0,81.0,6.0,93
7,99,1,4,0,84.0,7.0,99
8,63,0,6,6,55.0,12.8,63
8,66,1,4,4,64.0,11.2,66
2,93,0,4,2,68.0,2.4,93
9,43,1,8,8,41.0,16.2,43
7,61,1,5,4,53.0,9.799999999999999,61
4,63,0,9,9,50.0,7.6,63
4,79,1,6,2,65.0,4.8,79
8,84,0,5,8,78.0,14.4,84
4,49,1,7,0,31.0,4.0,49
6,41,1,5,8,30.0,10.8,41
5,79,1,4,4,64.0,7.0,79
3,45,0,9,5,26.0,4.5,45
2,87,1,7,1,66.0,2.2,87
9,57,1,5,7,55.0,15.299999999999999,57
9,56,0,5,2,52.0,10.799999999999999,56
1,77,0,9,0,57.0,1.0,77
3,84,1,4,6,68.0,4.800000000000001,84
8,62,0,7,2,57.0,9.6,62
6,85,0,4,3,75.0,7.800000000000001,85
5,69,0,9,4,54.0,7.0,69
5,97,0,5,0,82.0,5.0,97
6,60,1,6,8,51.0,10.8,60
7,49,0,6,6,43.0,11.200000000000001,49
1,95,1,8,1,68.0,1.1,95
9,82,1,6,0,77.0,9.0,82
3,52,1,9,1,33.0,3.3000000000000003,52
4,51,0,9,2,37.0,4.8,51
1,48,0,9,2,23.0,1.2,48
3,43,1,7,7,26.0,5.1,43
2,78,1,8,4,56.0,2.8,78
2,63,0,7,8,42.0,3.6,63
1,93,0,6,2,65.0,1.2,93
8,73,1,6,5,66.0,12.0,73
3,78,0,5,3,57.0,3.9000000000000004,78
3,80,0,7,7,59.0,5.1,80
6,44,1,4,0,28.0,6.0,44
8,54,0,5,3,46.0,10.4,54
9,89,0,7,6,84.0,14.4,89
9,43,1,9,8,42.0,16.2,43
4,90,0,8,0,73.0,4.0,90
5,91,1,7,7,77.0,8.5,91
2,97,0,8,1,74.0,2.2,97
9,78,1,8,3,75.0,11.700000000000001,78
8,97,0,6,3,94.0,10.4,97
3,47,1,4,7,27.0,5.1,47
9,88,0,7,1,89.0,9.9,88
3,84,0,4,6,62.0,4.800000000000001,84
9,63,0,8,2,59.0,10.799999999999999,63
2,92,1,6,8,73.0,3.6,92
9,67,0,4,4,57.0,12.6,67
8,94,1,5,7,90.0,13.6,94
9,82,0,8,4,80.0,12.6,82
5,66,0,5,0,50.0,5.0,66
2,40,0,9,8,18.0,3.6,40
8,73,0,4,9,68.0,15.2,73
6,56,0,4,6,39.0,9.600000000000001,56
8,76,0,4,3,67.0,10.4,76
5,77,1,9,6,69.0,8.0,77
2,65,1,7,4,43.0,2.8,65
6,96,0,8,9,84.0,11.399999999999999,96
5,63,0,8,8,50.0,9.0,63
5,78,0,8,1,65.0,5.5,78
1,99,0,7,3,74.0,1.3,99
2,60,0,4,5,35.0,3.0,60
8,69,1,4,4,61.0,11.2,69
3,86,0,9,0,64.0,3.0,86
3,90,0,5,8,66.0,5.4,90
8,87,1,7,8,81.0,14.4,87
8,96,1,6,2,93.0,9.6,96
2,52,1,7,3,28.0,2.6,52
8,76,0,9,3,71.0,10.4,76
1,42,0,5,9,13.0,1.9,42
6,71,0,5,7,59.0,10.2,71
8,74,0,5,5,67.0,12.0,74
3,58,0,4,1,35.0,3.3000000000000003,58
8,53,1,6,3,46.0,10.4,53
1,87,0,5,0,59.0,1.0,87
9,61,0,8,2,57.0,10.799999999999999,61
9,56,0,4,3,51.0,11.700000000000001,56
5,98,1,6,7,80.0,8.5,98
4,43,0,8,2,22.0,4.8,43
6,84,0,6,4,71.0,8.399999999999999,84
7,79,0,9,0,73.0,7.0,79
5,58,0,6,3,40.0,6.5,58
9,76,1,8,1,75.0,9.9,76
3,41,1,7,3,24.0,3.9000000000000004,41
7,54,1,6,4,45.0,9.799999999999999,54
5,41,0,7,2,25.0,6.0,41
7,50,1,6,5,42.0,10.5,50
2,84,1,9,1,63.0,2.2,84
4,62,0,8,4,44.0,5.6,62
2,49,0,6,3,26.0,2.6,49
7,42,1,5,4,31.0,9.799999999999999,42
2,44,1,9,8,26.0,3.6,44
1,42,1,5,5,15.0,1.5,42
9,77,1,9,6,77.0,14.4,77
1,52,0,9,7,31.0,1.7,52
8,81,0,6,8,75.0,14.4,81
2,58,1,8,4,34.0,2.8,58
8,79,1,8,7,74.0,13.6,79
3,89,1,4,1,68.0,3.3000000000000003,89
6,74,0,8,9,64.0,11.399999999999999,74
3,63,0,7,8,43.0,5.4,63
7,63,0,6,1,54.0,7.700000000000001,63
9,56,1,5,4,53.0,12.6,56
2,79,0,8,5,56.0,3.0,79
5,49,1,5,3,34.0,6.5,49
6,41,1,4,7,27.0,10.2,41
4,83,0,6,9,66.0,7.6,83
4,62,1,8,2,41.0,4.8,62
4,45,0,5,4,25.0,5.6,45
2,41,0,9,1,20.0,2.2,41
4,60,1,8,2,45.0,4.8,60
1,94,1,4,7,70.0,1.7,94
6,95,0,9,4,86.0,8.399999999999999,95
1,74,0,5,2,46.0,1.2,74
6,88,0,5,4,73.0,8.399999999999999,88
1,68,0,6,8,42.0,1.8,68
6,46,0,6,2,27.0,7.199999999999999,46
8,68,0,5,9,64.0,15.2,68
2,92,0,9,6,71.0,3.2,92
2,76,1,6,7,56.0,3.4,76
4,62,0,5,4,43.0,5.6,62
3,72,1,9,2,50.0,3.5999999999999996,72
4,47,1,7,5,31.0,6.0,47
7,51,0,8,2,42.0,8.4,51
1,85,0,7,8,60.0,1.8,85
6,87,0,7,1,76.0,6.6000000000000005,87
3,49,0,8,2,28.0,3.5999999999999996,49
7,54,0,5,6,45.0,11.200000000000001,54
2,92,1,5,9,71.0,3.8,92
2,63,1,6,7,44.0,3.4,63
4,65,0,4,4,48.0,5.6,65
1,86,0,5,4,57.0,1.4,86
3,81,0,8,4,61.0,4.199999999999999,81
9,92,0,4,3,86.0,11.700000000000001,92
7,99,1,8,8,95.0,12.6,99
7,78,1,8,5,70.0,10.5,78
4,97,1,8,7,81.0,6.8,97
2,42,0,4,7,18.0,3.4,42
4,41,0,7,4,24.0,5.6,41
6,45,0,9,8,32.0,10.8,45
3,60,1,8,1,40.0,3.3000000000000003,60
1,48,1,6,7,25.0,1.7,48
8,49,1,5,2,41.0,9.6,49
5,75,0,9,6,66.0,8.0,75
5,98,1,5,8,83.0,9.0,98
4,42,0,5,4,22.0,5.6,42
6,80,1,4,7,70.0,10.2,80
3,63,0,6,3,42.0,3.9000000000000004,63
9,61,0,6,0,56.0,9.0,61
5,88,0,9,0,72.0,5.0,88
3,53,0,6,5,31.0,4.5,53
1,81,1,6,7,60.0,1.7,81
6,84,1,6,9,74.0,11.399999999999999,84
2,83,1,9,1,62.0,2.2,83
3,66,0,7,3,44.0,3.9000000000000004,66
1,72,1,6,2,46.0,1.2,72
9,99,0,6,8,96.0,16.2,99
8,61,1,4,2,51.0,9.6,61
2,68,1,4,7,43.0,3.4,68
8,58,0,6,6,51.0,12.8,58
9,58,0,7,0,58.0,9.0,58
1,45,0,6,7,23.0,1.7,45
5,84,1,6,8,67.0,9.0,84
8,58,0,6,7,50.0,13.6,58
2,52,1,8,9,31.0,3.8,52
4,98,1,7,9,83.0,7.6,98
7,65,1,5,0,55.0,7.0,65
3,61,0,6,6,44.0,4.800000000000001,61
5,60,1,5,8,45.0,9.0,60
8,75,0,7,4,73.0,11.2,75
3,95,0,6,1,76.0,3.3000000000000003,95
4,41,1,5,7,23.0,6.8,41
9,86,1,9,8,84.0,16.2,86
7,83,1,5,6,73.0,11.200000000000001,83
1,69,1,7,4,48.0,1.4,69
4,66,0,6,7,50.0,6.8,66
4,46,0,8,5,30.0,6.0,46
9,59,0,7,3,51.0,11.700000000000001,59
6,89,0,8,0,76.0,6.0,89
9,70,0,6,5,66.0,13.5,70
6,62,0,5,7,50.0,10.2,62
6,52,0,9,2,40.0,7.199999999999999,52
5,56,0,9,6,42.0,8.0,56
5,43,0,7,6,29.0,8.0,43
2,96,1,7,8,77.0,3.6,96
8,53,1,7,0,45.0,8.0,53
8,59,0,4,4,49.0,11.2,59
1,99,0,9,7,74.0,1.7,99
8,52,1,9,2,45.0,9.6,52
5,42,1,6,4,27.0,7.0,42
2,65,1,4,0,44.0,2.0,65
2,65,0,7,8,42.0,3.6,65
6,57,1,7,3,43.0,7.800000000000001,57
9,71,1,8,4,68.0,12.6,71
1,53,1,4,2,29.0,1.2,53
6,86,1,5,1,73.0,6.6000000000000005,86
9,42,1,9,6,39.0,14.4,42
8,40,0,6,4,30.0,11.2,40
6,65,1,5,9,53.0,11.399999999999999,65
3,63,0,5,2,38.0,3.5999999999999996,63
8,88,1,6,1,82.0,8.8,88
9,74,1,7,9,72.0,17.099999999999998,74
1,53,1,9,5,24.0,1.5,53
9,42,1,8,9,44.0,17.099999999999998,42
6,52,1,7,5,45.0,9.0,52
6,86,0,7,2,75.0,7.199999999999999,86
4,89,0,4,8,75.0,7.2,89
1,53,0,5,0,26.0,1.0,53
8,60,0,5,2,49.0,9.6,60
2,65,0,9,0,42.0,2.0,65
1,42,0,5,6,14.0,1.6,42
2,90,0,8,1,64.0,2.2,90
1,79,1,8,3,54.0,1.3,79
1,43,0,8,3,16.0,1.3,43
9,75,1,6,7,73.0,15.299999999999999,75
1,90,1,9,3,67.0,1.3,90
4,82,0,8,2,69.0,4.8,82
6,40,1,4,9,28.0,11.399999999999999,40
7,79,1,4,2,67.0,8.4,79
2,86,0,7,4,62.0,2.8,86
6,72,1,7,5,60.0,9.0,72
7,46,0,9,6,43.0,11.200000000000001,46
2,92,1,7,4,70.0,2.8,92
2,91,0,7,6,70.0,3.2,91
7,91,1,4,3,84.0,9.1,91
1,95,0,7,4,72.0,1.4,95
8,50,1,4,5,44.0,12.0,50
3,66,0,8,8,46.0,5.4,66
6,53,1,8,5,41.0,9.0,53
9,61,1,9,9,58.0,17.099999999999998,61
6,55,0,6,0,44.0,6.0,55
9,85,1,7,6,89.0,14.4,85
7,51,0,8,2,45.0,8.4,51
9,88,1,8,5,87.0,13.5,88
2,85,1,9,1,61.0,2.2,85
8,49,0,5,6,41.0,12.8,49
8,63,1,5,0,57.0,8.0,63
2,85,0,9,1,62.0,2.2,85
4,57,1,4,8,39.0,7.2,57
7,61,1,6,8,54.0,12.6,61
4,48,1,9,6,33.0,6.4,48
4,56,1,5,1,42.0,4.4,56
6,77,0,6,4,70.0,8.399999999999999,77
6,79,0,8,3,67.0,7.800000000000001,79
3,97,1,9,1,80.0,3.3000000000000003,97
9,52,1,4,1,44.0,9.9,52
2,89,0,6,9,69.0,3.8,89
6,76,1,5,7,66.0,10.2,76
7,45,0,8,4,35.0,9.799999999999999,45
9,60,1,9,7,61.0,15.299999999999999,60
3,90,1,7,1,68.0,3.3000000000000003,90
3,75,0,8,1,55.0,3.3000000000000003,75
7,46,1,5,2,36.0,8.4,46
4,75,0,9,9,56.0,7.6,75
8,64,0,5,7,58.0,13.6,64
7,50,0,7,7,40.0,11.9,50
5,83,0,8,2,68.0,6.0,83
7,53,0,6,0,43.0,7.0,53
3,84,0,6,6,61.0,4.800000000000001,84
2,68,1,8,3,45.0,2.6,68
6,49,0,6,2,36.0,7.199999999999999,49
2,89,0,9,4,67.0,2.8,89
3,87,1,8,5,67.0,4.5,87
6,44,0,8,0,29.0,6.0,44
5,47,1,5,8,31.0,9.0,47
8,85,0,4,5,74.0,12.0,85
9,44,0,5,2,37.0,10.799999999999999,44
3,97,0,6,0,79.0,3.0,97
3,99,1,4,8,76.0,5.4,99
3,63,1,8,1,45.0,3.3000000000000003,63
6,79,0,6,9,65.0,11.399999999999999,79
1,96,0,7,5,72.0,1.5,96
7,65,1,6,5,62.0,10.5,65
1,45,1,4,2,19.0,1.2,45
5,55,1,4,5,39.0,7.5,55
8,99,0,8,1,93.0,8.8,99
4,75,1,9,7,62.0,6.8,75
5,51,1,7,0,37.0,5.0,51
4,50,1,8,5,34.0,6.0,50
4,42,1,7,0,23.0,4.0,42
8,83,1,7,8,79.0,14.4,83
2,76,1,8,8,51.0,3.6,76
1,45,1,6,5,18.0,1.5,45
3,58,0,5,5,41.0,4.5,58
9,57,1,7,8,57.0,16.2,57
4,55,0,4,4,36.0,5.6,55
5,62,0,8,8,47.0,9.0,62
2,82,1,9,4,65.0,2.8,82
4,76,0,6,3,57.0,5.2,76
2,48,0,7,1,22.0,2.2,48
2,42,1,9,1,20.0,2.2,42
4,47,0,6,0,27.0,4.0,47
6,77,1,8,9,64.0,11.399999999999999,77
7,43,1,9,2,32.0,8.4,43
3,51,1,4,0,29.0,3.0,51
3,83,1,7,5,62.0,4.5,83
6,70,1,7,6,56.0,9.600000000000001,70
3,64,1,9,8,43.0,5.4,64
2,92,1,6,6,70.0,3.2,92
8,55,0,8,3,49.0,10.4,55
5,81,1,5,3,68.0,6.5,81
1,93,0,7,7,66.0,1.7,93
3,53,1,4,3,31.0,3.9000000000000004,53
8,52,1,7,0,44.0,8.0,52
4,80,1,7,8,65.0,7.2,80
7,46,0,5,2,36.0,8.4,46
2,51,0,5,0,27.0,2.0,51
7,76,0,8,8,71.0,12.6,76
5,89,0,7,9,76.0,9.5,89
5,43,0,7,9,31.0,9.5,43
6,41,0,6,4,26.0,8.399999999999999,41
9,74,1,6,8,69.0,16.2,74
6,97,1,9,2,90.0,7.199999999999999,97
8,83,0,9,5,79.0,12.0,83
7,42,0,4,6,33.0,11.200000000000001,42
9,43,0,4,4,40.0,12.6,43
4,77,0,6,7,58.0,6.8,77
2,51,0,9,9,28.0,3.8,51
7,58,1,4,5,50.0,10.5,58
6,49,1,7,5,37.0,9.0,49
1,40,1,9,6,15.0,1.6,40
9,56,1,5,7,50.0,15.299999999999999,56
9,55,1,9,1,55.0,9.9,55
2,48,1,7,6,25.0,3.2,48
3,96,1,6,8,79.0,5.4,96
5,92,1,8,0,79.0,5.0,92
5,48,0,8,0,36.0,5.0,48
1,98,0,6,6,69.0,1.6,98
8,94,1,7,4,83.0,11.2,94
8,48,1,4,0,44.0,8.0,48
4,51,1,9,0,36.0,4.0,51
7,94,0,9,1,84.0,7.700000000000001,94
3,80,0,4,9,58.0,5.699999999999999,80
6,54,1,8,8,44.0,10.8,54
9,41,0,6,2,36.0,10.799999999999999,41
1,50,1,6,8,23.0,1.8,50
5,50,1,5,5,33.0,7.5,50
4,47,1,8,9,31.0,7.6,47
8,94,1,6,5,90.0,12.0,94
1,71,1,5,6,45.0,1.6,71
9,45,0,4,9,40.0,17.099999999999998,45
6,92,1,8,7,81.0,10.2,92
4,59,1,8,2,47.0,4.8,59
9,78,1,6,7,75.0,15.299999999999999,78
5,74,1,6,5,61.0,7.5,74
5,47,0,7,5,37.0,7.5,47
5,89,1,4,2,75.0,6.0,89
1,88,1,4,5,63.0,1.5,88
1,82,0,9,7,61.0,1.7,82
8,73,1,5,6,70.0,12.8,73
8,96,1,5,9,91.0,15.2,96
6,92,1,7,9,80.0,11.399999999999999,92
4,98,1,9,6,83.0,6.4,98
2,95,0,4,2,72.0,2.4,95
2,58,1,5,9,35.0,3.8,58
9,46,1,4,2,41.0,10.799999999999999,46
5,70,0,4,4,57.0,7.0,70
4,57,1,9,4,43.0,5.6,57
1,79,1,5,8,55.0,1.8,79
7,53,0,6,8,42.0,12.6,53
3,78,1,6,9,59.0,5.699999999999999,78
6,99,0,9,4,90.0,8.399999999999999,99
5,92,1,5,4,79.0,7.0,92
5,99,0,7,5,89.0,7.5,99
5,98,1,8,7,87.0,8.5,98
1,75,1,9,5,50.0,1.5,75
1,56,0,4,5,33.0,1.5,56
3,76,1,9,8,58.0,5.4,76
4,83,0,8,0,68.0,4.0,83
5,48,0,9,3,33.0,6.5,48
2,97,0,5,9,73.0,3.8,97
8,59,0,4,9,50.0,15.2,59
2,84,1,8,1,59.0,2.2,84
9,96,0,6,8,93.0,16.2,96
2,67,1,7,2,47.0,2.4,67
9,89,1,9,9,89.0,17.099999999999998,89
7,59,0,9,1,47.0,7.700000000000001,59
8,80,0,8,7,77.0,13.6,80
2,75,1,7,3,53.0,2.6,75
7,92,0,9,1,87.0,7.700000000000001,92
6,66,1,6,3,53.0,7.800000000000001,66
4,47,0,8,6,28.0,6.4,47
7,71,1,5,6,66.0,11.200000000000001,71
4,40,1,4,0,23.0,4.0,40
2,56,0,6,0,28.0,2.0,56
7,96,1,7,2,89.0,8.4,96
8,48,1,7,1,38.0,8.8,48
2,59,0,6,2,37.0,2.4,59
5,84,0,5,3,66.0,6.5,84
1,71,0,9,6,44.0,1.6,71
7,41,0,5,1,33.0,7.700000000000001,41
8,71,0,9,6,67.0,12.8,71
6,84,1,9,4,76.0,8.399999999999999,84
5,48,1,7,7,33.0,8.5,48
6,69,0,9,7,59.0,10.2,69
2,59,1,6,4,39.0,2.8,59
1,77,1,9,9,55.0,1.9,77
7,99,1,6,7,96.0,11.9,99
7,40,1,4,8,30.0,12.6,40
2,99,1,7,6,80.0,3.2,99
2,96,0,5,5,75.0,3.0,96
1,44,0,8,6,19.0,1.6,44
8,74,1,5,6,71.0,12.8,74
8,75,1,5,2,67.0,9.6,75
1,40,0,8,5,16.0,1.5,40
8,53,0,7,5,45.0,12.0,53
9,48,0,9,8,44.0,16.2,48
4,69,0,4,0,50.0,4.0,69
1,63,1,5,6,37.0,1.6,63
1,43,0,9,0,15.0,1.0,43
3,89,0,5,9,71.0,5.699999999999999,89
5,53,1,7,3,42.0,6.5,53
5,64,0,7,6,49.0,8.0,64
9,43,0,6,5,41.0,13.5,43
2,64,0,7,5,40.0,3.0,64
2,49,0,7,4,25.0,2.8,49
6,74,0,5,6,62.0,9.600000000000001,74
9,94,1,4,8,93.0,16.2,94
1,46,1,5,5,19.0,1.5,46
9,81,1,9,9,77.0,17.099999999999998,81
9,52,1,7,6,52.0,14.4,52
9,43,1,6,8,41.0,16.2,43
5,89,0,4,6,69.0,8.0,89
9,82,0,6,5,82.0,13.5,82
4,96,0,8,2,82.0,4.8,96
2,75,0,6,0,49.0,2.0,75
6,95,0,6,9,82.0,11.399999999999999,95
4,53,0,9,8,40.0,7.2,53
6,57,0,7,6,48.0,9.600000000000001,57
3,47,0,9,2,28.0,3.5999999999999996,47
6,71,0,7,9,60.0,11.399999999999999,71
2,66,0,9,8,43.0,3.6,66
2,81,0,7,2,59.0,2.4,81
9,76,0,7,2,71.0,10.799999999999999,76
7,62,0,7,6,52.0,11.200000000000001,62
3,46,1,6,1,27.0,3.3000000000000003,46
1,51,0,8,9,28.0,1.9,51
8,64,1,7,6,62.0,12.8,64
6,42,0,8,6,27.0,9.600000000000001,42
7,65,0,8,0,55.0,7.0,65
9,43,0,5,9,39.0,17.099999999999998,43
5,81,1,5,1,66.0,5.5,81
1,75,1,4,4,46.0,1.4,75
7,54,0,9,3,47.0,9.1,54
5,71,0,5,2,59.0,6.0,71
3,68,0,7,9,46.0,5.699999999999999,68
9,49,0,8,7,47.0,15.299999999999999,49
1,60,1,9,6,39.0,1.6,60
1,93,1,4,8,67.0,1.8,93
1,55,0,5,2,26.0,1.2,55
3,86,1,6,9,68.0,5.699999999999999,86
6,58,1,9,0,49.0,6.0,58
3,68,0,4,8,45.0,5.4,68
8,91,0,7,8,88.0,14.4,91
2,90,0,9,0,67.0,2.0,90
9,57,1,8,7,54.0,15.299999999999999,57
3,97,0,7,9,75.0,5.699999999999999,97
5,83,1,7,0,67.0,5.0,83
8,96,0,9,5,91.0,12.0,96
2,55,0,6,8,30.0,3.6,55
6,40,1,6,2,29.0,7.199999999999999,40
5,87,1,9,5,75.0,7.5,87
9,41,1,9,2,41.0,10.799999999999999,41
5,95,1,9,4,84.0,7.0,95
2,54,1,8,6,31.0,3.2,54
5,78,1,5,9,64.0,9.5,78
4,67,0,7,3,48.0,5.2,67
7,40,1,9,3,29.0,9.1,40
6,44,1,5,6,33.0,9.600000000000001,44
2,81,0,8,4,59.0,2.8,81
5,61,1,7,0,45.0,5.0,61
7,92,1,5,9,86.0,13.299999999999999,92
7,75,0,7,1,65.0,7.700000000000001,75
5,85,0,6,5,73.0,7.5,85
9,52,0,9,8,50.0,16.2,52
4,40,1,6,6,20.0,6.4,40
3,55,0,4,3,36.0,3.9000000000000004,55
4,94,1,8,1,78.0,4.4,94
5,80,0,9,3,65.0,6.5,80
6,61,1,5,4,48.0,8.399999999999999,61
3,71,0,7,1,49.0,3.3000000000000003,71
2,55,0,4,0,32.0,2.0,55
4,90,0,8,3,69.0,5.2,90
5,54,1,8,5,41.0,7.5,54
4,97,1,8,0,77.0,4.0,97
3,85,0,5,0,60.0,3.0,85
8,91,0,9,8,88.0,14.4,91
4,81,0,6,4,61.0,5.6,81
2,92,0,4,1,69.0,2.2,92
2,51,1,5,1,29.0,2.2,51
1,99,0,7,3,73.0,1.3,99
4,40,0,5,1,22.0,4.4,40
9,92,1,7,3,93.0,11.700000000000001,92
7,56,1,7,5,46.0,10.5,56
7,80,0,8,6,74.0,11.200000000000001,80
7,94,0,5,5,83.0,10.5,94
8,90,1,6,3,84.0,10.4,90
1,96,1,7,9,71.0,1.9,96
8,89,0,8,2,82.0,9.6,89
4,67,1,6,3,49.0,5.2,67
4,46,1,5,4,27.0,5.6,46
4,48,0,6,3,29.0,5.2,48
6,61,0,5,2,50.0,7.199999999999999,61
7,65,1,7,0,53.0,7.0,65
6,92,0,4,2,80.0,7.199999999999999,92
1,51,0,4,4,21.0,1.4,51
8,46,0,9,5,39.0,12.0,46
7,85,0,9,3,74.0,9.1,85
6,86,0,7,0,76.0,6.0,86
6,54,1,6,9,43.0,11.399999999999999,54
5,77,1,5,6,61.0,8.0,77
6,60,0,4,8,48.0,10.8,60
9,53,0,5,5,48.0,13.5,53
9,41,0,7,5,40.0,13.5,41
8,47,1,6,8,40.0,14.4,47
9,84,1,5,3,80.0,11.700000000000001,84
8,94,1,6,4,90.0,11.2,94
8,45,1,4,4,36.0,11.2,45
1,76,0,5,4,48.0,1.4,76
5,76,0,8,7,60.0,8.5,76
4,96,1,4,0,76.0,4.0,96
2,72,1,6,9,47.0,3.8,72
8,80,0,7,9,73.0,15.2,80
3,45,0,8,2,22.0,3.5999999999999996,45
4,91,0,9,7,74.0,6.8,91
7,65,0,5,8,58.0,12.6,65
9,78,0,9,1,76.0,9.9,78
2,80,1,4,3,59.0,2.6,80
3,76,0,5,7,55.0,5.1,76
4,53,1,5,4,33.0,5.6,53
1,76,1,8,0,50.0,1.0,76
7,47,0,8,5,37.0,10.5,47
2,78,1,8,8,58.0,3.6,78
5,52,1,8,8,36.0,9.0,52
1,52,0,7,0,25.0,1.0,52
3,79,1,6,3,62.0,3.9000000000000004,79
2,82,0,8,0,57.0,2.0,82
1,67,0,4,6,39.0,1.6,67
7,97,1,5,2,84.0,8.4,97
5,57,0,9,1,45.0,5.5,57
1,96,0,8,7,72.0,1.7,96
6,58,1,4,8,45.0,10.8,58
5,77,0,7,6,63.0,8.0,77
3,71,1,4,5,50.0,4.5,71
7,61,1,9,9,53.0,13.299999999999999,61
9,41,0,9,5,36.0,13.5,41
9,99,1,4,8,97.0,16.2,99
9,52,0,7,4,49.0,12.6,52
2,62,1,9,4,40.0,2.8,62
3,64,0,7,1,43.0,3.3000000000000003,64
7,67,0,5,5,60.0,10.5,67
5,97,1,8,5,85.0,7.5,97
2,50,1,9,5,26.0,3.0,50
3,72,0,4,3,53.0,3.9000000000000004,72
6,63,0,6,6,53.0,9.600000000000001,63
7,41,1,6,8,34.0,12.6,41
9,69,0,5,0,63.0,9.0,69
1,56,0,6,2,31.0,1.2,56
7,79,1,5,9,71.0,13.299999999999999,79
8,73,1,8,8,67.0,14.4,73
3,77,0,5,4,57.0,4.199999999999999,77
4,61,1,7,5,46.0,6.0,61
6,44,1,7,7,34.0,10.2,44
7,87,0,7,8,76.0,12.6,87
4,79,1,9,7,65.0,6.8,79
8,90,1,7,2,84.0,9.6,90
5,55,0,7,9,38.0,9.5,55
1,52,1,7,0,27.0,1.0,52
4,65,0,7,4,49.0,5.6,65
3,70,1,9,6,52.0,4.800000000000001,70
9,91,1,7,1,86.0,9.9,91
8,78,0,7,0,74.0,8.0,78
1,87,1,8,3,64.0,1.3,87
6,62,1,9,2,53.0,7.199999999999999,62
9,87,1,7,3,87.0,11.700000000000001,87
7,51,1,5,0,43.0,7.0,51
4,53,1,8,1,37.0,4.4,53
1,95,1,9,0,68.0,1.0,95
2,57,0,6,2,32.0,2.4,57
5,66,1,4,3,49.0,6.5,66
5,67,1,9,0,56.0,5.0,67
8,57,0,8,5,52.0,12.0,57
6,55,0,7,1,41.0,6.6000000000000005,55
8,91,0,8,9,87.0,15.2,91
2,55,1,4,4,34.0,2.8,55
3,52,0,4,7,32.0,5.1,52
6,97,0,9,3,89.0,7.800000000000001,97
3,68,1,7,4,46.0,4.199999999999999,68
6,48,0,7,8,36.0,10.8,48
6,65,1,5,1,51.0,6.6000000000000005,65
2,67,1,4,1,46.0,2.2,67
7,80,1,7,5,72.0,10.5,80
2,52,1,4,5,27.0,3.0,52
6,75,1,5,2,59.0,7.199999999999999,75
1,48,0,6,8,25.0,1.8,48
3,86,1,4,0,67.0,3.0,86
2,53,0,5,2,24.0,2.4,53
7,90,1,5,7,82.0,11.9,90
4,51,0,5,7,35.0,6.8,51
8,92,1,8,3,88.0,10.4,92
6,97,1,9,7,87.0,10.2,97
4,96,1,7,9,79.0,7.6,96
5,71,0,4,7,58.0,8.5,71
9,77,0,9,0,76.0,9.0,77
7,42,0,8,2,34.0,8.4,42
9,97,1,4,0,95.0,9.0,97
7,96,1,9,1,93.0,7.700000000000001,96
1,93,0,8,3,67.0,1.3,93
8,91,1,7,2,85.0,9.6,91
4,55,0,5,5,36.0,6.0,55
3,59,1,9,4,38.0,4.199999999999999,59
7,71,0,9,4,66.0,9.799999999999999,71
3,95,0,4,9,78.0,5.699999999999999,95
8,62,1,5,6,58.0,12.8,62
6,56,0,7,6,48.0,9.600000000000001,56
5,55,1,4,8,41.0,9.0,55
4,77,1,6,7,61.0,6.8,77
8,47,1,6,2,42.0,9.6,47
8,58,0,6,1,50.0,8.8,58
1,69,0,7,0,40.0,1.0,69
9,96,0,6,9,94.0,17.099999999999998,96
5,97,1,9,5,84.0,7.5,97
4,73,1,4,3,59.0,5.2,73
6,53,0,9,2,39.0,7.199999999999999,53
6,61,1,6,1,49.0,6.6000000000000005,61
2,83,1,4,1,59.0,2.2,83
8,56,0,9,3,49.0,10.4,56
7,99,0,7,0,89.0,7.0,99
1,98,1,5,5,73.0,1.5,98
5,54,1,9,9,40.0,9.5,54
6,89,0,8,4,79.0,8.399999999999999,89
4,87,0,6,9,74.0,7.6,87
2,71,1,8,8,49.0,3.6,71
4,52,1,5,1,35.0,4.4,52
1,60,1,7,8,39.0,1.8,60
7,88,0,9,8,83.0,12.6,88
2,79,1,7,9,56.0,3.8,79
2,72,1,5,8,46.0,3.6,72
9,96,1,8,9,95.0,17.099999999999998,96
5,97,1,9,9,86.0,9.5,97
2,66,1,6,3,39.0,2.6,66
9,74,1,4,4,70.0,12.6,74
9,55,0,7,7,51.0,15.299999999999999,55
1,67,0,5,7,41.0,1.7,67
3,73,0,9,0,53.0,3.0,73
4,86,1,8,9,71.0,7.6,86
7,40,0,6,0,31.0,7.0,40
4,80,1,8,9,63.0,7.6,80
2,87,1,6,5,61.0,3.0,87
7,70,1,9,6,65.0,11.200000000000001,70
6,75,1,4,1,63.0,6.6000000000000005,75
3,83,1,4,1,63.0,3.3000000000000003,83
6,72,0,5,4,58.0,8.399999999999999,72
6,72,0,5,8,62.0,10.8,72
5,78,0,6,4,61.0,7.0,78
4,57,1,6,7,40.0,6.8,57
1,62,0,6,7,39.0,1.7,62
6,99,1,6,4,89.0,8.399999999999999,99
2,62,0,9,7,40.0,3.4,62
3,54,0,9,7,35.0,5.1,54
8,65,0,4,4,55.0,11.2,65
6,69,0,5,4,60.0,8.399999999999999,69
3,64,0,5,3,45.0,3.9000000000000004,64
7,84,0,7,0,76.0,7.0,84
4,55,1,5,8,38.0,7.2,55
9,78,1,5,1,73.0,9.9,78
5,87,1,8,0,72.0,5.0,87
3,84,1,8,5,68.0,4.5,84
2,53,1,7,4,27.0,2.8,53
2,56,0,6,0,33.0,2.0,56
3,51,1,7,6,28.0,4.800000000000001,51
2,68,1,7,6,46.0,3.2,68
4,71,1,4,2,52.0,4.8,71
2,95,1,9,7,72.0,3.4,95
9,63,1,5,5,58.0,13.5,63
2,91,1,4,3,69.0,2.6,91
9,52,1,9,9,54.0,17.099999999999998,52
6,95,1,5,9,85.0,11.399999999999999,95
1,59,1,7,9,33.0,1.9,59
4,54,0,5,2,33.0,4.8,54
1,95,1,6,0,67.0,1.0,95
6,92,1,6,1,80.0,6.6000000000000005,92
4,43,0,7,1,25.0,4.4,43
3,93,0,8,4,76.0,4.199999999999999,93
3,73,1,6,3,53.0,3.9000000000000004,73
9,67,1,7,1,63.0,9.9,67
6,89,1,4,8,75.0,10.8,89
9,41,0,8,6,38.0,14.4,41
5,96,1,6,7,79.0,8.5,96
2,86,0,7,7,63.0,3.4,86
8,69,0,7,1,60.0,8.8,69
5,65,0,4,4,49.0,7.0,65
2,90,0,4,2,66.0,2.4,90
4,86,0,8,9,71.0,7.6,86
9,65,1,9,8,66.0,16.2,65
4,59,1,6,8,41.0,7.2,59
4,81,0,7,5,67.0,6.0,81
2,67,0,8,3,46.0,2.6,67
6,95,0,8,7,86.0,10.2,95
2,59,0,4,4,37.0,2.8,59
7,50,1,7,2,42.0,8.4,50
3,97,0,5,7,77.0,5.1,97
3,49,0,9,5,32.0,4.5,49
5,62,1,9,4,47.0,7.0,62
3,76,1,4,0,54.0,3.0,76
2,80,1,7,2,60.0,2.4,80
9,91,1,8,6,89.0,14.4,91
2,58,0,9,2,34.0,2.4,58
2,84,0,8,0,59.0,2.0,84
8,57,0,6,7,52.0,13.6,57
9,88,0,5,6,84.0,14.4,88
7,66,0,4,4,57.0,9.799999999999999,66
3,45,0,9,9,30.0,5.699999999999999,45
9,49,0,6,4,47.0,12.6,49
3,41,0,6,5,15.0,4.5,41
5,63,0,5,6,49.0,8.0,63
9,77,1,4,2,74.0,10.799999999999999,77
3,67,0,4,3,45.0,3.9000000000000004,67
7,67,1,8,0,61.0,7.0,67
1,92,1,4,6,67.0,1.6,92
4,84,1,6,9,64.0,7.6,84
4,89,1,8,1,73.0,4.4,89
7,78,0,4,6,68.0,11.200000000000001,78
8,41,1,5,5,33.0,12.0,41
1,85,1,6,3,60.0,1.3,85
5,44,0,7,1,30.0,5.5,44
7,89,1,5,6,82.0,11.200000000000001,89
4,50,0,5,6,33.0,6.4,50
4,49,0,4,4,28.0,5.6,49
4,82,0,8,8,64.0,7.2,82
6,98,0,8,2,88.0,7.199999999999999,98
7,41,1,6,8,35.0,12.6,41
2,54,0,4,4,30.0,2.8,54
5,78,1,8,1,60.0,5.5,78
4,80,1,9,8,66.0,7.2,80
3,76,0,7,0,52.0,3.0,76
7,46,1,9,0,39.0,7.0,46
6,59,0,4,6,45.0,9.600000000000001,59
7,73,1,4,2,64.0,8.4,73
5,74,1,8,7,66.0,8.5,74
6,73,1,5,6,61.0,9.600000000000001,73
5,92,1,4,6,76.0,8.0,92
7,61,0,5,0,49.0,7.0,61
2,70,0,6,0,43.0,2.0,70
5,62,1,6,1,45.0,5.5,62
6,58,1,8,1,49.0,6.6000000000000005,58
6,43,1,6,4,27.0,8.399999999999999,43
5,63,1,9,8,50.0,9.0,63
7,59,0,9,6,52.0,11.200000000000001,59
8,78,1,9,1,72.0,8.8,78
7,67,1,8,4,62.0,9.799999999999999,67
5,93,1,8,4,80.0,7.0,93
1,78,0,9,7,53.0,1.7,78
5,56,1,5,8,42.0,9.0,56
2,58,0,9,7,37.0,3.4,58
5,93,0,5,1,77.0,5.5,93
5,87,1,6,3,73.0,6.5,87
2,74,1,5,1,46.0,2.2,74
5,71,1,4,5,54.0,7.5,71
4,86,0,7,3,70.0,5.2,86
1,85,0,4,6,60.0,1.6,85
3,86,1,4,1,67.0,3.3000000000000003,86
1,85,0,8,8,58.0,1.8,85
5,78,1,7,4,63.0,7.0,78
4,96,1,8,0,83.0,4.0,96
7,74,1,5,2,64.0,8.4,74
5,69,1,9,3,57.0,6.5,69
4,56,1,5,2,45.0,4.8,56
2,81,1,7,5,61.0,3.0,81
4,86,0,6,5,68.0,6.0,86
2,68,0,5,9,45.0,3.8,68
8,45,0,4,6,39.0,12.8,45
3,99,1,7,8,77.0,5.4,99
9,56,1,7,9,55.0,17.099999999999998,56
4,56,1,5,8,38.0,7.2,56
6,53,0,5,6,40.0,9.600000000000001,53
5,63,1,8,0,49.0,5.0,63
1,96,0,8,2,74.0,1.2,96
9,89,1,4,4,86.0,12.6,89
1,96,0,7,9,72.0,1.9,96
8,76,1,6,5,72.0,12.0,76
9,79,1,6,5,77.0,13.5,79
9,78,0,7,4,76.0,12.6,78
1,94,0,4,5,67.0,1.5,94
2,71,0,8,8,52.0,3.6,71
1,75,1,8,0,52.0,1.0,75
2,89,0,8,0,67.0,2.0,89
8,76,0,6,8,66.0,14.4,76
5,87,1,6,7,74.0,8.5,87
7,53,1,4,8,40.0,12.6,53
2,66,0,6,6,44.0,3.2,66
8,98,1,5,9,97.0,15.2,98
6,58,0,6,5,48.0,9.0,58
8,70,0,8,8,65.0,14.4,70
1,85,0,4,1,57.0,1.1,85
1,48,1,7,3,19.0,1.3,48
7,77,0,7,1,68.0,7.700000000000001,77
8,56,0,4,5,48.0,12.0,56
3,58,1,5,0,34.0,3.0,58
5,83,0,7,6,67.0,8.0,83
1,43,0,8,6,15.0,1.6,43
7,87,0,7,6,83.0,11.200000000000001,87
5,96,1,7,3,83.0,6.5,96
8,50,0,8,7,46.0,13.6,50
8,61,1,6,4,57.0,11.2,61
9,43,1,5,1,42.0,9.9,43
7,56,0,8,4,51.0,9.799999999999999,56
1,47,0,8,9,24.0,1.9,47
3,85,1,9,8,64.0,5.4,85
8,98,0,4,9,94.0,15.2,98
3,73,0,5,0,50.0,3.0,73
8,50,1,6,1,41.0,8.8,50
1,70,0,9,9,45.0,1.9,70
5,50,0,8,7,37.0,8.5,50
4,95,1,9,4,75.0,5.6,95
5,93,0,6,8,80.0,9.0,93
8,95,1,9,5,94.0,12.0,95
4,77,1,9,7,62.0,6.8,77
4,92,0,9,0,73.0,4.0,92
3,60,1,8,8,43.0,5.4,60
7,85,0,8,8,78.0,12.6,85
3,69,0,4,2,51.0,3.5999999999999996,69
3,49,1,7,0,24.0,3.0,49
5,65,1,5,7,46.0,8.5,65
5,66,1,4,7,51.0,8.5,66
6,47,1,6,8,35.0,10.8,47
8,78,1,9,5,75.0,12.0,78
6,47,1,8,8,38.0,10.8,47
1,99,0,9,9,79.0,1.9,99
8,47,0,8,8,42.0,14.4,47
8,94,1,5,3,89.0,10.4,94
9,73,0,4,4,66.0,12.6,73
9,98,1,4,5,100.0,13.5,98
2,55,1,6,5,34.0,3.0,55
2,80,0,4,9,59.0,3.8,80
3,52,0,4,1,28.0,3.3000000000000003,52
1,62,1,7,3,39.0,1.3,62
4,51,1,5,8,36.0,7.2,51
4,66,1,9,6,52.0,6.4,66
9,61,0,4,8,57.0,16.2,61
9,71,1,6,5,66.0,13.5,71
9,96,1,9,6,95.0,14.4,96
7,88,0,8,8,79.0,12.6,88
2,66,0,4,3,42.0,2.6,66
5,41,0,4,8,23.0,9.0,41
4,84,1,9,2,67.0,4.8,84
8,72,1,8,7,64.0,13.6,72
2,65,0,7,2,43.0,2.4,65
6,67,1,5,2,56.0,7.199999999999999,67
5,58,1,7,2,43.0,6.0,58
2,82,0,6,8,55.0,3.6,82
1,44,0,9,9,16.0,1.9,44
8,72,1,4,2,65.0,9.6,72
2,59,0,7,5,38.0,3.0,59
7,69,0,5,3,57.0,9.1,69
9,84,1,6,1,83.0,9.9,84
9,47,1,7,2,47.0,10.799999999999999,47
8,77,1,4,4,71.0,11.2,77
9,56,1,5,9,56.0,17.099999999999998,56
2,83,1,4,3,57.0,2.6,83
6,40,1,4,4,23.0,8.399999999999999,40
4,42,0,6,0,27.0,4.0,42
4,85,0,5,3,65.0,5.2,85
5,65,0,8,9,54.0,9.5,65
3,70,1,4,2,50.0,3.5999999999999996,70
1,47,1,5,1,23.0,1.1,47
8,82,1,4,6,77.0,12.8,82
5,98,1,7,9,83.0,9.5,98
3,85,1,7,8,66.0,5.4,85
7,47,0,5,0,38.0,7.0,47
7,74,1,6,6,65.0,11.200000000000001,74
1,78,0,8,0,54.0,1.0,78
9,67,1,7,4,65.0,12.6,67
2,90,0,6,0,68.0,2.0,90
5,43,0,8,2,31.0,6.0,43
5,96,0,7,7,83.0,8.5,96
8,55,0,8,3,49.0,10.4,55
8,52,0,9,0,45.0,8.0,52
7,59,0,4,0,46.0,7.0,59
7,90,0,5,7,85.0,11.9,90
6,44,1,7,7,33.0,10.2,44
6,94,1,7,3,83.0,7.800000000000001,94
9,76,0,4,3,71.0,11.700000000000001,76
6,59,1,7,9,49.0,11.399999999999999,59
2,63,1,7,1,39.0,2.2,63
2,75,0,9,1,51.0,2.2,75
5,73,1,7,5,57.0,7.5,73
4,97,0,7,7,81.0,6.8,97
2,84,1,7,6,65.0,3.2,84
3,87,0,6,6,66.0,4.800000000000001,87
7,93,1,7,2,86.0,8.4,93
8,73,0,4,1,66.0,8.8,73
6,58,1,9,9,50.0,11.399999999999999,58
5,56,1,7,6,46.0,8.0,56
1,44,1,8,3,20.0,1.3,44
8,64,0,9,0,58.0,8.0,64
3,57,0,9,0,38.0,3.0,57
6,99,1,8,3,91.0,7.800000000000001,99
3,94,1,4,4,77.0,4.199999999999999,94
7,92,0,6,4,83.0,9.799999999999999,92
7,89,1,4,0,79.0,7.0,89
9,47,1,6,2,50.0,10.799999999999999,47
5,66,0,5,5,51.0,7.5,66
8,54,0,8,9,49.0,15.2,54
8,84,1,9,6,79.0,12.8,84
1,52,0,9,0,26.0,1.0,52
5,55,1,9,7,42.0,8.5,55
3,61,1,8,3,42.0,3.9000000000000004,61
1,59,0,8,8,35.0,1.8,59
4,52,1,6,5,31.0,6.0,52
8,59,0,9,0,50.0,8.0,59
3,41,0,4,1,18.0,3.3000000000000003,41
2,74,1,6,2,50.0,2.4,74
9,86,0,9,1,82.0,9.9,86
5,94,1,8,9,78.0,9.5,94
7,58,0,8,6,53.0,11.200000000000001,58
2,84,1,8,0,65.0,2.0,84
9,76,0,9,8,76.0,16.2,76
9,97,1,8,1,94.0,9.9,97
4,93,1,5,3,79.0,5.2,93
4,45,0,8,7,27.0,6.8,45
6,53,1,9,2,43.0,7.199999999999999,53
6,43,1,6,8,30.0,10.8,43
1,61,1,8,6,37.0,1.6,61
9,90,1,7,9,90.0,17.099999999999998,90
2,94,1,5,2,68.0,2.4,94
5,78,1,9,2,64.0,6.0,78
9,75,0,8,4,73.0,12.6,75
4,73,0,7,4,53.0,5.6,73
3,66,0,9,9,46.0,5.699999999999999,66
7,46,0,6,4,37.0,9.799999999999999,46
6,42,1,5,8,29.0,10.8,42
8,86,1,8,8,80.0,14.4,86
3,72,0,6,5,52.0,4.5,72
5,41,1,9,6,29.0,8.0,41
4,81,0,7,9,70.0,7.6,81
4,55,1,9,7,40.0,6.8,55
4,64,1,9,8,49.0,7.2,64
8,99,0,5,5,92.0,12.0,99
6,54,1,8,7,46.0,10.2,54
3,63,0,6,1,42.0,3.3000000000000003,63
5,54,0,5,9,41.0,9.5,54
6,70,0,7,7,60.0,10.2,70
5,53,1,8,1,41.0,5.5,53
6,93,1,5,7,83.0,10.2,93
8,53,0,7,1,43.0,8.8,53
7,45,1,7,2,36.0,8.4,45
5,53,0,6,6,38.0,8.0,53
6,56,0,9,8,47.0,10.8,56
4,57,1,7,2,40.0,4.8,57
9,59,0,7,4,59.0,12.6,59
4,90,1,9,8,76.0,7.2,90
1,56,1,4,6,31.0,1.6,56
7,55,1,7,1,44.0,7.700000000000001,55
7,79,0,8,4,71.0,9.799999999999999,79
4,78,0,5,4,59.0,5.6,78
3,91,1,9,8,69.0,5.4,91
8,71,1,9,1,63.0,8.8,71
5,99,0,9,0,87.0,5.0,99
7,83,1,8,3,77.0,9.1,83
4,48,1,9,3,31.0,5.2,48
4,66,0,8,0,47.0,4.0,66
8,85,0,6,9,78.0,15.2,85
8,91,0,4,6,86.0,12.8,91
2,72,1,9,1,48.0,2.2,72
2,49,0,4,8,24.0,3.6,49
3,56,0,9,6,39.0,4.800000000000001,56
3,88,0,8,6,71.0,4.800000000000001,88
1,88,0,5,0,60.0,1.0,88
3,75,0,4,8,54.0,5.4,75
6,56,0,4,9,45.0,11.399999999999999,56
8,57,0,8,8,51.0,14.4,57
6,91,1,4,1,78.0,6.6000000000000005,91
5,62,0,6,9,48.0,9.5,62
4,73,1,8,8,59.0,7.2,73
3,47,1,4,1,28.0,3.3000000000000003,47
4,52,0,4,1,35.0,4.4,52
7,62,1,4,7,55.0,11.9,62
1,96,0,8,2,69.0,1.2,96
7,93,1,5,2,87.0,8.4,93
1,59,0,7,6,32.0,1.6,59
2,61,1,9,9,37.0,3.8,61
4,86,0,4,5,66.0,6.0,86
1,91,0,7,6,66.0,1.6,91
9,62,1,7,5,56.0,13.5,62
6,80,1,4,8,70.0,10.8,80
1,74,0,4,1,48.0,1.1,74
1,42,1,9,7,17.0,1.7,42
6,73,0,7,5,59.0,9.0,73
4,72,1,5,3,56.0,5.2,72
4,85,0,7,5,66.0,6.0,85
6,56,1,5,5,41.0,9.0,56
7,84,0,6,9,76.0,13.299999999999999,84
9,58,1,5,2,54.0,10.799999999999999,58
5,69,0,9,7,57.0,8.5,69
9,62,1,8,4,62.0,12.6,62
4,54,0,4,9,38.0,7.6,54
2,98,1,6,3,73.0,2.6,98
3,96,1,7,1,72.0,3.3000000000000003,96
1,53,0,5,9,28.0,1.9,53
6,41,1,6,0,28.0,6.0,41
6,78,1,8,6,67.0,9.600000000000001,78
1,88,0,5,9,62.0,1.9,88
3,57,0,9,2,36.0,3.5999999999999996,57
5,45,0,7,2,33.0,6.0,45
3,98,0,7,2,74.0,3.5999999999999996,98
3,71,1,5,9,52.0,5.699999999999999,71
3,60,1,8,2,38.0,3.5999999999999996,60
5,79,1,4,1,62.0,5.5,79
5,67,0,4,5,50.0,7.5,67
4,66,1,7,9,48.0,7.6,66
1,41,1,8,2,15.0,1.2,41
5,72,0,7,0,51.0,5.0,72
5,55,1,4,9,37.0,9.5,55
4,78,1,7,8,59.0,7.2,78
6,61,0,5,5,46.0,9.0,61
4,95,1,9,5,78.0,6.0,95
7,82,0,5,9,74.0,13.299999999999999,82
7,86,0,9,8,78.0,12.6,86
2,52,1,8,1,27.0,2.2,52
3,95,1,4,9,74.0,5.699999999999999,95
1,41,1,8,8,15.0,1.8,41
8,53,0,8,2,46.0,9.6,53
9,95,0,4,2,90.0,10.799999999999999,95
4,77,1,6,2,58.0,4.8,77
6,80,1,6,0,65.0,6.0,80
9,67,0,7,9,65.0,17.099999999999998,67
6,46,1,6,6,36.0,9.600000000000001,46
9,57,1,5,9,52.0,17.099999999999998,57
4,95,0,9,6,79.0,6.4,95
8,80,1,8,1,74.0,8.8,80
9,94,1,7,5,93.0,13.5,94
4,75,1,8,3,57.0,5.2,75
5,80,1,4,6,65.0,8.0,80
8,75,0,6,6,69.0,12.8,75
6,83,0,4,3,71.0,7.800000000000001,83
7,43,0,7,2,31.0,8.4,43
3,96,0,9,6,78.0,4.800000000000001,96
7,69,1,5,8,60.0,12.6,69
8,63,1,6,3,58.0,10.4,63
6,59,1,4,5,46.0,9.0,59
9,85,1,9,6,87.0,14.4,85
6,95,0,6,9,81.0,11.399999999999999,95
9,70,1,8,2,69.0,10.799999999999999,70
4,63,1,5,4,46.0,5.6,63
8,46,0,9,0,41.0,8.0,46
4,65,0,6,5,50.0,6.0,65
2,52,0,5,4,24.0,2.8,52
9,93,1,9,6,97.0,14.4,93
5,47,0,8,8,35.0,9.0,47
4,94,1,8,3,82.0,5.2,94
2,44,1,4,8,24.0,3.6,44
1,83,0,7,5,59.0,1.5,83
7,52,0,4,4,42.0,9.799999999999999,52
6,68,0,5,1,56.0,6.6000000000000005,68
2,59,1,4,0,30.0,2.0,59
8,53,1,9,7,49.0,13.6,53
4,71,1,6,5,56.0,6.0,71
8,99,0,9,6,98.0,12.8,99
7,89,1,4,5,79.0,10.5,89
5,66,1,7,9,54.0,9.5,66
8,95,1,9,6,93.0,12.8,95
9,64,1,9,8,63.0,16.2,64
5,91,0,9,4,76.0,7.0,91
5,43,1,7,0,27.0,5.0,43
2,60,0,9,0,35.0,2.0,60
5,57,0,5,8,39.0,9.0,57
3,78,1,8,4,59.0,4.199999999999999,78
7,54,1,7,1,50.0,7.700000000000001,54
5,92,0,5,2,77.0,6.0,92
8,77,1,7,0,70.0,8.0,77
1,87,0,7,5,62.0,1.5,87
3,91,1,8,5,71.0,4.5,91
3,63,1,6,2,39.0,3.5999999999999996,63
9,47,0,5,2,41.0,10.799999999999999,47
5,67,1,7,6,51.0,8.0,67
9,60,0,7,0,52.0,9.0,60
9,55,0,4,4,49.0,12.6,55
1,99,1,9,2,76.0,1.2,99
2,93,0,6,4,71.0,2.8,93
5,55,1,8,3,42.0,6.5,55
4,74,1,5,5,60.0,6.0,74
9,56,1,7,8,53.0,16.2,56
7,48,0,9,1,40.0,7.700000000000001,48
6,96,1,5,9,85.0,11.399999999999999,96
7,74,1,8,7,70.0,11.9,74
1,91,0,6,1,63.0,1.1,91
1,68,0,4,3,42.0,1.3,68
8,78,0,6,8,73.0,14.4,78
2,57,0,4,3,35.0,2.6,57
9,51,1,5,6,48.0,14.4,51
7,58,1,6,4,49.0,9.799999999999999,58
6,87,1,6,1,75.0,6.6000000000000005,87
1,61,1,6,7,35.0,1.7,61
1,98,0,8,9,70.0,1.9,98
2,95,0,5,9,71.0,3.8,95
6,88,1,4,1,74.0,6.6000000000000005,88
6,91,0,6,2,77.0,7.199999999999999,91
2,54,0,5,9,30.0,3.8,54
1,40,0,9,6,13.0,1.6,40
5,41,0,8,4,26.0,7.0,41
5,47,0,8,9,35.0,9.5,47
2,61,1,9,2,40.0,2.4,61
6,64,1,5,1,55.0,6.6000000000000005,64
9,41,0,4,5,37.0,13.5,41
2,90,0,5,9,64.0,3.8,90
2,48,1,5,0,23.0,2.0,48
3,48,1,7,7,27.0,5.1,48
7,52,0,8,4,42.0,9.799999999999999,52
6,45,0,4,4,34.0,8.399999999999999,45
8,69,0,7,1,63.0,8.8,69
8,54,1,9,6,50.0,12.8,54
6,90,0,5,4,75.0,8.399999999999999,90
3,92,0,9,7,74.0,5.1,92
3,54,0,8,4,39.0,4.199999999999999,54
1,89,0,7,8,63.0,1.8,89
7,46,0,7,4,36.0,9.799999999999999,46
5,97,0,4,2,84.0,6.0,97
4,50,0,5,1,30.0,4.4,50
4,79,0,4,4,60.0,5.6,79
4,77,1,7,9,61.0,7.6,77
6,79,1,7,9,70.0,11.399999999999999,79
8,41,1,4,4,32.0,11.2,41
8,90,0,7,5,87.0,12.0,90
5,87,1,6,1,72.0,5.5,87
6,78,1,8,4,68.0,8.399999999999999,78
4,49,1,5,0,29.0,4.0,49
9,83,1,8,2,78.0,10.799999999999999,83
8,56,1,5,2,45.0,9.6,56
1,46,0,7,2,20.0,1.2,46
2,93,1,4,2,66.0,2.4,93
9,79,0,4,7,77.0,15.299999999999999,79
8,78,0,7,0,72.0,8.0,78
3,43,1,5,5,26.0,4.5,43
8,74,0,7,5,67.0,12.0,74
1,90,1,5,0,67.0,1.0,90
4,86,0,7,0,68.0,4.0,86
3,75,0,7,2,56.0,3.5999999999999996,75
6,70,1,7,7,61.0,10.2,70
7,64,0,4,5,50.0,10.5,64
4,80,0,5,3,68.0,5.2,80
7,52,0,9,4,47.0,9.799999999999999,52
9,57,0,7,9,56.0,17.099999999999998,57
2,60,0,8,2,40.0,2.4,60
3,87,0,8,5,68.0,4.5,87
5,40,0,4,5,26.0,7.5,40
3,75,0,6,5,55.0,4.5,75
8,89,1,9,8,84.0,14.4,89
8,47,0,4,9,40.0,15.2,47
8,91,1,6,7,85.0,13.6,91
9,87,1,4,5,85.0,13.5,87
4,60,0,8,1,40.0,4.4,60
5,82,0,7,3,68.0,6.5,82
5,91,1,5,5,74.0,7.5,91
8,92,1,7,8,90.0,14.4,92
7,92,1,8,1,82.0,7.700000000000001,92
9,60,0,5,5,57.0,13.5,60
8,66,0,6,9,61.0,15.2,66
2,58,0,6,9,38.0,3.8,58
4,62,1,8,9,46.0,7.6,62
6,90,0,5,6,80.0,9.600000000000001,90
2,89,0,7,7,67.0,3.4,89
7,90,0,8,8,84.0,12.6,90
3,82,0,6,4,58.0,4.199999999999999,82
3,74,1,8,8,55.0,5.4,74
2,79,0,7,8,57.0,3.6,79
8,91,0,4,6,87.0,12.8,91
6,90,1,9,1,80.0,6.6000000000000005,90
1,81,0,9,7,54.0,1.7,81
1,87,1,9,4,64.0,1.4,87
7,44,1,4,7,33.0,11.9,44
8,91,0,7,1,83.0,8.8,91
5,80,1,5,6,66.0,8.0,80
5,47,0,8,4,33.0,7.0,47
4,50,1,7,3,31.0,5.2,50
6,55,1,4,9,40.0,11.399999999999999,55
6,78,0,6,5,66.0,9.0,78
3,86,1,9,4,67.0,4.199999999999999,86
9,63,0,9,5,64.0,13.5,63
7,60,0,7,8,52.0,12.6,60
1,91,0,9,0,68.0,1.0,91
7,62,0,9,0,58.0,7.0,62
5,88,1,7,5,72.0,7.5,88
5,77,0,7,1,65.0,5.5,77
2,86,1,4,7,65.0,3.4,86
4,47,0,4,6,24.0,6.4,47
6,46,1,9,5,35.0,9.0,46
7,41,1,7,3,34.0,9.1,41
5,69,1,7,8,57.0,9.0,69
9,52,1,9,6,54.0,14.4,52
3,62,0,5,6,42.0,4.800000000000001,62
1,68,0,6,4,39.0,1.4,68
4,77,1,8,0,62.0,4.0,77
9,76,1,8,1,71.0,9.9,76
4,59,0,9,7,42.0,6.8,59
2,72,1,8,4,52.0,2.8,72
5,68,1,4,1,54.0,5.5,68
3,89,0,4,4,68.0,4.199999999999999,89
9,54,1,5,7,50.0,15.299999999999999,54
4,62,1,9,3,46.0,5.2,62
6,81,0,4,2,68.0,7.199999999999999,81
2,42,1,9,4,19.0,2.8,42
6,76,0,9,6,68.0,9.600000000000001,76
3,95,0,7,1,74.0,3.3000000000000003,95
9,68,0,6,0,63.0,9.0,68
2,84,0,6,4,60.0,2.8,84
9,47,1,9,6,47.0,14.4,47
5,61,0,6,7,47.0,8.5,61
8,92,0,6,7,87.0,13.6,92
2,68,1,8,9,45.0,3.8,68
6,41,0,8,8,31.0,10.8,41
3,80,1,7,0,61.0,3.0,80
5,88,0,5,6,73.0,8.0,88
8,98,0,4,9,92.0,15.2,98
1,89,0,4,7,65.0,1.7,89
5,84,0,8,5,69.0,7.5,84
3,40,1,9,9,20.0,5.699999999999999,40
4,83,1,6,3,66.0,5.2,83
2,59,1,7,6,38.0,3.2,59
9,91,0,5,2,81.0,10.799999999999999,91
3,60,0,8,1,39.0,3.3000000000000003,60
2,76,0,9,5,53.0,3.0,76
9,47,1,7,1,44.0,9.9,47
7,66,0,9,5,58.0,10.5,66
6,86,1,7,9,79.0,11.399999999999999,86
1,98,1,8,2,75.0,1.2,98
5,74,1,7,1,59.0,5.5,74
3,45,0,6,7,23.0,5.1,45
1,99,0,7,3,74.0,1.3,99
4,84,0,5,3,65.0,5.2,84
2,83,0,7,6,60.0,3.2,83
2,58,1,4,7,32.0,3.4,58
3,57,1,7,8,38.0,5.4,57
8,95,0,9,9,91.0,15.2,95
8,40,0,8,7,34.0,13.6,40
7,64,0,4,3,46.0,9.1,64
6,66,1,8,1,55.0,6.6000000000000005,66
9,46,0,9,9,43.0,17.099999999999998,46
4,83,1,5,4,67.0,5.6,83
1,81,1,6,6,56.0,1.6,81
8,68,1,5,1,58.0,8.8,68
7,70,1,4,3,60.0,9.1,70
7,83,1,9,5,77.0,10.5,83
3,82,1,9,7,69.0,5.1,82
4,75,1,6,9,60.0,7.6,75
9,58,0,7,5,52.0,13.5,58
6,45,0,4,5,36.0,9.0,45
5,64,0,6,5,49.0,7.5,64
3,70,1,8,3,50.0,3.9000000000000004,70
9,48,1,6,2,48.0,10.799999999999999,48
5,59,0,8,0,43.0,5.0,59
5,49,1,8,1,34.0,5.5,49
4,76,1,9,1,57.0,4.4,76
4,66,1,6,9,50.0,7.6,66
1,52,1,9,6,28.0,1.6,52
7,80,1,9,5,72.0,10.5,80
9,41,1,5,7,38.0,15.299999999999999,41
3,89,1,5,8,68.0,5.4,89
2,60,1,9,4,41.0,2.8,60
3,72,1,9,2,53.0,3.5999999999999996,72
1,63,1,8,3,36.0,1.3,63
6,92,1,9,7,80.0,10.2,92
7,83,1,4,2,73.0,8.4,83
2,81,0,6,1,59.0,2.2,81
8,73,1,4,6,67.0,12.8,73
6,99,1,5,3,91.0,7.800000000000001,99
4,48,0,4,7,34.0,6.8,48
5,41,0,7,0,23.0,5.0,41
8,94,0,7,7,86.0,13.6,94
3,95,1,5,4,73.0,4.199999999999999,95
3,69,1,4,1,49.0,3.3000000000000003,69
4,61,0,6,0,43.0,4.0,61
1,85,0,5,5,61.0,1.5,85
9,50,0,7,8,45.0,16.2,50
8,94,1,5,8,85.0,14.4,94
8,82,1,4,8,75.0,14.4,82
6,56,0,4,3,44.0,7.800000000000001,56
7,75,1,4,5,66.0,10.5,75
6,52,1,8,9,45.0,11.399999999999999,52
9,46,0,4,5,40.0,13.5,46
3,55,0,9,4,38.0,4.199999999999999,55
3,72,0,7,1,50.0,3.3000000000000003,72
3,84,1,7,6,67.0,4.800000000000001,84
3,40,1,8,0,21.0,3.0,40
9,50,1,7,5,51.0,13.5,50
4,45,1,7,4,25.0,5.6,45
7,59,1,5,4,53.0,9.799999999999999,59
9,74,0,4,7,71.0,15.299999999999999,74
7,83,1,9,8,77.0,12.6,83
9,76,1,9,6,75.0,14.4,76
3,80,0,5,9,60.0,5.699999999999999,80
4,65,0,9,7,49.0,6.8,65
8,97,0,5,1,87.0,8.8,97
6,51,0,9,1,40.0,6.6000000000000005,51
5,69,1,7,7,56.0,8.5,69
4,67,1,6,5,49.0,6.0,67
8,66,0,4,7,59.0,13.6,66
1,81,1,6,8,59.0,1.8,81
9,58,0,7,8,54.0,16.2,58
1,44,1,8,5,17.0,1.5,44
8,97,1,5,7,90.0,13.6,97
4,44,1,9,1,23.0,4.4,44
9,80,0,9,7,82.0,15.299999999999999,80
5,66,0,7,2,49.0,6.0,66
3,67,1,9,0,50.0,3.0,67
9,65,1,7,6,60.0,14.4,65
9,66,0,6,0,60.0,9.0,66
4,91,0,8,0,74.0,4.0,91
4,88,1,5,0,71.0,4.0,88
8,81,1,9,3,77.0,10.4,81
2,60,0,8,3,34.0,2.6,60
9,40,1,8,9,39.0,17.099999999999998,40
6,93,0,8,5,85.0,9.0,93
9,67,0,4,9,64.0,17.099999999999998,67
8,87,1,8,2,87.0,9.6,87
7,97,1,7,9,91.0,13.299999999999999,97
1,97,1,4,5,73.0,1.5,97
3,54,0,4,6,34.0,4.800000000000001,54
2,94,0,8,0,70.0,2.0,94
5,56,0,9,5,42.0,7.5,56
5,65,1,9,9,55.0,9.5,65
5,59,1,9,0,45.0,5.0,59
4,64,0,9,6,49.0,6.4,64
5,52,0,7,9,37.0,9.5,52
3,72,1,9,4,55.0,4.199999999999999,72
1,64,0,5,9,38.0,1.9,64
5,47,1,8,3,35.0,6.5,47
9,44,1,4,0,41.0,9.0,44
9,45,0,5,8,43.0,16.2,45
4,62,0,9,6,46.0,6.4,62
3,91,0,5,1,69.0,3.3000000000000003,91
1,69,0,4,3,37.0,1.3,69
2,53,0,9,3,31.0,2.6,53
8,93,1,5,7,90.0,13.6,93
1,62,0,7,1,33.0,1.1,62
8,50,1,7,4,44.0,11.2,50
7,70,0,8,9,62.0,13.299999999999999,70
8,45,0,8,7,41.0,13.6,45
6,50,0,5,5,38.0,9.0,50
9,52,0,4,3,45.0,11.700000000000001,52
3,51,0,7,4,34.0,4.199999999999999,51
4,93,0,6,1,72.0,4.4,93
6,41,1,8,4,29.0,8.399999999999999,41
8,92,0,7,2,83.0,9.6,92
5,74,0,9,2,61.0,6.0,74
3,94,0,5,6,75.0,4.800000000000001,94
6,75,0,7,2,63.0,7.199999999999999,75
4,56,1,7,3,36.0,5.2,56
9,67,1,5,6,62.0,14.4,67
3,67,1,8,2,49.0,3.5999999999999996,67
4,61,1,8,9,46.0,7.6,61
7,77,1,6,9,69.0,13.299999999999999,77
7,46,1,6,1,35.0,7.700000000000001,46
4,54,0,8,9,38.0,7.6,54
6,71,0,8,6,62.0,9.600000000000001,71
3,50,1,8,4,30.0,4.199999999999999,50
6,63,0,8,0,52.0,6.0,63
2,42,0,7,9,16.0,3.8,42
8,69,0,6,7,66.0,13.6,69
2,45,0,5,2,20.0,2.4,45
7,97,0,4,6,86.0,11.200000000000001,97
9,41,1,5,5,38.0,13.5,41
1,53,1,9,9,30.0,1.9,53
8,80,1,4,5,71.0,12.0,80
7,57,1,7,7,49.0,11.9,57
6,90,1,9,3,79.0,7.800000000000001,90
6,83,1,6,3,69.0,7.800000000000001,83
6,70,0,4,2,56.0,7.199999999999999,70
9,52,1,8,0,47.0,9.0,52
2,65,0,9,9,41.0,3.8,65
1,83,0,7,2,58.0,1.2,83
6,51,1,4,0,38.0,6.0,51
8,57,1,8,5,52.0,12.0,57
3,48,1,9,7,25.0,5.1,48
1,88,0,7,2,62.0,1.2,88
9,60,1,9,3,60.0,11.700000000000001,60
1,87,1,4,4,63.0,1.4,87
3,88,1,8,6,72.0,4.800000000000001,88
8,92,0,6,5,84.0,12.0,92
3,95,1,7,1,74.0,3.3000000000000003,95
4,79,1,4,6,61.0,6.4,79
8,82,0,8,7,77.0,13.6,82
1,63,0,6,0,36.0,1.0,63
6,73,0,9,5,65.0,9.0,73
1,47,1,8,8,23.0,1.8,47
1,83,1,6,6,60.0,1.6,83
8,92,0,4,4,83.0,11.2,92
4,72,1,8,9,56.0,7.6,72
1,62,0,8,9,37.0,1.9,62
7,52,0,5,8,43.0,12.6,52
5,93,0,7,1,76.0,5.5,93
5,92,0,8,6,83.0,8.0,92
1,88,0,6,8,63.0,1.8,88
6,53,1,7,1,39.0,6.6000000000000005,53
9,53,1,4,9,48.0,17.099999999999998,53
9,55,1,7,5,53.0,13.5,55
8,88,1,5,8,84.0,14.4,88
5,77,0,4,2,63.0,6.0,77
1,97,1,8,7,73.0,1.7,97
9,99,0,9,4,99.0,12.6,99
1,78,0,4,6,52.0,1.6,78
8,65,1,4,2,58.0,9.6,65
5,65,1,5,7,50.0,8.5,65
3,40,0,6,1,18.0,3.3000000000000003,40
7,71,1,4,7,62.0,11.9,71
7,96,1,6,1,87.0,7.700000000000001,96
9,54,1,7,6,53.0,14.4,54
7,91,1,9,1,87.0,7.700000000000001,91
3,60,0,5,6,37.0,4.800000000000001,60
1,57,0,8,0,31.0,1.0,57
8,69,1,4,5,63.0,12.0,69
3,99,0,9,9,81.0,5.699999999999999,99
8,97,0,9,6,95.0,12.8,97
8,52,1,6,3,45.0,10.4,52
5,63,1,4,0,48.0,5.0,63
1,69,0,9,5,47.0,1.5,69
7,41,0,5,3,31.0,9.1,41
5,58,0,8,2,43.0,6.0,58
8,86,1,7,3,82.0,10.4,86
9,83,0,7,5,80.0,13.5,83
7,86,0,6,4,76.0,9.799999999999999,86
7,64,1,9,1,57.0,7.700000000000001,64
1,89,0,7,1,64.0,1.1,89
4,53,1,6,2,35.0,4.8,53
2,45,1,8,5,24.0,3.0,45
2,51,0,4,0,30.0,2.0,51
2,59,1,5,6,38.0,3.2,59
4,62,1,8,7,45.0,6.8,62
1,69,0,8,6,44.0,1.6,69
4,69,1,7,2,53.0,4.8,69
2,77,0,7,5,53.0,3.0,77
5,97,1,5,3,84.0,6.5,97
3,69,1,4,4,47.0,4.199999999999999,69
8,80,0,8,2,76.0,9.6,80
4,69,0,9,4,57.0,5.6,69
1,96,0,7,5,71.0,1.5,96
1,97,1,8,7,74.0,1.7,97
3,75,0,4,5,54.0,4.5,75
9,88,1,6,8,84.0,16.2,88
7,73,0,4,9,62.0,13.299999999999999,73
2,55,1,8,9,35.0,3.8,55
9,63,0,8,9,62.0,17.099999999999998,63
2,53,1,5,9,30.0,3.8,53
3,65,0,8,3,47.0,3.9000000000000004,65
2,47,1,7,1,25.0,2.2,47
3,53,1,9,8,40.0,5.4,53
6,70,1,5,2,56.0,7.199999999999999,70
9,41,1,8,6,38.0,14.4,41
9,87,0,4,3,86.0,11.700000000000001,87
7,43,1,8,0,38.0,7.0,43
3,40,0,4,7,17.0,5.1,40
4,94,1,4,3,75.0,5.2,94
6,59,0,8,5,48.0,9.0,59
5,98,1,4,6,87.0,8.0,98
2,53,1,9,7,32.0,3.4,53
6,79,0,6,9,68.0,11.399999999999999,79
3,64,0,5,1,42.0,3.3000000000000003,64
8,99,1,8,8,96.0,14.4,99
2,64,0,6,9,42.0,3.8,64
1,42,0,4,2,18.0,1.2,42
9,44,0,4,0,41.0,9.0,44
3,77,1,5,1,54.0,3.3000000000000003,77
1,93,0,6,7,67.0,1.7,93
7,65,1,6,9,57.0,13.299999999999999,65
5,79,0,8,5,65.0,7.5,79
5,77,0,4,0,62.0,5.0,77
1,77,1,7,8,56.0,1.8,77
9,43,0,8,6,39.0,14.4,43
7,46,0,8,9,38.0,13.299999999999999,46
8,69,0,8,2,65.0,9.6,69
9,69,0,5,6,68.0,14.4,69
6,95,0,5,5,82.0,9.0,95
5,58,0,8,2,44.0,6.0,58
6,78,0,9,7,67.0,10.2,78
2,74,1,7,0,53.0,2.0,74
4,79,1,6,4,61.0,5.6,79
3,72,1,6,7,53.0,5.1,72
7,72,1,4,2,61.0,8.4,72
9,53,1,6,9,49.0,17.099999999999998,53
5,77,0,6,5,61.0,7.5,77
6,49,1,7,9,38.0,11.399999999999999,49
2,96,1,6,1,76.0,2.2,96
3,67,0,7,8,47.0,5.4,67
3,53,1,5,1,32.0,3.3000000000000003,53
9,75,0,7,4,71.0,12.6,75
7,77,0,5,2,69.0,8.4,77
8,55,1,7,9,53.0,15.2,55
9,99,1,8,8,100.0,16.2,99
6,60,0,9,8,49.0,10.8,60
4,67,0,5,6,48.0,6.4,67
1,72,1,5,9,45.0,1.9,72
8,45,0,6,4,40.0,11.2,45
7,80,1,5,8,71.0,12.6,80
2,54,1,7,6,34.0,3.2,54
8,83,1,8,1,76.0,8.8,83
5,42,1,8,9,29.0,9.5,42
7,82,0,6,0,71.0,7.0,82
4,86,0,7,9,69.0,7.6,86
5,74,1,7,9,58.0,9.5,74
8,53,1,4,3,43.0,10.4,53
1,41,0,5,9,17.0,1.9,41
1,68,0,6,7,41.0,1.7,68
4,43,0,8,5,27.0,6.0,43
3,65,0,9,1,45.0,3.3000000000000003,65
2,90,0,4,4,65.0,2.8,90
3,51,1,7,8,31.0,5.4,51
1,41,1,5,5,14.0,1.5,41
1,56,1,8,5,33.0,1.5,56
6,74,1,4,6,60.0,9.600000000000001,74
5,49,0,7,4,34.0,7.0,49
8,87,0,8,2,82.0,9.6,87
2,61,1,8,2,40.0,2.4,61
4,80,1,7,4,66.0,5.6,80
8,82,0,7,3,76.0,10.4,82
6,60,1,6,4,46.0,8.399999999999999,60
1,54,1,8,8,31.0,1.8,54
4,74,0,7,4,57.0,5.6,74
1,87,0,9,3,65.0,1.3,87
2,60,0,9,3,38.0,2.6,60
5,60,1,4,0,46.0,5.0,60
8,60,0,5,9,53.0,15.2,60
8,99,0,9,3,97.0,10.4,99
3,83,1,6,3,63.0,3.9000000000000004,83
4,71,0,7,8,55.0,7.2,71
6,94,1,5,3,79.0,7.800000000000001,94
3,44,1,6,6,26.0,4.800000000000001,44
2,78,1,8,0,55.0,2.0,78
6,48,1,5,6,37.0,9.600000000000001,48
5,92,0,9,1,78.0,5.5,92
5,57,1,6,7,45.0,8.5,57
5,60,0,7,0,45.0,5.0,60
5,47,0,7,9,34.0,9.5,47
3,83,0,6,2,66.0,3.5999999999999996,83
7,91,0,8,7,79.0,11.9,91
6,73,0,9,9,63.0,11.399999999999999,73
4,49,1,6,7,32.0,6.8,49
2,90,0,4,4,64.0,2.8,90
9,80,1,6,4,78.0,12.6,80
1,96,1,6,7,69.0,1.7,96
4,63,1,9,9,46.0,7.6,63
1,79,0,7,4,54.0,1.4,79
6,63,0,8,8,51.0,10.8,63
4,95,0,6,0,78.0,4.0,95
5,71,0,5,4,54.0,7.0,71
5,95,1,7,2,80.0,6.0,95
9,72,0,7,2,67.0,10.799999999999999,72
1,77,0,6,1,48.0,1.1,77
2,83,1,9,2,61.0,2.4,83
6,96,1,5,6,83.0,9.600000000000001,96
5,95,1,6,7,82.0,8.5,95
7,90,1,5,7,78.0,11.9,90
3,98,1,7,7,78.0,5.1,98
3,88,1,5,0,70.0,3.0,88
2,73,1,6,6,48.0,3.2,73
3,50,0,4,1,26.0,3.3000000000000003,50
1,70,0,4,9,46.0,1.9,70
5,57,1,5,3,42.0,6.5,57
5,62,1,9,4,46.0,7.0,62
7,99,0,6,0,91.0,7.0,99
4,61,1,8,3,47.0,5.2,61
3,82,1,4,3,61.0,3.9000000000000004,82
1,57,1,7,8,31.0,1.8,57
8,79,1,6,8,71.0,14.4,79
3,86,1,6,9,66.0,5.699999999999999,86
2,80,0,4,0,52.0,2.0,80
4,86,1,8,7,71.0,6.8,86
3,78,1,7,3,60.0,3.9000000000000004,78
1,59,1,8,3,32.0,1.3,59
3,52,0,7,4,33.0,4.199999999999999,52
2,84,0,4,1,56.0,2.2,84
8,40,1,6,0,32.0,8.0,40
6,91,1,7,4,76.0,8.399999999999999,91
9,43,1,6,6,40.0,14.4,43
8,63,1,5,9,60.0,15.2,63
3,75,0,5,8,54.0,5.4,75
5,75,0,4,1,59.0,5.5,75
7,84,1,4,7,74.0,11.9,84
5,41,1,9,6,29.0,8.0,41
8,67,0,4,1,61.0,8.8,67
5,65,0,5,4,50.0,7.0,65
1,62,1,7,6,36.0,1.6,62
5,54,1,8,2,41.0,6.0,54
4,75,1,4,1,60.0,4.4,75
6,66,0,8,5,56.0,9.0,66
3,45,0,8,9,23.0,5.699999999999999,45
5,74,0,5,5,63.0,7.5,74
2,78,0,9,3,54.0,2.6,78
6,77,1,7,0,64.0,6.0,77
6,74,0,5,4,64.0,8.399999999999999,74
5,75,0,4,0,58.0,5.0,75
6,49,0,5,7,38.0,10.2,49
7,69,1,5,1,60.0,7.700000000000001,69
5,92,0,5,8,79.0,9.0,92
1,80,0,4,8,57.0,1.8,80
8,77,0,4,2,69.0,9.6,77
4,68,1,5,5,51.0,6.0,68
9,91,0,5,8,86.0,16.2,91
6,98,1,8,6,90.0,9.600000000000001,98
1,82,1,7,3,57.0,1.3,82
3,78,0,8,2,61.0,3.5999999999999996,78
3,89,1,9,1,71.0,3.3000000000000003,89
4,43,0,7,9,30.0,7.6,43
6,44,1,9,9,34.0,11.399999999999999,44
7,43,1,7,0,34.0,7.0,43
4,75,0,5,9,58.0,7.6,75
6,98,0,8,0,85.0,6.0,98
1,84,1,7,3,55.0,1.3,84
8,55,1,9,3,51.0,10.4,55
7,64,1,7,8,53.0,12.6,64
9,53,1,4,9,51.0,17.099999999999998,53
3,50,0,7,0,31.0,3.0,50
2,68,1,5,3,44.0,2.6,68
1,73,1,6,2,48.0,1.2,73
3,61,0,4,8,41.0,5.4,61
5,53,1,6,4,40.0,7.0,53
2,95,0,5,8,72.0,3.6,95
3,63,0,6,9,41.0,5.699999999999999,63
4,98,0,7,5,78.0,6.0,98
7,78,1,6,8,70.0,12.6,78
3,65,0,8,0,41.0,3.0,65
9,82,0,5,3,78.0,11.700000000000001,82
8,75,0,8,3,70.0,10.4,75
4,78,1,6,9,61.0,7.6,78
1,55,1,8,9,33.0,1.9,55
1,97,1,4,5,71.0,1.5,97
1,77,1,6,9,51.0,1.9,77
1,98,0,9,0,72.0,1.0,98
8,71,0,8,9,69.0,15.2,71
3,45,0,7,4,21.0,4.199999999999999,45
6,73,1,6,2,61.0,7.199999999999999,73
3,95,0,9,0,76.0,3.0,95
5,47,1,4,5,30.0,7.5,47
7,69,1,7,2,59.0,8.4,69
2,66,1,6,3,45.0,2.6,66
6,46,0,7,8,39.0,10.8,46
6,66,0,6,1,53.0,6.6000000000000005,66
3,64,1,6,0,43.0,3.0,64
6,95,0,5,9,85.0,11.399999999999999,95
5,85,1,8,5,70.0,7.5,85
2,80,0,6,0,56.0,2.0,80
9,54,1,4,0,52.0,9.0,54
8,64,1,9,6,65.0,12.8,64
3,61,1,8,1,39.0,3.3000000000000003,61
8,57,0,5,3,48.0,10.4,57
9,51,0,8,3,47.0,11.700000000000001,51
3,62,0,8,1,41.0,3.3000000000000003,62
3,90,0,6,5,72.0,4.5,90
2,84,0,4,9,61.0,3.8,84
8,78,1,6,1,74.0,8.8,78
1,64,0,4,7,38.0,1.7,64
8,49,1,4,3,42.0,10.4,49
7,69,0,7,0,60.0,7.0,69
7,49,0,6,6,35.0,11.200000000000001,49
3,73,0,5,5,52.0,4.5,73
1,85,1,9,5,61.0,1.5,85
4,52,0,8,2,32.0,4.8,52
9,93,1,7,9,95.0,17.099999999999998,93
5,68,0,5,6,53.0,8.0,68
1,77,1,9,5,54.0,1.5,77
5,80,1,9,9,70.0,9.5,80
8,84,1,6,9,78.0,15.2,84
8,48,1,4,8,42.0,14.4,48
5,52,0,6,2,33.0,6.0,52
9,76,0,9,2,75.0,10.799999999999999,76
1,53,1,6,3,26.0,1.3,53
4,76,0,7,2,58.0,4.8,76
3,48,1,5,3,29.0,3.9000000000000004,48
2,47,0,9,5,29.0,3.0,47
8,78,0,7,0,70.0,8.0,78
7,79,0,5,1,67.0,7.700000000000001,79
9,93,1,7,9,93.0,17.099999999999998,93
2,42,0,8,5,21.0,3.0,42
4,94,1,4,5,74.0,6.0,94
6,95,0,4,0,82.0,6.0,95
3,86,1,4,5,65.0,4.5,86
8,79,0,8,8,75.0,14.4,79
3,72,1,9,7,55.0,5.1,72
2,71,1,9,9,54.0,3.8,71
3,46,1,8,4,26.0,4.199999999999999,46
6,58,0,4,3,48.0,7.800000000000001,58
2,73,1,4,5,49.0,3.0,73
8,53,0,5,4,49.0,11.2,53
1,89,1,5,5,64.0,1.5,89
7,86,1,6,9,81.0,13.299999999999999,86
2,85,1,7,2,64.0,2.4,85
6,95,0,5,6,82.0,9.600000000000001,95
2,96,0,5,7,74.0,3.4,96
2,58,0,5,4,32.0,2.8,58
8,90,0,5,4,83.0,11.2,90
2,93,0,8,3,68.0,2.6,93
7,98,0,6,9,90.0,13.299999999999999,98
3,65,0,5,4,44.0,4.199999999999999,65
8,56,1,9,9,51.0,15.2,56
7,93,1,7,7,86.0,11.9,93
8,67,0,5,4,62.0,11.2,67
7,58,0,8,8,48.0,12.6,58
6,66,0,9,0,56.0,6.0,66
7,87,0,4,6,79.0,11.200000000000001,87
5,91,0,4,4,74.0,7.0,91
7,96,1,6,3,82.0,9.1,96
1,58,0,4,2,32.0,1.2,58
1,72,0,5,9,46.0,1.9,72
9,90,0,8,6,88.0,14.4,90
5,46,1,6,1,35.0,5.5,46
5,68,1,9,4,56.0,7.0,68
3,94,1,5,1,74.0,3.3000000000000003,94
5,82,1,4,6,67.0,8.0,82
3,44,0,7,5,23.0,4.5,44
9,69,1,5,9,67.0,17.099999999999998,69
9,88,1,7,6,86.0,14.4,88
6,82,1,9,8,70.0,10.8,82
1,95,1,7,1,68.0,1.1,95
7,97,1,9,8,91.0,12.6,97
7,47,0,6,6,42.0,11.200000000000001,47
4,81,1,8,1,62.0,4.4,81
8,51,1,4,9,44.0,15.2,51
6,81,1,4,1,67.0,6.6000000000000005,81
4,52,0,5,3,35.0,5.2,52
4,65,0,4,1,46.0,4.4,65
2,57,0,6,0,31.0,2.0,57
2,81,0,4,5,59.0,3.0,81
4,90,0,5,9,71.0,7.6,90
5,91,0,4,4,74.0,7.0,91
8,88,0,8,2,80.0,9.6,88
6,59,0,9,0,49.0,6.0,59
4,55,1,7,8,39.0,7.2,55
7,76,1,7,7,67.0,11.9,76
8,42,0,9,5,38.0,12.0,42
2,66,1,7,5,47.0,3.0,66
7,54,0,8,3,41.0,9.1,54
2,97,1,6,1,75.0,2.2,97
2,73,1,5,3,53.0,2.6,73
8,84,0,8,1,81.0,8.8,84
2,61,1,5,6,37.0,3.2,61
9,79,0,6,8,77.0,16.2,79
1,62,0,8,1,36.0,1.1,62
9,98,1,4,8,95.0,16.2,98
1,88,0,6,8,65.0,1.8,88
2,43,1,7,7,18.0,3.4,43
6,90,1,8,0,80.0,6.0,90
6,93,0,6,4,81.0,8.399999999999999,93
1,96,0,6,9,73.0,1.9,96
7,80,0,8,3,74.0,9.1,80
8,62,0,7,6,57.0,12.8,62
2,86,0,9,7,64.0,3.4,86
8,99,1,7,9,97.0,15.2,99
9,48,0,6,7,42.0,15.299999999999999,48
6,63,1,5,1,48.0,6.6000000000000005,63
5,60,0,9,2,46.0,6.0,60
9,80,1,9,9,79.0,17.099999999999998,80
9,85,1,6,9,83.0,17.099999999999998,85
1,94,1,8,6,70.0,1.6,94
3,92,1,8,3,73.0,3.9000000000000004,92
9,55,1,8,5,56.0,13.5,55
2,95,0,7,7,71.0,3.4,95
4,94,1,4,7,76.0,6.8,94
4,64,0,8,6,49.0,6.4,64
2,65,1,8,1,43.0,2.2,65
3,88,0,9,1,67.0,3.3000000000000003,88
3,84,1,5,2,63.0,3.5999999999999996,84
1,48,1,5,3,18.0,1.3,48
6,54,0,6,0,43.0,6.0,54
8,78,0,6,4,72.0,11.2,78
3,72,1,6,6,57.0,4.800000000000001,72
5,40,1,8,9,25.0,9.5,40
1,44,0,5,4,15.0,1.4,44
7,95,1,6,6,88.0,11.200000000000001,95
1,48,1,5,4,24.0,1.4,48
9,83,0,8,9,81.0,17.099999999999998,83
8,45,1,9,7,40.0,13.6,45
7,67,1,8,6,60.0,11.200000000000001,67
7,84,0,6,0,73.0,7.0,84
5,65,1,8,0,52.0,5.0,65
5,67,0,8,4,53.0,7.0,67
5,79,0,5,1,65.0,5.5,79
1,54,1,4,8,30.0,1.8,54
8,45,1,7,1,39.0,8.8,45
1,66,0,6,8,43.0,1.8,66
4,77,0,4,9,59.0,7.6,77
9,43,1,9,1,38.0,9.9,43
9,50,0,6,3,44.0,11.700000000000001,50
5,60,1,4,2,44.0,6.0,60
4,69,0,8,5,53.0,6.0,69
3,57,0,6,3,37.0,3.9000000000000004,57
3,74,0,4,8,52.0,5.4,74
5,42,1,7,8,30.0,9.0,42
1,51,0,8,9,22.0,1.9,51
5,66,0,6,8,51.0,9.0,66
6,92,0,9,2,82.0,7.199999999999999,92
7,69,0,9,2,63.0,8.4,69
9,60,1,6,3,58.0,11.700000000000001,60
3,77,0,4,8,58.0,5.4,77
2,60,1,6,5,38.0,3.0,60
3,99,0,8,8,80.0,5.4,99
9,77,0,5,7,70.0,15.299999999999999,77
7,79,1,9,6,72.0,11.200000000000001,79
9,54,1,4,4,48.0,12.6,54
2,57,0,7,8,36.0,3.6,57
5,91,0,6,3,73.0,6.5,91
4,68,0,8,3,51.0,5.2,68
2,87,1,6,7,63.0,3.4,87
9,77,0,7,3,74.0,11.700000000000001,77
9,99,1,8,6,98.0,14.4,99
6,60,0,7,3,45.0,7.800000000000001,60
6,56,1,8,0,45.0,6.0,56
8,80,1,5,9,74.0,15.2,80
6,90,1,9,8,81.0,10.8,90
1,57,0,8,3,30.0,1.3,57
4,96,0,7,2,77.0,4.8,96
7,94,1,4,2,86.0,8.4,94
2,76,1,9,8,58.0,3.6,76
9,99,1,5,7,99.0,15.299999999999999,99
8,77,0,6,9,69.0,15.2,77
8,51,0,5,6,47.0,12.8,51
7,50,0,5,6,42.0,11.200000000000001,50
4,87,1,6,3,73.0,5.2,87
2,91,0,8,2,71.0,2.4,91
3,88,0,5,3,68.0,3.9000000000000004,88
6,59,0,9,5,47.0,9.0,59
5,48,1,5,3,31.0,6.5,48
8,40,0,4,3,31.0,10.4,40
6,97,0,9,1,86.0,6.6000000000000005,97
6,42,0,4,6,27.0,9.600000000000001,42
1,60,0,9,5,32.0,1.5,60
4,62,0,7,1,41.0,4.4,62
5,48,1,6,4,33.0,7.0,48
3,93,1,9,5,75.0,4.5,93
9,58,1,9,4,57.0,12.6,58
1,84,1,8,3,59.0,1.3,84
6,94,0,8,8,87.0,10.8,94
6,85,0,7,2,72.0,7.199999999999999,85
5,91,1,8,1,78.0,5.5,91
5,58,1,8,8,46.0,9.0,58
5,62,1,4,7,47.0,8.5,62
6,66,0,8,8,58.0,10.8,66
8,66,0,8,9,63.0,15.2,66
2,78,0,7,2,56.0,2.4,78
6,75,1,7,0,62.0,6.0,75
1,51,1,5,0,23.0,1.0,51
4,94,1,8,2,73.0,4.8,94
3,66,0,8,3,46.0,3.9000000000000004,66
9,85,0,9,1,80.0,9.9,85
3,73,1,8,7,59.0,5.1,73
6,72,1,4,2,60.0,7.199999999999999,72
1,67,0,9,3,41.0,1.3,67
6,70,0,8,5,61.0,9.0,70
4,71,1,4,9,51.0,7.6,71
8,89,1,5,5,82.0,12.0,89
9,59,0,9,1,55.0,9.9,59
4,79,1,6,5,64.0,6.0,79
6,74,1,8,3,61.0,7.800000000000001,74
1,70,0,9,4,44.0,1.4,70
4,97,1,7,6,81.0,6.4,97
7,70,0,9,6,64.0,11.200000000000001,70
1,77,1,7,5,53.0,1.5,77
8,61,0,8,9,55.0,15.2,61
6,84,1,4,5,72.0,9.0,84
5,80,1,7,5,65.0,7.5,80
9,48,1,9,3,44.0,11.700000000000001,48
2,91,0,9,2,70.0,2.4,91
5,48,1,7,0,34.0,5.0,48
6,54,1,5,2,41.0,7.199999999999999,54
7,52,0,5,2,43.0,8.4,52
5,61,1,5,8,48.0,9.0,61
9,55,0,7,2,46.0,10.799999999999999,55
1,71,0,7,7,47.0,1.7,71
7,41,0,9,7,37.0,11.9,41
7,65,1,8,2,56.0,8.4,65
4,53,0,8,9,40.0,7.6,53
9,98,1,4,9,96.0,17.099999999999998,98
5,77,0,7,5,63.0,7.5,77
4,73,1,8,7,58.0,6.8,73
7,47,0,8,7,36.0,11.9,47
4,75,0,5,9,61.0,7.6,75
3,60,1,5,9,39.0,5.699999999999999,60
9,95,0,5,8,90.0,16.2,95
8,85,1,6,8,79.0,14.4,85
1,82,0,8,7,58.0,1.7,82
7,95,1,5,6,89.0,11.200000000000001,95
9,67,0,5,9,64.0,17.099999999999998,67
8,85,0,7,2,78.0,9.6,85
8,83,1,9,6,79.0,12.8,83
6,87,0,5,3,72.0,7.800000000000001,87
4,45,1,7,1,26.0,4.4,45
8,59,1,4,7,52.0,13.6,59
3,70,0,5,1,49.0,3.3000000000000003,70
9,72,0,9,0,66.0,9.0,72
2,83,0,7,4,59.0,2.8,83
2,46,1,9,9,28.0,3.8,46
7,47,1,5,8,39.0,12.6,47
4,48,0,4,4,31.0,5.6,48
8,41,1,5,1,33.0,8.8,41
9,56,0,7,9,57.0,17.099999999999998,56
7,91,0,4,3,83.0,9.1,91
5,84,0,4,7,69.0,8.5,84
8,76,1,4,6,71.0,12.8,76
4,81,1,6,4,62.0,5.6,81
2,83,0,7,3,58.0,2.6,83
6,56,1,6,4,46.0,8.399999999999999,56
9,92,0,9,6,93.0,14.4,92
1,77,0,4,4,48.0,1.4,77
7,74,1,6,7,68.0,11.9,74
9,99,0,5,6,97.0,14.4,99
9,86,0,6,6,82.0,14.4,86
3,78,0,8,8,57.0,5.4,78
5,69,0,9,7,55.0,8.5,69
8,45,0,4,7,37.0,13.6,45
8,43,1,4,5,35.0,12.0,43
4,90,1,9,6,72.0,6.4,90
1,76,0,9,7,51.0,1.7,76
1,74,1,7,4,50.0,1.4,74
4,97,0,5,9,82.0,7.6,97
6,96,0,9,1,84.0,6.6000000000000005,96
8,48,0,9,6,46.0,12.8,48
6,45,0,7,9,34.0,11.399999999999999,45
9,52,1,9,2,55.0,10.799999999999999,52
9,98,1,6,9,95.0,17.099999999999998,98
2,61,0,8,7,40.0,3.4,61
1,67,1,8,5,42.0,1.5,67
2,69,0,8,3,45.0,2.6,69
5,91,1,9,1,80.0,5.5,91
4,75,0,8,6,60.0,6.4,75
4,41,0,5,0,21.0,4.0,41
9,97,0,6,6,95.0,14.4,97
8,75,1,8,9,72.0,15.2,75
6,47,1,4,9,35.0,11.399999999999999,47
1,84,0,9,6,58.0,1.6,84
2,81,1,6,9,59.0,3.8,81
6,89,1,5,2,77.0,7.199999999999999,89
2,48,1,8,3,23.0,2.6,48
5,40,1,5,3,26.0,6.5,40
5,52,1,9,3,39.0,6.5,52
6,89,1,8,8,79.0,10.8,89
6,54,1,4,5,39.0,9.0,54
6,71,1,6,9,61.0,11.399999999999999,71
2,73,1,4,8,47.0,3.6,73
3,82,1,8,3,63.0,3.9000000000000004,82
6,70,1,7,6,61.0,9.600000000000001,70
8,53,1,6,9,51.0,15.2,53
1,93,1,5,8,68.0,1.8,93
1,86,0,8,9,66.0,1.9,86
2,53,0,4,2,29.0,2.4,53
6,87,1,9,2,78.0,7.199999999999999,87
9,94,1,7,5,94.0,13.5,94
4,68,1,9,7,56.0,6.8,68
3,86,0,8,0,68.0,3.0,86
8,58,0,5,3,50.0,10.4,58
9,66,1,4,7,62.0,15.299999999999999,66
5,48,1,6,5,31.0,7.5,48
9,76,1,7,1,73.0,9.9,76
2,76,1,8,7,57.0,3.4,76
3,82,1,8,0,60.0,3.0,82
7,67,0,8,0,56.0,7.0,67
7,91,1,8,6,88.0,11.200000000000001,91
6,96,0,4,9,84.0,11.399999999999999,96
6,63,1,6,2,48.0,7.199999999999999,63
2,67,1,5,7,41.0,3.4,67
6,75,0,7,8,65.0,10.8,75
4,91,0,8,7,74.0,6.8,91
3,57,1,9,0,38.0,3.0,57
2,64,0,8,0,40.0,2.0,64
1,74,1,6,5,49.0,1.5,74
5,43,0,6,0,30.0,5.0,43
2,53,0,4,7,29.0,3.4,53
2,78,1,4,5,57.0,3.0,78
7,65,1,9,4,58.0,9.799999999999999,65
8,47,0,9,5,40.0,12.0,47
8,63,1,4,3,60.0,10.4,63
4,55,0,7,0,41.0,4.0,55
1,59,0,9,6,34.0,1.6,59
7,54,1,4,9,46.0,13.299999999999999,54
1,46,0,8,8,24.0,1.8,46
4,97,1,4,3,79.0,5.2,97
8,56,1,7,3,52.0,10.4,56
2,61,0,4,8,36.0,3.6,61
6,61,1,4,3,52.0,7.800000000000001,61
6,93,0,8,9,84.0,11.399999999999999,93
9,51,0,9,3,50.0,11.700000000000001,51
5,57,1,8,7,47.0,8.5,57
4,95,1,8,3,81.0,5.2,95
5,85,0,4,8,70.0,9.0,85
5,86,1,8,7,77.0,8.5,86
8,54,0,6,4,49.0,11.2,54
8,76,0,5,8,70.0,14.4,76
2,55,0,5,7,28.0,3.4,55
7,44,0,8,9,36.0,13.299999999999999,44
8,41,0,9,3,34.0,10.4,41
6,91,1,7,3,80.0,7.800000000000001,91
5,67,0,8,0,51.0,5.0,67
9,96,0,9,3,95.0,11.700000000000001,96
3,80,0,8,7,60.0,5.1,80
4,93,0,4,4,78.0,5.6,93
9,66,0,9,5,65.0,13.5,66
6,70,0,7,3,57.0,7.800000000000001,70
8,80,1,8,4,75.0,11.2,80
7,75,1,6,9,69.0,13.299999999999999,75
2,86,0,9,7,62.0,3.4,86
3,82,0,5,8,63.0,5.4,82
1,40,0,9,2,11.0,1.2,40
9,89,1,6,9,91.0,17.099999999999998,89
7,68,0,6,3,58.0,9.1,68
1,40,0,6,0,15.0,1.0,40
3,47,0,7,4,24.0,4.199999999999999,47
4,96,0,7,3,80.0,5.2,96
4,55,0,9,5,36.0,6.0,55
5,97,0,7,5,83.0,7.5,97
3,67,1,5,9,49.0,5.699999999999999,67
3,61,0,4,5,41.0,4.5,61
1,57,0,9,2,33.0,1.2,57
7,61,0,8,6,52.0,11.200000000000001,61
1,80,0,8,2,52.0,1.2,80
2,51,0,9,5,31.0,3.0,51
4,58,0,4,9,38.0,7.6,58
4,64,0,8,0,45.0,4.0,64
5,89,0,9,7,79.0,8.5,89
2,98,0,9,6,78.0,3.2,98
4,44,1,6,8,24.0,7.2,44
1,98,1,5,2,72.0,1.2,98
2,73,1,8,7,52.0,3.4,73
1,78,0,5,1,50.0,1.1,78
4,98,1,9,8,83.0,7.2,98
4,49,1,4,0,32.0,4.0,49
7,86,1,9,9,84.0,13.299999999999999,86
9,96,1,8,6,95.0,14.4,96
9,46,0,5,9,43.0,17.099999999999998,46
5,99,1,6,0,82.0,5.0,99
1,76,1,6,5,54.0,1.5,76
1,86,0,9,0,59.0,1.0,86
6,91,1,4,3,78.0,7.800000000000001,91
2,99,0,7,6,79.0,3.2,99
8,91,1,8,1,87.0,8.8,91
9,54,1,9,2,53.0,10.799999999999999,54
4,81,1,6,3,65.0,5.2,81
5,63,0,6,5,48.0,7.5,63
8,65,1,4,8,61.0,14.4,65
3,65,1,6,3,41.0,3.9000000000000004,65
5,85,0,8,5,75.0,7.5,85
3,65,1,4,6,44.0,4.800000000000001,65
3,97,1,5,3,79.0,3.9000000000000004,97
3,49,1,4,5,29.0,4.5,49
7,56,1,8,2,44.0,8.4,56
7,92,1,8,4,85.0,9.799999999999999,92
7,53,0,5,9,40.0,13.299999999999999,53
8,41,0,9,3,36.0,10.4,41
5,87,0,4,6,72.0,8.0,87
5,52,1,8,5,36.0,7.5,52
4,66,1,8,6,51.0,6.4,66
7,48,1,5,5,38.0,10.5,48
4,46,1,7,1,28.0,4.4,46
2,87,1,4,6,59.0,3.2,87
4,49,0,8,7,30.0,6.8,49
8,95,0,6,6,88.0,12.8,95
9,93,0,5,3,87.0,11.700000000000001,93
3,48,1,7,3,27.0,3.9000000000000004,48
7,61,0,7,4,51.0,9.799999999999999,61
9,62,0,5,8,59.0,16.2,62
4,46,0,7,4,23.0,5.6,46
3,87,0,8,1,71.0,3.3000000000000003,87
5,48,1,7,4,33.0,7.0,48
1,66,1,4,2,38.0,1.2,66
3,63,0,6,9,45.0,5.699999999999999,63
8,68,0,8,7,67.0,13.6,68
8,56,0,5,9,49.0,15.2,56
4,59,0,6,9,44.0,7.6,59
2,46,0,9,1,22.0,2.2,46
8,82,0,8,3,79.0,10.4,82
8,79,0,6,4,74.0,11.2,79
4,46,0,7,3,26.0,5.2,46
3,67,0,9,4,49.0,4.199999999999999,67
2,58,1,5,9,33.0,3.8,58
9,59,0,5,3,53.0,11.700000000000001,59
1,83,1,4,2,53.0,1.2,83
7,78,1,7,0,69.0,7.0,78
5,79,0,4,3,65.0,6.5,79
8,46,0,4,8,37.0,14.4,46
4,45,1,7,0,28.0,4.0,45
7,64,1,8,6,56.0,11.200000000000001,64
5,80,0,9,2,64.0,6.0,80
5,98,1,4,7,83.0,8.5,98
9,52,0,6,5,50.0,13.5,52
9,78,0,9,0,77.0,9.0,78
9,79,1,8,9,79.0,17.099999999999998,79
6,61,0,7,4,49.0,8.399999999999999,61
6,88,1,5,7,77.0,10.2,88
5,56,0,8,2,40.0,6.0,56
9,87,0,4,3,83.0,11.700000000000001,87
8,61,1,6,6,53.0,12.8,61
7,73,1,9,5,66.0,10.5,73
7,47,0,7,6,42.0,11.200000000000001,47
6,88,0,5,8,76.0,10.8,88
5,84,1,9,8,75.0,9.0,84
4,57,0,6,1,40.0,4.4,57
3,63,1,5,2,45.0,3.5999999999999996,63
3,99,1,7,3,73.0,3.9000000000000004,99
6,93,1,9,5,84.0,9.0,93
4,99,0,8,4,84.0,5.6,99
6,81,1,4,5,71.0,9.0,81
3,41,0,7,7,23.0,5.1,41
4,41,1,6,1,24.0,4.4,41
9,66,0,8,5,64.0,13.5,66
5,53,0,9,8,38.0,9.0,53
7,87,1,5,4,74.0,9.799999999999999,87
2,78,1,8,0,58.0,2.0,78
5,92,1,8,7,78.0,8.5,92
9,92,0,6,3,88.0,11.700000000000001,92
3,95,0,4,7,76.0,5.1,95
9,51,0,8,3,48.0,11.700000000000001,51
6,71,1,8,7,59.0,10.2,71
4,67,1,4,8,46.0,7.2,67
7,94,1,4,4,84.0,9.799999999999999,94
8,67,1,5,4,61.0,11.2,67
6,85,1,9,1,76.0,6.6000000000000005,85
5,64,0,5,8,49.0,9.0,64
6,43,1,4,3,30.0,7.800000000000001,43
5,65,0,7,2,47.0,6.0,65
8,75,1,4,1,70.0,8.8,75
1,89,1,5,2,69.0,1.2,89
7,42,1,6,3,35.0,9.1,42
2,40,1,6,8,20.0,3.6,40
9,56,1,9,5,55.0,13.5,56
1,46,0,8,9,19.0,1.9,46
6,87,1,6,4,74.0,8.399999999999999,87
9,44,0,5,8,42.0,16.2,44
1,58,0,6,7,34.0,1.7,58
4,78,0,7,5,59.0,6.0,78
4,85,0,4,2,67.0,4.8,85
9,73,1,4,6,70.0,14.4,73
5,74,1,5,9,61.0,9.5,74
5,88,1,8,5,76.0,7.5,88
6,55,1,4,7,44.0,10.2,55
1,79,1,6,5,50.0,1.5,79
1,89,0,7,9,68.0,1.9,89
9,86,1,8,3,87.0,11.700000000000001,86
3,78,1,8,9,60.0,5.699999999999999,78
4,66,0,8,6,47.0,6.4,66
1,80,1,4,6,55.0,1.6,80
9,77,1,9,7,73.0,15.299999999999999,77
8,89,0,8,1,87.0,8.8,89
2,89,1,5,5,66.0,3.0,89
8,64,0,6,2,56.0,9.6,64
7,65,0,9,7,59.0,11.9,65
6,95,1,7,3,83.0,7.800000000000001,95
1,53,0,6,3,26.0,1.3,53
7,53,1,5,1,41.0,7.700000000000001,53
7,53,1,5,5,45.0,10.5,53
9,64,1,9,5,63.0,13.5,64
1,75,0,6,0,50.0,1.0,75
2,43,0,4,7,15.0,3.4,43
9,86,0,5,2,79.0,10.799999999999999,86
9,54,0,8,0,49.0,9.0,54
6,71,0,7,9,63.0,11.399999999999999,71
6,57,0,7,0,42.0,6.0,57
4,53,0,5,0,32.0,4.0,53
4,97,0,8,4,84.0,5.6,97
5,40,0,6,4,26.0,7.0,40
3,81,0,7,0,62.0,3.0,81
1,59,0,8,4,33.0,1.4,59
1,49,1,8,6,28.0,1.6,49
7,49,0,4,4,36.0,9.799999999999999,49
1,98,1,5,8,73.0,1.8,98
1,63,1,8,3,37.0,1.3,63
3,73,1,6,8,53.0,5.4,73
4,67,1,7,7,48.0,6.8,67
4,66,0,4,0,48.0,4.0,66
2,79,1,6,3,54.0,2.6,79
1,40,1,7,6,12.0,1.6,40
3,72,1,5,0,46.0,3.0,72
4,43,0,6,7,24.0,6.8,43
3,46,1,7,1,26.0,3.3000000000000003,46
8,48,1,4,7,42.0,13.6,48
1,55,0,7,3,28.0,1.3,55
2,44,0,8,7,20.0,3.4,44
7,73,0,4,0,61.0,7.0,73
4,99,0,6,4,80.0,5.6,99
8,62,0,9,8,62.0,14.4,62
3,82,0,5,6,59.0,4.800000000000001,82
6,89,0,4,2,74.0,7.199999999999999,89
9,64,0,4,3,59.0,11.700000000000001,64
1,96,0,4,9,68.0,1.9,96
1,90,1,7,6,66.0,1.6,90
8,52,0,8,5,43.0,12.0,52
3,63,1,9,3,44.0,3.9000000000000004,63
5,50,1,5,2,34.0,6.0,50
1,91,0,5,1,62.0,1.1,91
5,90,0,8,9,77.0,9.5,90
6,56,0,7,8,44.0,10.8,56
8,76,0,7,2,69.0,9.6,76
3,52,1,8,6,35.0,4.800000000000001,52
3,66,1,8,0,50.0,3.0,66
9,59,0,6,7,50.0,15.299999999999999,59
4,72,1,7,0,54.0,4.0,72
4,81,0,4,1,59.0,4.4,81
7,71,1,5,0,60.0,7.0,71
2,47,1,7,3,25.0,2.6,47
8,95,0,8,1,94.0,8.8,95
6,68,0,4,0,53.0,6.0,68
3,79,1,6,0,59.0,3.0,79
9,58,0,9,1,53.0,9.9,58
5,45,1,6,5,29.0,7.5,45
8,83,0,4,1,73.0,8.8,83
7,99,0,4,1,87.0,7.700000000000001,99
8,78,0,8,7,72.0,13.6,78
7,87,0,9,4,82.0,9.799999999999999,87
3,80,0,8,7,60.0,5.1,80
2,60,0,5,7,38.0,3.4,60
7,96,0,9,1,89.0,7.700000000000001,96
3,61,1,9,6,45.0,4.800000000000001,61
3,81,0,5,8,57.0,5.4,81
2,49,1,6,7,27.0,3.4,49
4,49,0,4,8,31.0,7.2,49
8,91,1,6,7,86.0,13.6,91
1,68,0,8,3,45.0,1.3,68
1,55,0,7,9,30.0,1.9,55
5,40,1,8,6,28.0,8.0,40
5,56,0,7,8,43.0,9.0,56
1,69,0,4,8,43.0,1.8,69
6,65,0,4,3,52.0,7.800000000000001,65
1,92,0,9,6,68.0,1.6,92
5,85,0,4,5,73.0,7.5,85
9,58,1,5,2,56.0,10.799999999999999,58
5,92,0,5,9,78.0,9.5,92
6,60,1,7,5,49.0,9.0,60
8,56,1,6,7,52.0,13.6,56
1,85,1,9,1,62.0,1.1,85
2,79,1,6,2,59.0,2.4,79
9,60,1,7,7,60.0,15.299999999999999,60
3,92,1,5,3,71.0,3.9000000000000004,92
6,80,1,8,3,68.0,7.800000000000001,80
5,79,1,9,1,68.0,5.5,79
2,84,0,7,9,63.0,3.8,84
7,88,1,6,0,77.0,7.0,88
4,58,0,7,6,43.0,6.4,58
1,99,1,7,3,77.0,1.3,99
4,46,1,4,5,28.0,6.0,46
6,56,0,5,7,47.0,10.2,56
7,40,1,9,6,34.0,11.200000000000001,40
7,76,0,4,6,64.0,11.200000000000001,76
7,96,1,5,5,88.0,10.5,96
3,45,0,7,3,21.0,3.9000000000000004,45
6,65,0,5,3,53.0,7.800000000000001,65
8,41,1,6,8,34.0,14.4,41
4,98,1,9,4,83.0,5.6,98
8,71,1,4,8,67.0,14.4,71
2,96,1,9,8,75.0,3.6,96
9,87,0,7,3,88.0,11.700000000000001,87
9,93,0,6,1,87.0,9.9,93
8,44,0,5,1,32.0,8.8,44
1,76,0,5,8,50.0,1.8,76
2,70,0,6,8,50.0,3.6,70
6,51,0,5,2,38.0,7.199999999999999,51
5,74,0,4,4,57.0,7.0,74
9,69,1,8,4,64.0,12.6,69
5,87,1,5,1,71.0,5.5,87
2,45,1,7,1,19.0,2.2,45
4,54,1,5,9,38.0,7.6,54
9,54,1,9,0,52.0,9.0,54
1,55,1,7,1,27.0,1.1,55
1,59,1,5,6,32.0,1.6,59
7,52,1,5,0,45.0,7.0,52
3,83,0,7,0,61.0,3.0,83
2,81,1,4,8,57.0,3.6,81
9,85,1,8,1,83.0,9.9,85
3,70,1,8,3,48.0,3.9000000000000004,70
2,73,0,4,2,50.0,2.4,73
8,68,1,5,3,61.0,10.4,68
6,42,0,8,6,29.0,9.600000000000001,42
6,48,0,4,9,37.0,11.399999999999999,48
7,50,1,4,1,39.0,7.700000000000001,50
7,50,0,8,1,39.0,7.700000000000001,50
6,64,1,7,8,54.0,10.8,64
4,61,1,6,5,46.0,6.0,61
9,81,1,7,6,78.0,14.4,81
6,97,0,5,4,83.0,8.399999999999999,97
4,85,1,7,4,64.0,5.6,85
3,48,1,9,3,26.0,3.9000000000000004,48
4,59,1,6,7,41.0,6.8,59
3,98,0,6,6,76.0,4.800000000000001,98
2,60,0,4,9,35.0,3.8,60
5,49,0,9,1,39.0,5.5,49
2,61,0,5,1,39.0,2.2,61
6,68,1,4,5,54.0,9.0,68
3,48,1,7,0,28.0,3.0,48
6,44,0,7,6,30.0,9.600000000000001,44
9,79,1,8,7,81.0,15.299999999999999,79
1,50,0,4,9,24.0,1.9,50
6,40,1,9,7,32.0,10.2,40
9,92,1,4,2,87.0,10.799999999999999,92
4,81,0,4,6,66.0,6.4,81
2,40,0,4,0,13.0,2.0,40
4,97,1,6,2,76.0,4.8,97
1,93,0,8,5,68.0,1.5,93
3,78,1,5,8,57.0,5.4,78
9,99,1,5,4,98.0,12.6,99
5,85,1,5,4,69.0,7.0,85
6,44,1,6,8,34.0,10.8,44
3,88,0,8,8,68.0,5.4,88
5,61,1,9,5,47.0,7.5,61
8,65,1,8,4,60.0,11.2,65
6,92,1,6,9,83.0,11.399999999999999,92
4,45,0,9,1,25.0,4.4,45
2,71,1,4,7,50.0,3.4,71
9,87,0,7,7,87.0,15.299999999999999,87
1,50,0,4,6,22.0,1.6,50
1,49,0,5,7,22.0,1.7,49
4,86,0,4,2,62.0,4.8,86
7,78,0,6,2,72.0,8.4,78
1,94,0,5,1,66.0,1.1,94
9,73,0,7,0,71.0,9.0,73
4,70,1,9,2,53.0,4.8,70
3,51,1,9,2,32.0,3.5999999999999996,51
1,90,0,5,6,65.0,1.6,90
4,83,0,4,9,65.0,7.6,83
9,55,0,8,8,50.0,16.2,55
6,77,1,8,0,66.0,6.0,77
6,42,0,9,7,29.0,10.2,42
1,41,1,8,0,13.0,1.0,41
2,91,1,5,2,66.0,2.4,91
6,44,0,8,3,32.0,7.800000000000001,44
2,50,1,6,7,26.0,3.4,50
3,97,0,9,0,75.0,3.0,97
4,64,0,7,1,46.0,4.4,64
5,74,0,8,4,62.0,7.0,74
9,74,1,6,5,69.0,13.5,74
4,61,0,6,4,43.0,5.6,61
9,76,1,5,2,74.0,10.799999999999999,76
3,61,0,9,9,43.0,5.699999999999999,61
8,94,0,5,6,86.0,12.8,94
1,50,0,7,0,24.0,1.0,50
9,71,0,7,1,67.0,9.9,71
9,74,0,4,8,71.0,16.2,74
2,70,1,7,3,48.0,2.6,70
4,84,0,9,7,64.0,6.8,84
8,92,0,9,8,88.0,14.4,92
7,47,0,5,6,39.0,11.200000000000001,47
1,59,1,6,0,35.0,1.0,59
5,81,0,4,4,67.0,7.0,81
7,73,0,7,5,65.0,10.5,73
4,43,0,6,7,27.0,6.8,43
1,57,0,5,9,32.0,1.9,57
9,90,1,8,7,89.0,15.299999999999999,90
5,43,0,4,8,30.0,9.0,43
2,59,1,9,8,37.0,3.6,59
8,97,1,6,3,91.0,10.4,97
2,48,1,5,5,26.0,3.0,48
3,55,1,5,2,32.0,3.5999999999999996,55
1,65,0,4,0,34.0,1.0,65
2,77,0,4,5,51.0,3.0,77
7,64,1,7,0,56.0,7.0,64
2,43,1,7,8,26.0,3.6,43
6,80,1,9,5,73.0,9.0,80
3,98,0,9,0,80.0,3.0,98
4,84,1,4,2,69.0,4.8,84
8,80,1,4,0,73.0,8.0,80
3,77,1,6,1,55.0,3.3000000000000003,77
6,92,1,7,5,82.0,9.0,92
1,58,1,5,6,32.0,1.6,58
7,53,0,7,0,41.0,7.0,53
8,60,1,7,9,55.0,15.2,60
8,54,0,4,4,43.0,11.2,54
3,42,0,4,5,20.0,4.5,42
1,76,0,7,3,50.0,1.3,76
9,92,0,8,5,90.0,13.5,92
6,89,0,8,4,82.0,8.399999999999999,89
9,85,1,9,6,85.0,14.4,85
7,55,0,7,3,49.0,9.1,55
1,53,0,8,0,24.0,1.0,53
1,48,1,9,1,25.0,1.1,48
6,86,0,9,5,76.0,9.0,86
5,46,1,7,9,33.0,9.5,46
9,53,1,9,1,48.0,9.9,53
2,45,1,4,4,21.0,2.8,45
8,60,1,4,3,58.0,10.4,60
5,54,1,4,6,40.0,8.0,54
2,91,0,5,3,67.0,2.6,91
6,47,1,4,6,35.0,9.600000000000001,47
8,73,1,4,7,68.0,13.6,73
4,79,0,7,6,66.0,6.4,79
2,40,0,8,1,16.0,2.2,40
5,71,0,8,0,57.0,5.0,71
2,97,0,4,4,73.0,2.8,97
2,88,1,4,6,64.0,3.2,88
6,90,0,4,0,77.0,6.0,90
9,44,1,9,7,46.0,15.299999999999999,44
4,69,0,7,2,50.0,4.8,69
6,61,0,7,6,50.0,9.600000000000001,61
7,59,0,7,2,51.0,8.4,59
6,55,0,8,3,43.0,7.800000000000001,55
8,46,0,5,7,40.0,13.6,46
4,46,1,8,1,30.0,4.4,46
1,89,1,7,5,63.0,1.5,89
7,89,1,6,9,82.0,13.299999999999999,89
3,41,0,5,8,20.0,5.4,41
6,86,1,4,9,73.0,11.399999999999999,86
2,53,0,9,8,32.0,3.6,53
9,70,0,8,4,67.0,12.6,70
1,89,1,9,2,69.0,1.2,89
6,80,1,5,5,67.0,9.0,80
6,53,0,6,8,44.0,10.8,53
5,44,0,5,5,29.0,7.5,44
5,50,1,8,3,38.0,6.5,50
1,79,0,7,4,52.0,1.4,79
5,44,1,4,6,25.0,8.0,44
2,68,1,7,9,46.0,3.8,68
7,50,0,7,2,42.0,8.4,50
3,44,0,8,8,24.0,5.4,44
4,88,0,7,0,70.0,4.0,88
3,93,0,7,7,78.0,5.1,93
3,71,1,8,4,51.0,4.199999999999999,71
4,75,0,8,9,61.0,7.6,75
5,54,1,6,8,38.0,9.0,54
1,58,1,7,1,34.0,1.1,58
4,61,0,5,0,42.0,4.0,61
8,73,1,4,9,68.0,15.2,73
7,95,0,9,6,87.0,11.200000000000001,95
9,56,0,4,9,53.0,17.099999999999998,56
5,51,1,8,8,39.0,9.0,51
4,64,1,9,4,45.0,5.6,64
8,95,1,8,3,89.0,10.4,95
9,56,0,6,3,53.0,11.700000000000001,56
7,49,0,7,7,39.0,11.9,49
7,67,1,8,0,59.0,7.0,67
5,96,0,8,0,81.0,5.0,96
4,57,0,4,7,40.0,6.8,57
1,90,1,7,1,64.0,1.1,90
7,57,0,6,9,53.0,13.299999999999999,57
1,84,1,8,5,56.0,1.5,84
1,71,1,8,1,44.0,1.1,71
5,53,1,8,4,41.0,7.0,53
9,95,0,4,2,91.0,10.799999999999999,95
6,55,1,8,6,46.0,9.600000000000001,55
3,89,1,8,8,65.0,5.4,89
3,97,1,4,1,76.0,3.3000000000000003,97
7,57,1,8,6,50.0,11.200000000000001,57
6,55,0,7,7,45.0,10.2,55
9,56,1,7,9,55.0,17.099999999999998,56
6,46,0,4,7,33.0,10.2,46
5,51,1,7,6,37.0,8.0,51
7,73,0,9,3,63.0,9.1,73
1,49,0,9,3,24.0,1.3,49
7,44,0,9,9,37.0,13.299999999999999,44
3,60,0,6,8,39.0,5.4,60
9,42,1,8,9,41.0,17.099999999999998,42
6,58,1,6,8,46.0,10.8,58
9,84,0,7,4,78.0,12.6,84
5,83,0,4,6,69.0,8.0,83
7,74,0,9,6,71.0,11.200000000000001,74
4,45,1,4,8,28.0,7.2,45
7,53,0,6,6,45.0,11.200000000000001,53
1,43,0,7,7,20.0,1.7,43
7,84,1,8,6,81.0,11.200000000000001,84
8,90,1,7,3,85.0,10.4,90
5,57,1,9,1,42.0,5.5,57
2,68,1,7,2,46.0,2.4,68
5,74,1,4,6,60.0,8.0,74
6,91,1,5,8,82.0,10.8,91
2,77,0,9,1,55.0,2.2,77
6,55,0,8,6,44.0,9.600000000000001,55
6,59,1,9,3,47.0,7.800000000000001,59
1,63,0,9,6,41.0,1.6,63
1,74,1,8,4,48.0,1.4,74
3,83,0,9,6,62.0,4.800000000000001,83
3,90,1,4,5,64.0,4.5,90
4,58,1,7,1,40.0,4.4,58
2,95,0,4,6,70.0,3.2,95
9,43,0,7,4,39.0,12.6,43
7,72,1,5,8,63.0,12.6,72
7,41,1,9,0,32.0,7.0,41
6,52,1,5,0,37.0,6.0,52
3,97,1,6,1,75.0,3.3000000000000003,97
6,84,1,7,7,72.0,10.2,84
8,69,1,4,8,63.0,14.4,69
8,73,0,4,6,64.0,12.8,73
9,69,0,9,0,69.0,9.0,69
1,90,0,4,6,63.0,1.6,90
1,93,0,6,7,65.0,1.7,93
3,63,0,8,6,44.0,4.800000000000001,63
3,87,1,4,4,65.0,4.199999999999999,87
8,83,1,9,6,81.0,12.8,83
1,72,0,5,9,45.0,1.9,72
2,80,1,4,1,59.0,2.2,80
2,88,0,4,8,67.0,3.6,88
3,49,0,4,1,34.0,3.3000000000000003,49
6,57,1,9,1,46.0,6.6000000000000005,57
1,58,1,8,4,35.0,1.4,58
2,46,0,4,7,22.0,3.4,46
1,96,0,8,5,72.0,1.5,96
5,58,0,8,8,47.0,9.0,58
7,63,0,6,5,55.0,10.5,63
8,54,1,5,4,47.0,11.2,54
1,80,0,4,0,55.0,1.0,80
7,81,1,4,7,74.0,11.9,81
5,62,0,4,2,49.0,6.0,62
1,91,0,8,1,68.0,1.1,91
3,91,1,7,6,72.0,4.800000000000001,91
7,43,1,5,1,32.0,7.700000000000001,43
1,77,1,9,0,51.0,1.0,77
7,43,1,4,1,34.0,7.700000000000001,43
5,44,1,7,5,33.0,7.5,44
1,80,0,7,1,56.0,1.1,80
1,83,0,7,0,54.0,1.0,83
1,62,0,5,0,33.0,1.0,62
9,79,1,7,3,78.0,11.700000000000001,79
3,92,1,9,7,77.0,5.1,92
5,76,1,4,5,62.0,7.5,76
9,50,0,9,3,51.0,11.700000000000001,50
6,94,1,4,5,78.0,9.0,94
9,50,0,6,5,46.0,13.5,50
8,52,0,8,8,50.0,14.4,52
8,53,0,7,3,47.0,10.4,53
1,99,1,9,5,74.0,1.5,99
9,47,0,8,9,47.0,17.099999999999998,47
6,64,0,8,0,52.0,6.0,64
9,57,0,8,6,54.0,14.4,57
3,90,1,8,6,69.0,4.800000000000001,90
3,83,0,8,0,64.0,3.0,83
6,83,1,4,7,69.0,10.2,83
9,57,1,5,4,58.0,12.6,57
7,49,0,7,8,37.0,12.6,49
3,46,0,7,7,26.0,5.1,46
3,99,1,4,2,80.0,3.5999999999999996,99
2,89,0,9,0,64.0,2.0,89
9,83,1,4,2,78.0,10.799999999999999,83
3,53,1,8,1,35.0,3.3000000000000003,53
5,54,1,5,1,36.0,5.5,54
9,55,0,7,3,55.0,11.700000000000001,55
8,41,1,9,1,36.0,8.8,41
2,69,1,6,7,46.0,3.4,69
3,69,0,4,4,51.0,4.199999999999999,69
2,57,0,6,0,30.0,2.0,57
8,70,1,7,5,68.0,12.0,70
6,83,1,4,6,69.0,9.600000000000001,83
6,87,1,7,0,78.0,6.0,87
9,52,0,4,2,51.0,10.799999999999999,52
8,59,1,9,8,55.0,14.4,59
4,88,1,7,6,72.0,6.4,88
4,89,0,6,3,71.0,5.2,89
9,74,0,5,5,69.0,13.5,74
1,62,1,9,5,38.0,1.5,62
2,81,0,9,2,61.0,2.4,81
2,72,1,4,1,49.0,2.2,72
6,77,1,6,4,67.0,8.399999999999999,77
4,74,0,7,7,56.0,6.8,74
3,90,1,6,2,68.0,3.5999999999999996,90
3,75,1,9,4,60.0,4.199999999999999,75
3,59,0,4,2,34.0,3.5999999999999996,59
6,94,1,6,6,83.0,9.600000000000001,94
8,42,0,7,5,37.0,12.0,42
7,47,1,8,5,42.0,10.5,47
4,79,0,9,0,62.0,4.0,79
4,98,0,5,1,80.0,4.4,98
2,71,0,5,5,46.0,3.0,71
1,68,0,9,7,47.0,1.7,68
9,46,0,8,4,46.0,12.6,46
2,41,0,4,1,13.0,2.2,41
8,60,1,6,4,55.0,11.2,60
9,45,1,6,8,42.0,16.2,45
4,67,0,8,5,51.0,6.0,67
8,87,1,8,4,81.0,11.2,87
9,81,0,7,9,75.0,17.099999999999998,81
5,75,0,7,5,59.0,7.5,75
7,71,1,5,8,62.0,12.6,71
4,84,0,4,6,65.0,6.4,84
1,81,1,4,9,51.0,1.9,81
3,92,0,8,2,73.0,3.5999999999999996,92
5,85,0,5,9,68.0,9.5,85
3,48,1,5,9,28.0,5.699999999999999,48
7,50,0,7,4,39.0,9.799999999999999,50
9,62,0,6,3,55.0,11.700000000000001,62
6,89,0,4,4,76.0,8.399999999999999,89
1,50,1,5,7,24.0,1.7,50
7,88,1,7,5,81.0,10.5,88
3,41,1,7,3,24.0,3.9000000000000004,41
5,42,1,7,4,29.0,7.0,42
4,50,1,6,6,37.0,6.4,50
5,89,0,5,7,74.0,8.5,89
5,98,1,8,4,84.0,7.0,98
6,74,1,8,1,64.0,6.6000000000000005,74
6,97,0,7,5,90.0,9.0,97
8,54,0,7,8,46.0,14.4,54
8,82,1,6,2,79.0,9.6,82
9,50,0,7,6,48.0,14.4,50
8,70,0,9,7,65.0,13.6,70
2,67,0,5,5,46.0,3.0,67
1,67,1,7,2,39.0,1.2,67
2,71,0,7,0,49.0,2.0,71
2,64,0,5,2,39.0,2.4,64
3,59,1,4,5,40.0,4.5,59
7,67,0,9,3,60.0,9.1,67
2,64,0,9,0,43.0,2.0,64
1,50,1,8,5,25.0,1.5,50
6,58,1,7,0,45.0,6.0,58
9,67,1,5,7,64.0,15.299999999999999,67
3,40,0,8,2,20.0,3.5999999999999996,40
6,98,1,6,2,87.0,7.199999999999999,98
3,44,1,4,0,23.0,3.0,44
1,49,0,7,2,23.0,1.2,49
5,81,0,4,6,67.0,8.0,81
4,85,0,7,9,74.0,7.6,85
7,73,0,7,7,64.0,11.9,73
6,75,0,7,7,66.0,10.2,75
7,41,1,4,2,29.0,8.4,41
5,57,1,9,4,42.0,7.0,57
4,52,1,6,0,37.0,4.0,52
7,90,0,9,8,82.0,12.6,90
7,44,1,5,7,35.0,11.9,44
6,59,0,5,9,46.0,11.399999999999999,59
8,41,0,9,1,40.0,8.8,41
4,50,1,6,9,34.0,7.6,50
5,69,1,6,0,52.0,5.0,69
4,71,0,7,3,52.0,5.2,71
1,71,0,7,8,50.0,1.8,71
8,97,1,5,7,91.0,13.6,97
1,89,1,7,2,64.0,1.2,89
5,77,0,7,9,67.0,9.5,77
6,94,0,6,5,85.0,9.0,94
6,67,0,4,8,53.0,10.8,67
5,49,0,9,9,35.0,9.5,49
3,61,1,8,7,41.0,5.1,61
5,94,1,8,9,81.0,9.5,94
8,56,0,7,4,52.0,11.2,56
2,61,0,7,8,39.0,3.6,61
6,82,1,9,8,72.0,10.8,82
9,58,0,8,2,55.0,10.799999999999999,58
8,56,0,6,7,49.0,13.6,56
8,63,0,8,3,60.0,10.4,63
8,75,0,8,9,69.0,15.2,75
7,71,0,8,6,63.0,11.200000000000001,71
8,97,0,7,9,94.0,15.2,97
6,95,1,7,7,86.0,10.2,95
2,97,0,9,6,75.0,3.2,97
2,85,1,8,4,66.0,2.8,85
8,98,1,7,0,97.0,8.0,98
1,91,1,9,7,71.0,1.7,91
6,75,0,8,4,59.0,8.399999999999999,75
6,67,0,6,2,54.0,7.199999999999999,67
4,53,0,7,1,34.0,4.4,53
3,97,1,4,2,77.0,3.5999999999999996,97
3,75,1,9,8,60.0,5.4,75
1,45,0,7,1,16.0,1.1,45
3,48,0,6,9,30.0,5.699999999999999,48
4,60,1,6,0,42.0,4.0,60
5,51,1,7,1,36.0,5.5,51
3,97,1,5,1,77.0,3.3000000000000003,97
6,69,0,9,4,58.0,8.399999999999999,69
5,70,1,8,0,58.0,5.0,70
3,79,1,8,9,60.0,5.699999999999999,79
6,95,1,6,7,87.0,10.2,95
6,43,0,7,1,30.0,6.6000000000000005,43
8,70,0,5,5,59.0,12.0,70
2,66,0,9,4,42.0,2.8,66
1,97,1,4,1,70.0,1.1,97
4,96,1,8,9,82.0,7.6,96
7,64,1,9,0,56.0,7.0,64
3,44,1,9,5,24.0,4.5,44
3,45,0,5,5,27.0,4.5,45
5,44,1,9,2,33.0,6.0,44
5,90,1,8,7,75.0,8.5,90
3,66,0,7,8,45.0,5.4,66
9,47,1,8,2,45.0,10.799999999999999,47
4,48,1,4,8,30.0,7.2,48
3,54,1,7,7,29.0,5.1,54
2,75,0,6,4,50.0,2.8,75
9,96,1,5,5,95.0,13.5,96
4,80,0,8,0,63.0,4.0,80
3,46,1,7,4,24.0,4.199999999999999,46
7,71,0,9,9,63.0,13.299999999999999,71
8,47,0,7,9,41.0,15.2,47
2,86,0,8,6,69.0,3.2,86
7,90,1,6,0,81.0,7.0,90
5,54,1,8,9,40.0,9.5,54
5,76,0,6,8,66.0,9.0,76
3,58,0,9,6,40.0,4.800000000000001,58
5,78,1,8,3,63.0,6.5,78
2,45,0,7,3,21.0,2.6,45
4,98,1,4,9,81.0,7.6,98
6,58,1,4,6,47.0,9.600000000000001,58
1,96,0,9,5,69.0,1.5,96
4,67,0,7,2,47.0,4.8,67
6,56,1,4,8,44.0,10.8,56
9,81,1,9,5,78.0,13.5,81
2,58,1,6,1,36.0,2.2,58
7,70,0,7,9,60.0,13.299999999999999,70
6,50,1,6,1,43.0,6.6000000000000005,50
2,54,0,7,0,30.0,2.0,54
8,49,0,6,4,43.0,11.2,49
7,82,1,6,9,75.0,13.299999999999999,82
5,62,0,4,5,46.0,7.5,62
5,42,0,7,2,29.0,6.0,42
7,42,0,8,3,33.0,9.1,42
9,57,0,4,4,51.0,12.6,57
9,64,1,6,3,58.0,11.700000000000001,64
9,82,1,6,8,81.0,16.2,82
6,59,0,8,2,49.0,7.199999999999999,59
6,97,0,8,4,84.0,8.399999999999999,97
3,68,0,6,6,47.0,4.800000000000001,68
1,61,0,8,6,38.0,1.6,61
7,89,0,5,5,78.0,10.5,89
4,96,1,4,8,77.0,7.2,96
1,54,1,7,6,29.0,1.6,54
8,78,1,8,3,76.0,10.4,78
6,49,1,8,9,41.0,11.399999999999999,49
6,60,0,5,8,51.0,10.8,60
2,94,0,7,5,70.0,3.0,94
1,91,1,5,0,63.0,1.0,91
2,68,1,7,8,46.0,3.6,68
4,71,1,4,6,53.0,6.4,71
2,49,0,8,5,25.0,3.0,49
1,52,0,4,5,26.0,1.5,52
7,86,0,7,3,74.0,9.1,86
8,62,1,8,3,57.0,10.4,62
6,89,1,5,2,80.0,7.199999999999999,89
4,62,0,6,7,45.0,6.8,62
6,70,0,5,7,56.0,10.2,70
3,43,0,6,1,19.0,3.3000000000000003,43
8,91,1,5,4,86.0,11.2,91
2,88,0,7,8,70.0,3.6,88
5,99,0,4,8,85.0,9.0,99
1,42,1,6,6,16.0,1.6,42
6,60,0,7,3,47.0,7.800000000000001,60
2,92,0,4,3,65.0,2.6,92
4,41,0,4,9,23.0,7.6,41
6,43,0,8,6,29.0,9.600000000000001,43
8,40,1,8,2,36.0,9.6,40
8,54,0,8,2,49.0,9.6,54
6,96,1,6,4,85.0,8.399999999999999,96
4,72,0,6,5,56.0,6.0,72
8,45,1,4,7,39.0,13.6,45
8,46,0,6,0,40.0,8.0,46
1,58,0,4,6,33.0,1.6,58
4,83,1,7,7,67.0,6.8,83
4,40,0,5,4,19.0,5.6,40
7,78,0,4,9,74.0,13.299999999999999,78
7,58,1,4,1,47.0,7.700000000000001,58
8,84,0,7,3,77.0,10.4,84
5,65,0,8,5,52.0,7.5,65
7,83,0,9,8,76.0,12.6,83
8,51,0,8,1,42.0,8.8,51
9,61,0,8,3,56.0,11.700000000000001,61
3,52,1,4,9,30.0,5.699999999999999,52
3,67,1,4,4,47.0,4.199999999999999,67
4,53,0,6,7,34.0,6.8,53
5,61,0,6,7,48.0,8.5,61
1,69,1,5,1,42.0,1.1,69
7,83,1,5,5,74.0,10.5,83
9,59,1,9,5,58.0,13.5,59
8,83,1,6,4,75.0,11.2,83
5,66,1,4,7,54.0,8.5,66
4,77,1,7,9,62.0,7.6,77
7,98,0,6,1,88.0,7.700000000000001,98
5,81,0,4,1,64.0,5.5,81
7,91,0,6,6,81.0,11.200000000000001,91
1,95,0,8,8,69.0,1.8,95
1,80,0,6,2,51.0,1.2,80
3,73,1,9,6,52.0,4.800000000000001,73
2,78,1,8,2,58.0,2.4,78
2,80,1,4,5,55.0,3.0,80
7,96,1,8,2,86.0,8.4,96
2,83,1,6,0,62.0,2.0,83
4,76,1,8,5,60.0,6.0,76
2,40,0,9,2,15.0,2.4,40
6,93,0,7,0,82.0,6.0,93
8,54,1,8,4,52.0,11.2,54
4,71,0,9,7,57.0,6.8,71
5,47,1,8,7,34.0,8.5,47
4,72,0,5,7,55.0,6.8,72
3,57,1,7,2,39.0,3.5999999999999996,57
5,84,1,4,7,73.0,8.5,84
9,68,0,9,3,64.0,11.700000000000001,68
8,71,1,8,7,67.0,13.6,71
8,72,0,7,2,67.0,9.6,72
8,44,0,4,2,36.0,9.6,44
8,57,1,7,0,52.0,8.0,57
7,87,1,9,7,85.0,11.9,87
8,97,1,5,7,91.0,13.6,97
8,49,0,9,8,42.0,14.4,49
8,75,0,9,5,74.0,12.0,75
7,72,1,4,1,65.0,7.700000000000001,72
1,62,1,4,0,36.0,1.0,62
4,79,1,8,7,63.0,6.8,79
4,44,1,6,9,29.0,7.6,44
5,73,1,9,3,60.0,6.5,73
6,63,1,4,6,50.0,9.600000000000001,63
4,56,1,9,9,40.0,7.6,56
2,70,0,9,3,48.0,2.6,70
6,46,0,4,0,33.0,6.0,46
8,56,1,5,7,51.0,13.6,56
8,67,1,5,9,64.0,15.2,67
7,77,0,9,8,70.0,12.6,77
6,61,1,5,9,49.0,11.399999999999999,61
2,54,0,9,8,33.0,3.6,54
7,76,0,8,8,69.0,12.6,76
5,54,1,4,3,41.0,6.5,54
6,89,0,9,8,79.0,10.8,89
8,89,0,5,3,81.0,10.4,89
8,64,1,5,1,57.0,8.8,64
3,92,1,7,9,73.0,5.699999999999999,92
7,60,0,7,2,49.0,8.4,60
1,94,1,5,1,64.0,1.1,94
1,77,0,8,0,49.0,1.0,77
7,41,0,6,5,31.0,10.5,41
9,66,0,9,3,61.0,11.700000000000001,66
7,88,0,7,6,81.0,11.200000000000001,88
5,71,0,9,6,59.0,8.0,71
8,60,0,7,9,54.0,15.2,60
2,43,1,4,0,18.0,2.0,43
9,83,1,4,8,80.0,16.2,83
6,58,1,5,7,43.0,10.2,58
9,41,1,4,9,39.0,17.099999999999998,41
2,65,0,4,0,39.0,2.0,65
3,73,0,6,7,51.0,5.1,73
8,53,0,8,4,49.0,11.2,53
1,54,0,5,0,27.0,1.0,54
7,59,0,6,3,51.0,9.1,59
7,73,1,5,6,64.0,11.200000000000001,73
1,75,1,8,4,51.0,1.4,75
9,58,1,5,2,56.0,10.799999999999999,58
8,48,0,9,3,46.0,10.4,48
4,46,0,9,1,28.0,4.4,46
5,69,1,9,7,57.0,8.5,69
2,52,0,4,1,28.0,2.2,52
9,66,0,8,5,65.0,13.5,66
6,83,1,6,6,71.0,9.600000000000001,83
3,74,0,6,6,54.0,4.800000000000001,74
7,52,1,7,0,44.0,7.0,52
9,54,1,6,7,52.0,15.299999999999999,54
3,85,1,9,8,71.0,5.4,85
2,95,1,9,6,74.0,3.2,95
7,48,0,7,7,38.0,11.9,48
7,84,0,4,3,75.0,9.1,84
4,62,0,6,7,43.0,6.8,62
9,93,1,8,2,90.0,10.799999999999999,93
8,75,0,7,0,69.0,8.0,75
1,92,1,6,7,67.0,1.7,92
1,79,0,4,5,52.0,1.5,79
5,42,0,8,8,27.0,9.0,42
6,73,1,8,2,63.0,7.199999999999999,73
3,58,0,4,7,41.0,5.1,58
9,67,1,6,8,67.0,16.2,67
6,62,1,5,8,47.0,10.8,62
4,79,0,6,6,61.0,6.4,79
7,88,0,7,9,82.0,13.299999999999999,88
8,84,0,7,2,75.0,9.6,84
9,46,0,6,2,37.0,10.799999999999999,46
6,80,1,9,1,68.0,6.6000000000000005,80
6,51,1,7,0,37.0,6.0,51
8,53,0,5,1,49.0,8.8,53
5,85,0,9,4,73.0,7.0,85
3,54,0,5,0,32.0,3.0,54
3,42,1,8,9,23.0,5.699999999999999,42
6,54,0,7,3,43.0,7.800000000000001,54
2,90,1,9,9,70.0,3.8,90
6,63,0,6,9,53.0,11.399999999999999,63
6,91,0,9,0,81.0,6.0,91
8,85,1,8,9,84.0,15.2,85
7,47,1,5,7,38.0,11.9,47
8,44,0,8,4,40.0,11.2,44
9,90,1,4,9,88.0,17.099999999999998,90
6,43,1,7,3,32.0,7.800000000000001,43
3,53,0,6,2,31.0,3.5999999999999996,53
3,55,1,5,8,35.0,5.4,55
1,59,1,8,5,34.0,1.5,59
5,63,0,6,0,49.0,5.0,63
4,45,0,7,7,28.0,6.8,45
9,94,1,6,9,91.0,17.099999999999998,94
9,96,0,7,1,90.0,9.9,96
5,70,1,7,8,55.0,9.0,70
4,45,1,7,6,27.0,6.4,45
7,74,1,8,2,67.0,8.4,74
6,54,0,7,3,41.0,7.800000000000001,54
4,68,1,6,2,53.0,4.8,68
2,42,1,4,5,15.0,3.0,42
1,50,1,6,8,26.0,1.8,50
4,42,0,8,9,22.0,7.6,42
4,67,0,7,8,48.0,7.2,67
1,49,0,4,0,19.0,1.0,49
6,89,1,8,9,78.0,11.399999999999999,89
4,72,1,5,5,53.0,6.0,72
1,87,0,5,0,61.0,1.0,87
1,55,1,5,3,30.0,1.3,55
1,98,1,4,6,70.0,1.6,98
8,49,1,6,3,42.0,10.4,49
8,72,1,4,8,67.0,14.4,72
2,75,0,4,9,51.0,3.8,75
7,42,0,4,4,35.0,9.799999999999999,42
8,44,0,5,8,38.0,14.4,44
8,51,1,9,0,44.0,8.0,51
7,96,1,6,3,86.0,9.1,96
5,83,0,9,6,68.0,8.0,83
1,52,0,9,1,25.0,1.1,52
9,63,0,4,8,59.0,16.2,63
7,83,1,6,2,74.0,8.4,83
2,96,0,9,3,73.0,2.6,96
6,71,1,7,3,61.0,7.800000000000001,71
2,55,0,4,7,32.0,3.4,55
1,71,1,4,1,41.0,1.1,71
7,84,1,4,4,72.0,9.799999999999999,84
2,76,0,7,1,51.0,2.2,76
2,95,1,7,5,72.0,3.0,95
5,75,1,5,8,60.0,9.0,75
5,60,0,8,8,46.0,9.0,60
7,86,0,6,0,77.0,7.0,86
1,51,0,8,3,23.0,1.3,51
8,90,1,4,3,82.0,10.4,90
3,60,1,9,0,37.0,3.0,60
4,99,0,4,9,80.0,7.6,99
9,90,0,9,1,87.0,9.9,90
4,60,1,5,5,41.0,6.0,60
5,82,0,8,9,67.0,9.5,82
7,92,0,4,2,81.0,8.4,92
4,45,1,8,8,30.0,7.2,45
1,48,1,5,2,19.0,1.2,48
9,40,0,8,2,39.0,10.799999999999999,40
4,51,1,9,8,34.0,7.2,51
9,97,1,6,2,93.0,10.799999999999999,97
6,53,0,5,5,43.0,9.0,53
1,45,0,8,5,21.0,1.5,45
3,40,0,4,0,17.0,3.0,40
2,61,1,7,6,40.0,3.2,61
9,73,0,7,8,68.0,16.2,73
1,95,1,5,8,74.0,1.8,95
9,50,0,7,8,45.0,16.2,50
9,42,1,6,1,38.0,9.9,42
8,81,1,5,0,76.0,8.0,81
8,45,0,4,5,38.0,12.0,45
1,45,1,4,5,18.0,1.5,45
8,59,0,5,3,54.0,10.4,59
3,60,0,7,7,42.0,5.1,60
7,41,1,7,4,31.0,9.799999999999999,41
1,65,1,4,6,42.0,1.6,65
1,70,1,6,8,44.0,1.8,70
5,65,0,9,0,54.0,5.0,65
5,95,0,7,8,83.0,9.0,95
8,71,0,6,3,64.0,10.4,71
7,49,0,7,6,38.0,11.200000000000001,49
8,62,0,9,3,57.0,10.4,62
6,97,0,5,3,83.0,7.800000000000001,97
6,45,1,8,3,34.0,7.800000000000001,45
2,62,0,4,5,39.0,3.0,62
6,67,0,5,4,56.0,8.399999999999999,67
5,88,0,7,1,76.0,5.5,88
3,69,0,9,8,49.0,5.4,69
6,53,1,4,5,41.0,9.0,53
8,76,1,8,9,69.0,15.2,76
9,94,1,8,5,93.0,13.5,94
1,71,0,9,8,44.0,1.8,71
3,88,0,9,0,73.0,3.0,88
3,73,0,7,6,56.0,4.800000000000001,73
8,80,1,4,2,70.0,9.6,80
1,83,0,7,3,56.0,1.3,83
5,90,0,8,0,77.0,5.0,90
3,61,1,5,2,40.0,3.5999999999999996,61
2,70,1,5,6,47.0,3.2,70
8,46,0,6,5,40.0,12.0,46
3,80,1,8,0,62.0,3.0,80
7,60,0,8,8,57.0,12.6,60
1,55,0,7,3,26.0,1.3,55
6,59,1,6,6,47.0,9.600000000000001,59
3,82,0,9,3,59.0,3.9000000000000004,82
8,83,1,6,6,78.0,12.8,83
6,86,1,4,4,77.0,8.399999999999999,86
2,89,0,7,0,67.0,2.0,89
6,58,1,9,3,49.0,7.800000000000001,58
7,87,0,9,2,80.0,8.4,87
5,71,0,5,5,54.0,7.5,71
3,54,1,4,5,30.0,4.5,54
4,44,1,6,0,29.0,4.0,44
4,50,1,5,1,31.0,4.4,50
6,54,0,8,1,42.0,6.6000000000000005,54
1,68,0,7,9,39.0,1.9,68
4,89,0,6,3,70.0,5.2,89
4,84,0,8,8,69.0,7.2,84
1,43,0,9,1,18.0,1.1,43
9,88,0,6,7,89.0,15.299999999999999,88
4,75,0,5,0,56.0,4.0,75
7,87,1,4,7,78.0,11.9,87
3,62,0,5,2,44.0,3.5999999999999996,62
3,54,0,7,4,36.0,4.199999999999999,54
8,85,1,7,0,76.0,8.0,85
8,83,0,6,0,79.0,8.0,83
1,42,0,5,5,12.0,1.5,42
2,71,1,4,2,48.0,2.4,71
8,49,0,9,7,46.0,13.6,49
1,79,1,7,3,54.0,1.3,79
8,77,0,4,5,69.0,12.0,77
8,61,0,8,9,56.0,15.2,61
2,53,1,6,8,26.0,3.6,53
4,56,1,4,7,39.0,6.8,56
6,60,0,6,3,48.0,7.800000000000001,60
9,90,0,8,9,92.0,17.099999999999998,90
8,87,1,4,7,81.0,13.6,87
8,54,0,4,6,46.0,12.8,54
7,97,1,9,4,89.0,9.799999999999999,97
9,54,1,8,6,51.0,14.4,54
2,40,1,5,6,16.0,3.2,40
3,63,0,4,9,40.0,5.699999999999999,63
8,94,0,9,1,90.0,8.8,94
6,94,0,4,6,83.0,9.600000000000001,94
9,51,1,9,2,46.0,10.799999999999999,51
4,49,0,7,7,32.0,6.8,49
8,85,1,5,7,82.0,13.6,85
3,81,1,4,8,63.0,5.4,81
3,81,0,8,3,59.0,3.9000000000000004,81
8,91,0,6,9,89.0,15.2,91
5,70,1,8,2,55.0,6.0,70
3,50,0,5,8,29.0,5.4,50
1,93,1,7,8,68.0,1.8,93
3,55,0,7,1,32.0,3.3000000000000003,55
9,48,1,7,5,44.0,13.5,48
5,86,0,9,2,75.0,6.0,86
2,53,1,8,4,33.0,2.8,53
7,58,0,6,1,49.0,7.700000000000001,58
2,70,1,6,3,47.0,2.6,70
4,48,1,9,2,35.0,4.8,48
7,75,1,4,1,67.0,7.700000000000001,75
4,92,1,9,5,77.0,6.0,92
7,78,1,6,2,65.0,8.4,78
7,93,1,6,3,86.0,9.1,93
1,65,0,4,5,40.0,1.5,65
6,47,1,8,4,37.0,8.399999999999999,47
9,63,1,8,3,57.0,11.700000000000001,63
2,47,0,5,3,23.0,2.6,47
3,58,0,8,1,42.0,3.3000000000000003,58
5,86,1,7,9,73.0,9.5,86
9,87,0,7,3,88.0,11.700000000000001,87
4,69,0,5,7,53.0,6.8,69
1,97,1,6,4,72.0,1.4,97
4,61,1,5,9,47.0,7.6,61
6,94,0,4,9,81.0,11.399999999999999,94
5,48,0,5,7,30.0,8.5,48
1,97,0,5,5,68.0,1.5,97
4,97,0,9,9,83.0,7.6,97
6,83,0,7,4,73.0,8.399999999999999,83
4,87,0,4,3,67.0,5.2,87
9,43,1,9,9,45.0,17.099999999999998,43
5,76,0,4,8,61.0,9.0,76
8,47,1,5,9,43.0,15.2,47
9,40,1,9,4,37.0,12.6,40
5,67,0,9,9,54.0,9.5,67
6,45,1,4,5,29.0,9.0,45
1,86,0,4,6,59.0,1.6,86
7,75,1,8,0,67.0,7.0,75
4,92,0,4,8,73.0,7.2,92
2,50,1,9,7,29.0,3.4,50
5,44,0,6,4,29.0,7.0,44
3,89,1,4,2,67.0,3.5999999999999996,89
6,63,0,7,4,51.0,8.399999999999999,63
8,86,1,8,4,80.0,11.2,86
7,57,1,7,8,48.0,12.6,57
3,59,1,7,6,42.0,4.800000000000001,59
8,67,0,6,1,57.0,8.8,67
2,52,0,8,4,31.0,2.8,52
9,44,0,5,8,38.0,16.2,44
4,69,0,9,1,55.0,4.4,69
1,40,0,9,7,16.0,1.7,40
8,61,1,4,2,53.0,9.6,61
7,57,0,9,3,51.0,9.1,57
5,85,0,6,1,72.0,5.5,85
5,44,1,9,8,33.0,9.0,44
7,70,0,6,5,62.0,10.5,70
5,45,0,5,8,30.0,9.0,45
8,66,0,6,7,63.0,13.6,66
6,95,0,5,8,84.0,10.8,95
5,64,0,5,4,49.0,7.0,64
9,68,0,5,5,66.0,13.5,68
2,67,1,6,6,44.0,3.2,67
1,55,0,5,4,30.0,1.4,55
8,93,0,6,0,88.0,8.0,93
3,92,0,8,8,79.0,5.4,92
7,51,1,5,1,41.0,7.700000000000001,51
8,59,1,6,6,55.0,12.8,59
6,57,1,6,7,47.0,10.2,57
9,73,1,6,7,72.0,15.299999999999999,73
7,94,0,4,0,83.0,7.0,94
5,92,1,4,9,79.0,9.5,92
8,62,0,5,6,56.0,12.8,62
2,84,0,9,8,65.0,3.6,84
7,66,0,8,2,53.0,8.4,66
4,88,1,9,7,73.0,6.8,88
9,56,0,5,7,57.0,15.299999999999999,56
1,87,1,7,8,66.0,1.8,87
7,60,0,7,7,52.0,11.9,60
6,89,1,8,4,80.0,8.399999999999999,89
8,79,1,8,4,75.0,11.2,79
5,70,0,8,2,57.0,6.0,70
1,42,0,4,5,13.0,1.5,42
1,56,0,4,9,28.0,1.9,56
9,89,1,7,2,85.0,10.799999999999999,89
6,97,1,8,1,86.0,6.6000000000000005,97
5,65,1,6,6,54.0,8.0,65
1,62,0,9,9,36.0,1.9,62
6,45,1,7,2,37.0,7.199999999999999,45
6,67,0,8,3,57.0,7.800000000000001,67
3,47,1,6,9,25.0,5.699999999999999,47
8,94,1,8,7,89.0,13.6,94
1,97,1,5,0,71.0,1.0,97
1,84,0,6,8,56.0,1.8,84
6,47,0,9,5,36.0,9.0,47
1,58,0,5,1,28.0,1.1,58
6,77,1,4,2,66.0,7.199999999999999,77
1,68,1,7,4,41.0,1.4,68
6,62,1,8,5,49.0,9.0,62
3,86,1,7,8,71.0,5.4,86
8,71,0,9,1,65.0,8.8,71
6,49,1,8,4,37.0,8.399999999999999,49
1,66,1,5,6,41.0,1.6,66
5,88,0,6,6,74.0,8.0,88
8,40,0,6,3,31.0,10.4,40
3,78,0,8,2,57.0,3.5999999999999996,78
6,68,1,5,7,58.0,10.2,68
5,98,0,8,1,82.0,5.5,98
6,84,1,8,4,74.0,8.399999999999999,84
1,42,0,8,9,21.0,1.9,42
7,90,1,6,4,81.0,9.799999999999999,90
9,86,1,9,0,87.0,9.0,86
2,76,1,8,6,53.0,3.2,76
5,70,1,6,3,56.0,6.5,70
4,50,1,4,9,35.0,7.6,50
6,61,1,5,1,47.0,6.6000000000000005,61
6,57,0,4,7,48.0,10.2,57
2,74,1,8,3,52.0,2.6,74
2,45,1,6,0,19.0,2.0,45
4,42,1,5,7,27.0,6.8,42
1,44,1,7,6,22.0,1.6,44
9,48,0,5,2,41.0,10.799999999999999,48
7,67,1,5,2,58.0,8.4,67
7,58,1,8,6,49.0,11.200000000000001,58
3,67,0,4,1,43.0,3.3000000000000003,67
3,66,1,4,4,43.0,4.199999999999999,66
1,52,0,7,6,27.0,1.6,52
3,77,1,8,5,61.0,4.5,77
3,82,1,5,9,63.0,5.699999999999999,82
4,92,0,9,6,77.0,6.4,92
4,60,0,4,1,39.0,4.4,60
3,66,0,4,6,45.0,4.800000000000001,66
8,85,1,6,1,77.0,8.8,85
8,45,0,5,6,34.0,12.8,45
1,77,0,8,7,51.0,1.7,77
7,88,1,4,9,82.0,13.299999999999999,88
2,50,1,8,7,23.0,3.4,50
1,86,1,5,4,62.0,1.4,86
3,80,0,5,6,60.0,4.800000000000001,80
4,92,1,4,7,75.0,6.8,92
6,56,0,7,3,43.0,7.800000000000001,56
5,95,0,8,1,82.0,5.5,95
4,78,0,8,6,65.0,6.4,78
8,46,0,6,0,39.0,8.0,46
4,69,1,5,1,50.0,4.4,69
2,60,1,5,9,43.0,3.8,60
3,40,0,4,6,19.0,4.800000000000001,40
6,64,0,4,9,49.0,11.399999999999999,64
8,71,1,4,0,64.0,8.0,71
8,98,1,6,6,92.0,12.8,98
9,96,0,7,4,93.0,12.6,96
7,47,0,4,2,39.0,8.4,47
2,44,0,4,1,20.0,2.2,44
8,69,0,9,6,61.0,12.8,69
7,90,0,4,8,77.0,12.6,90
8,47,1,6,8,42.0,14.4,47
3,88,0,8,9,72.0,5.699999999999999,88
7,58,1,7,9,46.0,13.299999999999999,58
9,83,0,8,7,83.0,15.299999999999999,83
3,98,1,9,1,84.0,3.3000000000000003,98
6,94,0,5,0,83.0,6.0,94
2,69,1,5,7,45.0,3.4,69
2,54,1,4,1,31.0,2.2,54
5,75,0,9,3,62.0,6.5,75
5,94,0,8,3,84.0,6.5,94
7,83,1,6,1,76.0,7.700000000000001,83
2,66,1,7,3,42.0,2.6,66
7,52,1,8,6,46.0,11.200000000000001,52
5,53,0,9,5,38.0,7.5,53
6,76,1,9,9,69.0,11.399999999999999,76
8,93,0,8,5,88.0,12.0,93
4,87,0,7,3,70.0,5.2,87
7,69,0,8,1,61.0,7.700000000000001,69
6,78,0,8,4,66.0,8.399999999999999,78
2,86,0,7,2,63.0,2.4,86
8,52,0,6,2,46.0,9.6,52
9,97,1,9,3,95.0,11.700000000000001,97
5,55,1,7,4,41.0,7.0,55
4,83,0,4,1,62.0,4.4,83
6,46,1,4,5,31.0,9.0,46
8,87,1,4,5,81.0,12.0,87
3,94,0,4,7,76.0,5.1,94
1,94,1,5,1,70.0,1.1,94
4,66,0,6,7,51.0,6.8,66
4,84,0,5,7,69.0,6.8,84
1,94,0,8,3,69.0,1.3,94
9,74,0,8,6,71.0,14.4,74
3,54,1,7,6,34.0,4.800000000000001,54
5,67,1,4,0,51.0,5.0,67
6,74,0,7,0,60.0,6.0,74
8,46,1,8,7,43.0,13.6,46
6,89,0,4,0,74.0,6.0,89
3,85,0,9,2,62.0,3.5999999999999996,85
6,89,1,6,5,80.0,9.0,89
1,90,1,8,7,67.0,1.7,90
4,85,0,9,4,65.0,5.6,85
6,59,1,7,4,47.0,8.399999999999999,59
7,71,0,9,3,63.0,9.1,71
3,77,0,7,3,57.0,3.9000000000000004,77
9,79,1,8,6,82.0,14.4,79
7,71,0,5,5,60.0,10.5,71
1,65,1,6,7,38.0,1.7,65
2,97,0,9,5,78.0,3.0,97
1,78,0,9,9,54.0,1.9,78
9,59,0,8,6,59.0,14.4,59
9,57,0,8,9,55.0,17.099999999999998,57
7,89,0,7,9,84.0,13.299999999999999,89
3,54,1,4,4,32.0,4.199999999999999,54
5,91,0,4,5,75.0,7.5,91
4,61,1,4,0,40.0,4.0,61
7,90,1,7,2,85.0,8.4,90
9,61,1,4,7,56.0,15.299999999999999,61
2,92,0,8,2,67.0,2.4,92
8,60,1,5,0,56.0,8.0,60
9,41,1,5,2,38.0,10.799999999999999,41
9,79,1,5,3,79.0,11.700000000000001,79
7,92,0,4,7,81.0,11.9,92
9,82,0,5,8,80.0,16.2,82
9,57,0,9,3,57.0,11.700000000000001,57
3,62,0,4,6,38.0,4.800000000000001,62
4,52,1,9,0,36.0,4.0,52
2,80,0,8,8,58.0,3.6,80
3,48,1,9,3,28.0,3.9000000000000004,48
5,88,0,8,8,74.0,9.0,88
5,46,1,7,2,32.0,6.0,46
6,80,0,7,4,68.0,8.399999999999999,80
7,93,0,9,0,83.0,7.0,93
7,40,0,6,2,33.0,8.4,40
1,41,0,8,4,15.0,1.4,41
2,43,1,4,5,16.0,3.0,43
9,53,0,6,7,48.0,15.299999999999999,53
2,71,0,8,0,45.0,2.0,71
6,75,0,4,2,60.0,7.199999999999999,75
1,41,1,8,0,16.0,1.0,41
3,79,0,8,4,61.0,4.199999999999999,79
2,89,0,4,7,67.0,3.4,89
3,90,1,8,3,70.0,3.9000000000000004,90
5,53,1,8,8,40.0,9.0,53
6,59,1,8,5,49.0,9.0,59
9,64,0,7,5,63.0,13.5,64
4,81,1,5,4,63.0,5.6,81
7,88,0,8,9,82.0,13.299999999999999,88
6,47,1,4,4,33.0,8.399999999999999,47
2,67,0,9,6,41.0,3.2,67
8,85,1,8,7,83.0,13.6,85
7,60,1,7,6,53.0,11.200000000000001,60
7,62,1,7,0,53.0,7.0,62
8,71,0,9,0,66.0,8.0,71
1,47,1,8,9,25.0,1.9,47
1,70,0,6,5,44.0,1.5,70
8,76,1,9,2,66.0,9.6,76
4,55,1,5,8,34.0,7.2,55
5,79,1,4,6,67.0,8.0,79
8,81,0,4,1,74.0,8.8,81
5,66,0,4,2,52.0,6.0,66
4,79,0,4,7,64.0,6.8,79
6,80,1,7,0,71.0,6.0,80
5,57,0,5,4,39.0,7.0,57
7,74,0,8,9,66.0,13.299999999999999,74
7,88,1,8,0,78.0,7.0,88
4,91,1,6,8,75.0,7.2,91
5,54,0,8,6,37.0,8.0,54
3,92,0,5,4,71.0,4.199999999999999,92
4,66,1,8,5,47.0,6.0,66
4,56,0,7,2,37.0,4.8,56
3,79,1,9,2,63.0,3.5999999999999996,79
5,41,1,8,6,26.0,8.0,41
5,88,0,4,6,71.0,8.0,88
7,89,0,4,6,80.0,11.200000000000001,89
4,70,1,9,1,54.0,4.4,70
4,76,0,4,1,57.0,4.4,76
9,80,1,4,4,75.0,12.6,80
6,80,0,7,3,67.0,7.800000000000001,80
4,73,1,7,6,57.0,6.4,73
2,73,0,7,2,52.0,2.4,73
6,90,0,8,4,78.0,8.399999999999999,90
2,94,1,9,1,72.0,2.2,94
5,98,0,4,0,78.0,5.0,98
6,42,1,6,8,30.0,10.8,42
4,56,0,9,3,40.0,5.2,56
3,53,0,6,7,35.0,5.1,53
7,53,0,4,6,41.0,11.200000000000001,53
2,85,0,5,0,61.0,2.0,85
6,77,1,9,9,69.0,11.399999999999999,77
4,74,1,8,6,55.0,6.4,74
6,40,0,6,1,24.0,6.6000000000000005,40
4,87,1,9,2,72.0,4.8,87
4,68,1,9,0,52.0,4.0,68
4,43,0,7,6,26.0,6.4,43
9,72,1,5,2,66.0,10.799999999999999,72
7,56,1,7,5,45.0,10.5,56
3,67,0,5,6,47.0,4.800000000000001,67
3,89,0,5,2,68.0,3.5999999999999996,89
6,65,0,8,1,49.0,6.6000000000000005,65
6,47,0,9,8,37.0,10.8,47
4,73,1,7,8,61.0,7.2,73
9,98,0,7,6,97.0,14.4,98
4,57,1,6,4,38.0,5.6,57
9,70,1,9,3,69.0,11.700000000000001,70
4,98,0,4,3,79.0,5.2,98
2,66,1,4,0,45.0,2.0,66
2,55,1,6,3,29.0,2.6,55
5,97,1,5,6,86.0,8.0,97
4,49,0,6,4,29.0,5.6,49
7,79,1,6,8,72.0,12.6,79
5,51,0,7,3,37.0,6.5,51
6,61,0,6,2,51.0,7.199999999999999,61
4,55,1,5,5,39.0,6.0,55
2,51,1,4,3,24.0,2.6,51
9,50,0,8,1,47.0,9.9,50
7,59,0,9,4,52.0,9.799999999999999,59
4,90,0,6,3,75.0,5.2,90
3,40,0,9,4,18.0,4.199999999999999,40
3,66,0,6,8,44.0,5.4,66
9,42,1,9,3,37.0,11.700000000000001,42
5,51,0,7,5,37.0,7.5,51
3,69,1,7,3,50.0,3.9000000000000004,69
5,48,0,9,0,34.0,5.0,48
2,92,1,6,1,68.0,2.2,92
4,93,0,6,5,76.0,6.0,93
2,76,1,5,7,53.0,3.4,76
2,40,1,4,8,16.0,3.6,40
8,81,0,4,3,70.0,10.4,81
1,88,1,8,5,62.0,1.5,88
7,43,0,4,2,33.0,8.4,43
5,54,0,8,8,40.0,9.0,54
8,90,1,7,7,85.0,13.6,90
1,66,1,8,0,43.0,1.0,66
7,47,0,8,1,40.0,7.700000000000001,47
5,99,0,4,9,83.0,9.5,99
4,99,0,6,8,86.0,7.2,99
7,62,1,7,9,54.0,13.299999999999999,62
2,54,1,5,2,32.0,2.4,54
1,66,0,8,2,40.0,1.2,66
1,70,1,8,9,45.0,1.9,70
1,78,1,9,8,56.0,1.8,78
5,86,1,8,2,71.0,6.0,86
7,47,0,6,9,38.0,13.299999999999999,47
2,69,0,5,4,45.0,2.8,69
8,97,1,9,5,93.0,12.0,97
4,94,1,4,2,73.0,4.8,94
3,81,0,7,9,63.0,5.699999999999999,81
8,57,1,6,7,54.0,13.6,57
2,43,0,5,1,18.0,2.2,43
3,86,0,7,5,65.0,4.5,86
3,82,0,4,1,64.0,3.3000000000000003,82
1,61,0,7,8,35.0,1.8,61
6,42,0,9,5,31.0,9.0,42
2,54,0,8,8,26.0,3.6,54
1,74,0,8,3,46.0,1.3,74
2,86,1,6,2,65.0,2.4,86
6,77,0,7,1,72.0,6.6000000000000005,77
4,72,1,8,7,59.0,6.8,72
6,53,1,6,3,39.0,7.800000000000001,53
9,87,1,6,1,85.0,9.9,87
8,40,0,9,8,35.0,14.4,40
1,92,1,6,7,67.0,1.7,92
8,88,0,4,4,78.0,11.2,88
9,65,0,8,7,64.0,15.299999999999999,65
6,47,1,8,4,34.0,8.399999999999999,47
5,89,1,5,6,70.0,8.0,89
6,55,1,4,4,42.0,8.399999999999999,55
6,77,1,8,4,61.0,8.399999999999999,77
9,49,0,9,3,45.0,11.700000000000001,49
4,81,1,8,4,66.0,5.6,81
2,76,1,5,6,56.0,3.2,76
9,65,1,7,2,63.0,10.799999999999999,65
2,67,1,7,3,44.0,2.6,67
9,51,1,4,7,46.0,15.299999999999999,51
2,59,0,6,5,34.0,3.0,59
8,88,0,5,7,85.0,13.6,88
9,53,0,5,1,46.0,9.9,53
9,85,1,8,8,84.0,16.2,85
9,74,1,9,6,74.0,14.4,74
2,68,0,8,4,41.0,2.8,68
4,51,0,9,6,30.0,6.4,51
7,91,0,5,1,82.0,7.700000000000001,91
2,57,0,6,3,30.0,2.6,57
1,83,1,7,6,59.0,1.6,83
3,41,1,4,1,17.0,3.3000000000000003,41
4,41,1,9,7,26.0,6.8,41
8,98,0,7,9,94.0,15.2,98
6,56,0,4,9,46.0,11.399999999999999,56
2,49,0,6,4,26.0,2.8,49
9,57,1,5,4,54.0,12.6,57
2,61,1,6,7,42.0,3.4,61
5,58,0,9,0,42.0,5.0,58
4,97,1,5,5,80.0,6.0,97
7,92,0,8,1,85.0,7.700000000000001,92
8,40,0,4,0,26.0,8.0,40
5,63,0,8,6,52.0,8.0,63
5,75,1,5,3,60.0,6.5,75
2,64,0,4,0,40.0,2.0,64
8,75,0,4,9,68.0,15.2,75
2,70,1,8,5,49.0,3.0,70
6,70,0,4,9,59.0,11.399999999999999,70
8,41,0,5,5,32.0,12.0,41
6,58,1,9,2,47.0,7.199999999999999,58
4,92,0,9,5,77.0,6.0,92
4,51,0,5,9,36.0,7.6,51
6,49,0,8,8,38.0,10.8,49
4,70,1,6,5,50.0,6.0,70
8,84,0,5,0,77.0,8.0,84
9,61,0,9,9,59.0,17.099999999999998,61
1,62,0,5,5,37.0,1.5,62
4,91,1,4,7,72.0,6.8,91
4,62,1,4,6,41.0,6.4,62
2,54,1,5,7,34.0,3.4,54
6,65,0,8,7,54.0,10.2,65
3,42,1,6,8,21.0,5.4,42
7,62,0,4,2,50.0,8.4,62
5,59,1,9,6,49.0,8.0,59
4,84,1,4,5,71.0,6.0,84
5,79,1,9,1,64.0,5.5,79
8,96,1,6,4,90.0,11.2,96
3,78,0,4,2,57.0,3.5999999999999996,78
7,95,1,8,4,84.0,9.799999999999999,95
6,47,0,9,8,36.0,10.8,47
1,57,0,4,7,34.0,1.7,57
7,80,0,4,8,70.0,12.6,80
7,45,1,5,8,39.0,12.6,45
1,66,1,8,7,42.0,1.7,66
9,75,0,8,7,69.0,15.299999999999999,75
6,54,1,5,5,44.0,9.0,54
2,76,0,9,5,54.0,3.0,76
5,97,1,7,5,87.0,7.5,97
4,44,1,6,9,28.0,7.6,44
7,78,0,8,5,70.0,10.5,78
8,48,1,7,8,44.0,14.4,48
1,46,0,9,9,23.0,1.9,46
5,80,0,6,0,61.0,5.0,80
3,59,1,8,9,43.0,5.699999999999999,59
1,49,1,4,5,22.0,1.5,49
3,65,1,8,7,47.0,5.1,65
6,43,0,6,0,31.0,6.0,43
7,77,1,7,5,71.0,10.5,77
8,63,1,4,8,59.0,14.4,63
4,53,1,6,5,37.0,6.0,53
3,80,1,9,1,58.0,3.3000000000000003,80
5,40,0,6,0,24.0,5.0,40
9,56,1,8,3,52.0,11.700000000000001,56
6,84,0,9,5,74.0,9.0,84
9,63,1,5,9,60.0,17.099999999999998,63
6,66,1,5,9,59.0,11.399999999999999,66
2,46,1,4,8,20.0,3.6,46
5,48,0,6,4,33.0,7.0,48
9,82,0,7,6,80.0,14.4,82
8,74,1,4,5,67.0,12.0,74
7,97,0,9,5,90.0,10.5,97
1,51,0,4,8,29.0,1.8,51
4,60,1,8,4,44.0,5.6,60
7,42,1,9,1,37.0,7.700000000000001,42
7,54,1,7,7,45.0,11.9,54
6,60,1,6,2,50.0,7.199999999999999,60
8,49,1,9,8,44.0,14.4,49
6,72,1,6,4,59.0,8.399999999999999,72
3,85,0,6,0,60.0,3.0,85
4,98,1,4,3,78.0,5.2,98
3,91,1,8,8,73.0,5.4,91
1,45,1,4,0,20.0,1.0,45
5,41,1,5,7,26.0,8.5,41
1,68,0,5,7,42.0,1.7,68
1,94,0,6,8,71.0,1.8,94
2,79,0,8,8,57.0,3.6,79
4,72,1,9,5,55.0,6.0,72
6,43,1,6,4,29.0,8.399999999999999,43
8,98,0,9,6,96.0,12.8,98
3,43,0,6,8,23.0,5.4,43
1,68,1,4,4,42.0,1.4,68
3,76,1,6,2,54.0,3.5999999999999996,76
3,99,1,6,8,83.0,5.4,99
5,99,1,8,9,91.0,9.5,99
4,59,1,8,0,42.0,4.0,59
4,80,0,9,0,65.0,4.0,80
9,62,1,8,9,60.0,17.099999999999998,62
7,84,0,6,3,77.0,9.1,84
4,57,1,8,1,41.0,4.4,57
3,88,0,8,6,67.0,4.800000000000001,88
6,64,0,7,1,53.0,6.6000000000000005,64
3,40,0,7,6,21.0,4.800000000000001,40
6,93,1,5,7,82.0,10.2,93
9,54,1,4,7,52.0,15.299999999999999,54
6,73,1,4,2,60.0,7.199999999999999,73
4,87,0,8,8,71.0,7.2,87
5,59,0,5,9,45.0,9.5,59
6,93,1,5,9,82.0,11.399999999999999,93
3,76,0,9,9,57.0,5.699999999999999,76
8,66,0,7,5,63.0,12.0,66
4,61,0,5,3,41.0,5.2,61
8,90,0,6,7,84.0,13.6,90
3,44,1,9,3,24.0,3.9000000000000004,44
7,73,0,8,3,63.0,9.1,73
9,78,1,6,7,79.0,15.299999999999999,78
4,42,0,4,3,20.0,5.2,42
8,56,0,7,0,50.0,8.0,56
3,63,1,6,5,43.0,4.5,63
7,63,0,8,7,56.0,11.9,63
3,42,1,6,2,21.0,3.5999999999999996,42
7,84,1,6,1,76.0,7.700000000000001,84
6,46,1,5,5,34.0,9.0,46
2,64,1,7,0,42.0,2.0,64
3,95,1,4,4,78.0,4.199999999999999,95
6,42,1,8,5,28.0,9.0,42
4,54,1,9,7,39.0,6.8,54
6,68,0,9,6,56.0,9.600000000000001,68
1,89,1,8,5,63.0,1.5,89
1,68,0,4,1,38.0,1.1,68
3,49,0,8,7,29.0,5.1,49
8,71,0,5,7,67.0,13.6,71
8,62,1,9,4,57.0,11.2,62
4,78,1,9,2,63.0,4.8,78
6,48,0,6,7,38.0,10.2,48
8,76,1,5,4,68.0,11.2,76
7,91,0,9,2,82.0,8.4,91
7,79,0,5,8,70.0,12.6,79
4,53,0,5,8,32.0,7.2,53
9,43,1,4,6,43.0,14.4,43
6,59,0,9,7,49.0,10.2,59
3,67,1,7,4,49.0,4.199999999999999,67
5,53,0,4,4,36.0,7.0,53
5,83,1,4,4,69.0,7.0,83
5,73,0,5,1,57.0,5.5,73
8,52,1,7,2,47.0,9.6,52
9,70,0,4,7,69.0,15.299999999999999,70
9,72,1,7,5,65.0,13.5,72
6,91,1,9,8,84.0,10.8,91
6,78,1,5,6,66.0,9.600000000000001,78
9,67,0,4,5,60.0,13.5,67
4,64,0,7,3,44.0,5.2,64
6,71,0,8,6,61.0,9.600000000000001,71
4,48,1,4,3,30.0,5.2,48
1,67,1,4,6,39.0,1.6,67
7,97,0,4,4,85.0,9.799999999999999,97
6,70,0,7,1,58.0,6.6000000000000005,70
9,56,1,6,6,53.0,14.4,56
7,92,0,9,7,86.0,11.9,92
7,62,1,4,9,55.0,13.299999999999999,62
2,52,1,8,1,32.0,2.2,52
9,94,1,8,5,94.0,13.5,94
9,49,0,5,3,41.0,11.700000000000001,49
6,55,1,6,4,43.0,8.399999999999999,55
3,45,0,6,0,25.0,3.0,45
1,87,1,7,5,64.0,1.5,87
4,50,0,5,7,37.0,6.8,50
3,97,0,7,1,79.0,3.3000000000000003,97
1,91,1,5,0,62.0,1.0,91
3,42,1,9,8,21.0,5.4,42
4,67,1,6,1,49.0,4.4,67
8,80,1,9,7,77.0,13.6,80
9,54,0,7,4,50.0,12.6,54
3,99,0,5,1,79.0,3.3000000000000003,99
6,52,0,6,4,35.0,8.399999999999999,52
5,81,0,6,8,66.0,9.0,81
6,91,0,4,5,74.0,9.0,91
4,95,1,7,2,77.0,4.8,95
6,84,1,4,7,72.0,10.2,84
7,56,0,6,0,48.0,7.0,56
9,46,1,7,8,42.0,16.2,46
7,67,1,7,8,59.0,12.6,67
6,77,1,9,3,66.0,7.800000000000001,77
1,52,1,8,7,27.0,1.7,52
2,99,1,5,2,75.0,2.4,99
1,56,1,8,5,31.0,1.5,56
9,54,0,8,9,51.0,17.099999999999998,54
9,75,1,6,9,74.0,17.099999999999998,75
7,67,1,9,7,63.0,11.9,67
2,54,0,5,8,31.0,3.6,54
6,85,0,8,7,79.0,10.2,85
4,92,0,8,8,77.0,7.2,92
1,50,1,7,3,26.0,1.3,50
1,95,0,6,9,69.0,1.9,95
5,70,1,8,0,56.0,5.0,70
2,43,0,5,6,18.0,3.2,43
4,74,1,4,9,55.0,7.6,74
1,73,1,4,3,45.0,1.3,73
4,91,0,6,0,74.0,4.0,91
6,66,1,4,2,56.0,7.199999999999999,66
4,49,1,7,6,34.0,6.4,49
1,69,1,7,2,44.0,1.2,69
7,84,1,5,0,73.0,7.0,84
2,59,0,9,6,38.0,3.2,59
9,68,0,6,7,64.0,15.299999999999999,68
3,97,0,6,4,75.0,4.199999999999999,97
8,92,1,4,5,84.0,12.0,92
8,68,0,8,2,62.0,9.6,68
3,62,0,8,4,41.0,4.199999999999999,62
4,96,1,9,2,81.0,4.8,96
2,89,0,8,1,66.0,2.2,89
4,60,0,9,6,45.0,6.4,60
9,87,0,5,9,84.0,17.099999999999998,87
2,82,1,6,6,60.0,3.2,82
3,49,0,4,7,26.0,5.1,49
4,80,0,5,0,64.0,4.0,80
5,51,0,7,1,32.0,5.5,51
1,69,1,7,1,48.0,1.1,69
7,90,1,7,2,83.0,8.4,90
7,72,0,9,6,62.0,11.200000000000001,72
9,57,0,9,6,55.0,14.4,57
4,53,0,6,6,36.0,6.4,53
6,61,1,7,0,52.0,6.0,61
2,60,1,9,1,35.0,2.2,60
4,40,0,9,7,21.0,6.8,40
2,88,0,8,8,67.0,3.6,88
5,82,1,9,9,71.0,9.5,82
7,91,1,7,6,87.0,11.200000000000001,91
1,99,0,5,0,70.0,1.0,99
7,54,1,7,3,43.0,9.1,54
6,75,0,8,9,69.0,11.399999999999999,75
6,86,0,7,7,75.0,10.2,86
8,93,1,4,4,85.0,11.2,93
8,61,0,8,0,56.0,8.0,61
6,71,0,6,6,55.0,9.600000000000001,71
3,97,0,7,5,78.0,4.5,97
5,85,0,9,8,71.0,9.0,85
2,93,0,5,3,68.0,2.6,93
5,72,0,7,3,60.0,6.5,72
9,97,0,5,7,95.0,15.299999999999999,97
1,80,1,4,3,51.0,1.3,80
5,98,1,6,2,84.0,6.0,98
6,78,0,9,6,68.0,9.600000000000001,78
7,62,1,8,4,54.0,9.799999999999999,62
9,82,0,8,8,79.0,16.2,82
6,94,0,6,4,83.0,8.399999999999999,94
5,41,1,4,8,28.0,9.0,41
7,41,0,4,5,31.0,10.5,41
1,77,0,7,5,50.0,1.5,77
5,94,1,4,5,79.0,7.5,94
2,90,1,7,6,64.0,3.2,90
4,68,1,5,3,53.0,5.2,68
7,91,1,6,3,81.0,9.1,91
5,85,1,5,8,70.0,9.0,85
6,99,1,5,6,85.0,9.600000000000001,99
2,42,0,5,9,20.0,3.8,42
3,78,1,5,5,60.0,4.5,78
7,46,1,8,0,36.0,7.0,46
2,75,0,4,6,49.0,3.2,75
6,68,0,6,5,56.0,9.0,68
5,94,1,6,3,79.0,6.5,94
1,76,0,9,7,53.0,1.7,76
4,88,0,5,6,70.0,6.4,88
2,97,0,6,7,74.0,3.4,97
4,75,0,7,8,60.0,7.2,75
1,62,0,6,0,32.0,1.0,62
2,84,0,5,2,59.0,2.4,84
8,55,0,6,1,48.0,8.8,55
6,87,1,4,2,74.0,7.199999999999999,87
2,70,0,5,1,46.0,2.2,70
6,73,1,8,5,63.0,9.0,73
9,89,0,4,8,87.0,16.2,89
7,40,0,6,1,29.0,7.700000000000001,40
9,57,1,8,3,51.0,11.700000000000001,57
5,97,0,9,4,81.0,7.0,97
7,79,0,4,4,70.0,9.799999999999999,79
7,82,1,9,0,75.0,7.0,82
3,95,0,7,5,75.0,4.5,95
7,95,0,4,4,85.0,9.799999999999999,95
1,54,1,8,5,28.0,1.5,54
9,87,1,9,3,84.0,11.700000000000001,87
6,88,0,7,5,76.0,9.0,88
5,56,1,9,8,43.0,9.0,56
7,83,0,6,0,73.0,7.0,83
5,49,0,5,5,33.0,7.5,49
5,59,1,9,0,45.0,5.0,59
7,45,1,6,6,38.0,11.200000000000001,45
7,47,1,5,3,39.0,9.1,47
3,84,1,5,5,67.0,4.5,84
3,73,0,8,6,53.0,4.800000000000001,73
3,71,1,7,4,50.0,4.199999999999999,71
6,90,1,7,8,80.0,10.8,90
6,93,0,4,7,80.0,10.2,93
3,81,0,6,2,60.0,3.5999999999999996,81
3,43,0,8,0,23.0,3.0,43
8,83,0,9,9,80.0,15.2,83
8,89,0,6,7,83.0,13.6,89
7,78,0,9,3,72.0,9.1,78
4,59,0,9,6,46.0,6.4,59
4,63,0,9,3,45.0,5.2,63
3,63,0,4,6,42.0,4.800000000000001,63
5,94,1,4,0,78.0,5.0,94
3,65,1,8,0,43.0,3.0,65
8,64,0,4,1,55.0,8.8,64
7,75,1,8,4,67.0,9.799999999999999,75
3,46,0,4,9,28.0,5.699999999999999,46
9,49,0,7,5,48.0,13.5,49
5,97,0,8,1,81.0,5.5,97
9,86,0,7,0,84.0,9.0,86
7,51,1,7,8,41.0,12.6,51
7,40,1,8,6,31.0,11.200000000000001,40
6,91,0,6,7,83.0,10.2,91
2,89,1,5,5,70.0,3.0,89
9,64,1,4,8,57.0,16.2,64
6,55,0,9,7,45.0,10.2,55
8,44,0,4,3,37.0,10.4,44
1,58,1,9,4,33.0,1.4,58
5,43,1,6,1,28.0,5.5,43
1,45,0,5,0,16.0,1.0,45
8,65,0,6,5,60.0,12.0,65
8,88,1,5,2,81.0,9.6,88
1,78,0,8,3,54.0,1.3,78
9,95,0,8,0,94.0,9.0,95
2,94,0,9,5,74.0,3.0,94
9,78,1,7,7,76.0,15.299999999999999,78
1,48,1,7,9,19.0,1.9,48
9,84,0,9,3,83.0,11.700000000000001,84
4,91,1,8,9,73.0,7.6,91
9,53,0,9,7,52.0,15.299999999999999,53
7,87,1,7,9,81.0,13.299999999999999,87
6,94,1,9,2,84.0,7.199999999999999,94
5,48,1,8,6,35.0,8.0,48
9,54,0,6,2,53.0,10.799999999999999,54
2,76,0,4,5,55.0,3.0,76
2,89,0,8,3,66.0,2.6,89
9,92,1,9,5,87.0,13.5,92
3,59,0,8,6,43.0,4.800000000000001,59
8,47,0,8,7,39.0,13.6,47
9,71,0,7,5,68.0,13.5,71
8,86,0,9,3,81.0,10.4,86
4,60,1,7,8,45.0,7.2,60
1,96,0,9,6,75.0,1.6,96
4,80,0,7,8,64.0,7.2,80
9,58,1,7,2,54.0,10.799999999999999,58
2,68,0,6,4,45.0,2.8,68
3,97,1,8,0,75.0,3.0,97
8,70,1,6,7,64.0,13.6,70
6,93,1,7,0,81.0,6.0,93
8,45,0,6,0,39.0,8.0,45
7,43,1,8,6,38.0,11.200000000000001,43
5,82,1,8,7,72.0,8.5,82
9,68,1,7,2,67.0,10.799999999999999,68
4,81,0,8,1,66.0,4.4,81
6,42,1,6,6,32.0,9.600000000000001,42
2,40,1,5,9,17.0,3.8,40
2,83,1,8,4,59.0,2.8,83
2,94,0,6,0,70.0,2.0,94
7,54,1,6,1,41.0,7.700000000000001,54
2,86,1,6,2,62.0,2.4,86
2,60,0,8,5,38.0,3.0,60
9,85,0,5,0,81.0,9.0,85
7,97,0,7,7,88.0,11.9,97
3,70,1,7,1,46.0,3.3000000000000003,70
3,46,1,8,4,25.0,4.199999999999999,46
7,56,1,8,7,48.0,11.9,56
5,95,1,4,4,81.0,7.0,95
6,58,0,9,7,49.0,10.2,58
8,78,1,5,5,72.0,12.0,78
9,99,0,6,6,96.0,14.4,99
1,42,1,9,7,17.0,1.7,42
3,69,1,6,2,48.0,3.5999999999999996,69
7,74,1,9,4,69.0,9.799999999999999,74
6,97,0,7,9,85.0,11.399999999999999,97
7,96,0,9,6,85.0,11.200000000000001,96
8,68,0,8,8,64.0,14.4,68
6,89,0,5,5,79.0,9.0,89
3,91,1,7,9,74.0,5.699999999999999,91
2,93,1,9,0,69.0,2.0,93
7,53,1,5,7,44.0,11.9,53
1,74,1,8,5,50.0,1.5,74
3,67,1,6,0,48.0,3.0,67
4,97,0,4,3,77.0,5.2,97
1,69,0,5,5,46.0,1.5,69
5,65,1,6,9,51.0,9.5,65
3,46,1,5,0,23.0,3.0,46
2,78,1,5,9,56.0,3.8,78
3,70,1,5,4,47.0,4.199999999999999,70
8,44,0,8,2,42.0,9.6,44
6,74,1,7,6,64.0,9.600000000000001,74
7,89,1,5,7,80.0,11.9,89
6,86,1,8,2,73.0,7.199999999999999,86
6,91,1,4,9,80.0,11.399999999999999,91
3,53,0,7,2,34.0,3.5999999999999996,53
8,75,1,8,2,69.0,9.6,75
7,66,0,4,5,54.0,10.5,66
7,63,0,7,5,56.0,10.5,63
6,79,1,8,2,66.0,7.199999999999999,79
5,68,1,4,5,53.0,7.5,68
8,92,1,8,8,89.0,14.4,92
5,84,1,4,7,70.0,8.5,84
9,61,1,5,6,59.0,14.4,61
9,47,0,5,6,41.0,14.4,47
1,54,0,7,7,28.0,1.7,54
6,88,0,4,6,75.0,9.600000000000001,88
7,44,0,5,2,34.0,8.4,44
3,91,0,7,7,68.0,5.1,91
7,43,1,6,7,32.0,11.9,43
7,50,1,5,0,44.0,7.0,50
2,57,0,5,9,35.0,3.8,57
7,81,1,9,4,74.0,9.799999999999999,81
1,88,1,8,4,64.0,1.4,88
5,69,0,6,0,57.0,5.0,69
9,54,0,4,5,46.0,13.5,54
7,45,0,7,5,36.0,10.5,45
7,94,1,6,3,85.0,9.1,94
2,92,0,4,5,71.0,3.0,92
8,55,0,5,5,49.0,12.0,55
3,86,1,9,0,71.0,3.0,86
8,79,1,7,4,76.0,11.2,79
3,48,0,7,1,26.0,3.3000000000000003,48
7,82,1,6,6,74.0,11.200000000000001,82
2,98,0,8,8,78.0,3.6,98
4,73,1,4,8,59.0,7.2,73
6,66,0,9,8,55.0,10.8,66
9,52,1,9,6,51.0,14.4,52
5,75,1,6,6,57.0,8.0,75
9,66,1,8,0,63.0,9.0,66
5,48,0,8,5,37.0,7.5,48
8,44,0,8,4,41.0,11.2,44
1,90,0,7,7,67.0,1.7,90
7,61,1,4,7,56.0,11.9,61
4,70,1,4,3,51.0,5.2,70
5,42,1,6,0,26.0,5.0,42
6,69,0,5,5,56.0,9.0,69
5,60,1,6,9,48.0,9.5,60
1,74,0,4,0,52.0,1.0,74
9,45,0,7,4,42.0,12.6,45
2,67,0,6,4,41.0,2.8,67
9,71,0,5,2,64.0,10.799999999999999,71
2,81,0,9,4,57.0,2.8,81
9,76,1,6,5,72.0,13.5,76
6,64,1,8,4,52.0,8.399999999999999,64
9,71,1,5,0,67.0,9.0,71
6,74,1,8,6,61.0,9.600000000000001,74
6,61,1,7,2,51.0,7.199999999999999,61
2,63,1,4,6,42.0,3.2,63
8,78,0,6,4,71.0,11.2,78
3,93,1,6,2,74.0,3.5999999999999996,93
7,69,0,8,5,62.0,10.5,69
5,89,0,8,0,76.0,5.0,89
3,71,0,4,5,50.0,4.5,71
1,70,0,6,3,42.0,1.3,70
8,62,0,4,3,55.0,10.4,62
3,79,1,8,4,60.0,4.199999999999999,79
2,72,1,9,8,52.0,3.6,72
1,64,1,8,0,36.0,1.0,64
4,75,0,5,2,53.0,4.8,75
8,63,1,8,3,54.0,10.4,63
3,70,1,8,1,47.0,3.3000000000000003,70
1,97,0,9,8,70.0,1.8,97
4,78,0,4,6,62.0,6.4,78
9,85,1,5,0,82.0,9.0,85
1,52,0,5,8,26.0,1.8,52
2,49,0,6,5,25.0,3.0,49
9,62,0,9,1,55.0,9.9,62
2,57,1,7,0,34.0,2.0,57
3,71,0,6,5,51.0,4.5,71
7,72,0,6,6,63.0,11.200000000000001,72
3,75,0,6,9,54.0,5.699999999999999,75
9,67,0,5,5,62.0,13.5,67
6,55,0,4,6,43.0,9.600000000000001,55
3,55,1,8,5,34.0,4.5,55
9,57,1,5,7,56.0,15.299999999999999,57
1,47,0,8,1,24.0,1.1,47
3,81,0,8,8,65.0,5.4,81
1,55,1,7,8,31.0,1.8,55
2,94,1,6,8,72.0,3.6,94
8,95,0,7,6,90.0,12.8,95
7,50,0,6,8,43.0,12.6,50
2,45,1,5,0,23.0,2.0,45
2,40,0,8,2,18.0,2.4,40
9,51,0,7,1,44.0,9.9,51
6,96,1,9,0,84.0,6.0,96
5,77,1,5,4,62.0,7.0,77
6,67,1,5,0,56.0,6.0,67
9,84,1,9,2,87.0,10.799999999999999,84
7,97,0,6,5,89.0,10.5,97
9,56,0,8,5,55.0,13.5,56
4,40,0,6,2,18.0,4.8,40
2,71,0,6,3,46.0,2.6,71
8,47,1,5,6,42.0,12.8,47
4,93,1,6,5,72.0,6.0,93
9,79,0,4,1,75.0,9.9,79
4,95,0,9,8,79.0,7.2,95
8,82,0,9,5,78.0,12.0,82
9,85,1,8,1,81.0,9.9,85
9,63,1,9,6,63.0,14.4,63
4,49,1,6,9,35.0,7.6,49
1,86,0,6,9,63.0,1.9,86
3,78,0,7,3,59.0,3.9000000000000004,78
9,78,0,8,0,76.0,9.0,78
4,49,1,8,9,33.0,7.6,49
5,75,0,9,8,62.0,9.0,75
7,64,1,6,9,58.0,13.299999999999999,64
5,99,0,4,7,82.0,8.5,99
4,89,0,7,4,73.0,5.6,89
2,98,1,4,2,75.0,2.4,98
2,96,1,6,3,71.0,2.6,96
4,49,0,8,2,30.0,4.8,49
9,58,1,8,9,58.0,17.099999999999998,58
8,85,1,4,7,80.0,13.6,85
3,84,1,5,4,65.0,4.199999999999999,84
9,54,1,6,7,51.0,15.299999999999999,54
5,55,1,8,0,44.0,5.0,55
3,41,0,9,8,23.0,5.4,41
5,68,0,5,9,56.0,9.5,68
4,43,0,8,2,25.0,4.8,43
8,92,0,9,0,89.0,8.0,92
5,89,1,8,2,75.0,6.0,89
8,68,0,5,1,60.0,8.8,68
9,70,1,4,6,64.0,14.4,70
4,56,0,6,9,40.0,7.6,56
7,49,0,5,3,37.0,9.1,49
2,66,1,5,6,42.0,3.2,66
6,92,0,8,2,78.0,7.199999999999999,92
8,80,0,9,5,72.0,12.0,80
7,54,0,5,6,44.0,11.200000000000001,54
7,99,0,6,6,89.0,11.200000000000001,99
8,83,0,4,4,77.0,11.2,83
7,70,0,9,5,62.0,10.5,70
5,60,0,4,2,46.0,6.0,60
7,99,1,4,3,94.0,9.1,99
3,98,0,6,5,80.0,4.5,98
5,97,0,8,2,83.0,6.0,97
7,80,0,9,6,74.0,11.200000000000001,80
9,85,0,9,2,85.0,10.799999999999999,85
2,84,0,6,8,61.0,3.6,84
4,99,0,9,3,85.0,5.2,99
7,65,1,5,1,58.0,7.700000000000001,65
1,77,0,7,5,52.0,1.5,77
2,90,0,7,8,69.0,3.6,90
9,75,1,7,9,78.0,17.099999999999998,75
7,91,1,4,9,82.0,13.299999999999999,91
7,56,0,9,1,47.0,7.700000000000001,56
6,90,0,6,3,79.0,7.800000000000001,90
3,42,0,9,4,21.0,4.199999999999999,42
3,53,1,6,8,33.0,5.4,53
2,88,1,9,6,65.0,3.2,88
6,52,0,4,4,35.0,8.399999999999999,52
4,80,0,5,5,63.0,6.0,80
5,66,1,7,8,50.0,9.0,66
3,40,1,7,3,18.0,3.9000000000000004,40
6,96,1,9,1,88.0,6.6000000000000005,96
3,56,1,4,4,35.0,4.199999999999999,56
8,87,0,7,6,82.0,12.8,87
9,89,1,9,3,87.0,11.700000000000001,89
4,73,1,8,0,59.0,4.0,73
9,53,0,9,7,56.0,15.299999999999999,53
7,93,1,6,4,86.0,9.799999999999999,93
3,94,0,7,9,70.0,5.699999999999999,94
7,98,1,7,1,90.0,7.700000000000001,98
1,56,0,8,2,28.0,1.2,56
3,42,1,5,9,21.0,5.699999999999999,42
6,73,0,9,9,64.0,11.399999999999999,73
4,79,0,5,4,61.0,5.6,79
7,64,1,9,3,54.0,9.1,64
3,41,0,8,8,20.0,5.4,41
1,73,0,5,8,49.0,1.8,73
9,65,1,4,7,65.0,15.299999999999999,65
6,70,0,8,1,61.0,6.6000000000000005,70
8,48,0,9,4,40.0,11.2,48
3,69,1,6,7,49.0,5.1,69
8,59,1,6,7,52.0,13.6,59
2,60,0,6,6,38.0,3.2,60
4,68,0,9,3,51.0,5.2,68
3,98,0,7,2,76.0,3.5999999999999996,98
1,64,0,8,7,42.0,1.7,64
7,77,0,8,7,68.0,11.9,77
2,97,1,5,9,77.0,3.8,97
4,83,0,8,4,65.0,5.6,83
9,64,1,8,2,63.0,10.799999999999999,64
6,48,1,5,4,35.0,8.399999999999999,48
8,78,1,8,3,71.0,10.4,78
2,83,1,8,7,64.0,3.4,83
7,65,0,4,1,53.0,7.700000000000001,65
6,96,0,9,7,87.0,10.2,96
9,76,0,5,9,71.0,17.099999999999998,76
7,55,1,4,5,43.0,10.5,55
1,76,1,7,3,54.0,1.3,76
8,51,0,5,2,44.0,9.6,51
3,63,1,9,9,45.0,5.699999999999999,63
2,65,0,8,4,42.0,2.8,65
3,59,1,8,5,38.0,4.5,59
6,48,1,4,0,36.0,6.0,48
3,62,1,4,0,43.0,3.0,62
5,78,1,7,9,67.0,9.5,78
6,68,1,7,2,58.0,7.199999999999999,68
8,70,1,9,1,64.0,8.8,70
7,58,1,8,0,51.0,7.0,58
8,59,0,6,7,57.0,13.6,59
3,62,0,7,0,40.0,3.0,62
4,82,1,8,9,68.0,7.6,82
6,66,1,7,7,58.0,10.2,66
7,69,0,5,4,63.0,9.799999999999999,69
9,60,1,4,3,56.0,11.700000000000001,60
1,83,0,8,7,60.0,1.7,83
8,74,0,7,7,68.0,13.6,74
8,88,0,4,7,82.0,13.6,88
6,46,0,6,2,33.0,7.199999999999999,46
4,61,0,7,7,47.0,6.8,61
3,49,1,8,0,32.0,3.0,49
3,62,1,5,3,39.0,3.9000000000000004,62
6,54,0,4,4,41.0,8.399999999999999,54
8,69,1,4,5,61.0,12.0,69
7,73,0,5,4,63.0,9.799999999999999,73
1,52,1,8,4,27.0,1.4,52
6,99,1,9,4,88.0,8.399999999999999,99
7,43,1,6,8,35.0,12.6,43
7,57,1,9,9,48.0,13.299999999999999,57
9,95,1,5,9,95.0,17.099999999999998,95
5,62,1,6,2,48.0,6.0,62
1,72,1,8,1,45.0,1.1,72
2,73,1,7,9,49.0,3.8,73
4,73,0,7,1,57.0,4.4,73
5,75,0,9,7,61.0,8.5,75
9,74,1,8,4,75.0,12.6,74
1,56,1,6,4,26.0,1.4,56
3,67,1,9,5,47.0,4.5,67
5,53,0,5,8,37.0,9.0,53
3,73,1,9,6,55.0,4.800000000000001,73
4,87,1,8,4,73.0,5.6,87
3,50,0,8,4,30.0,4.199999999999999,50
4,96,0,7,9,80.0,7.6,96
1,52,0,5,8,24.0,1.8,52
8,72,1,7,8,66.0,14.4,72
4,96,0,6,1,77.0,4.4,96
7,94,1,6,6,86.0,11.200000000000001,94
2,41,0,4,9,13.0,3.8,41
2,73,1,8,0,52.0,2.0,73
6,92,1,5,3,80.0,7.800000000000001,92
2,68,1,5,1,44.0,2.2,68
6,76,0,7,9,68.0,11.399999999999999,76
2,43,1,9,8,23.0,3.6,43
4,51,1,9,5,36.0,6.0,51
7,65,1,7,3,58.0,9.1,65
8,97,0,9,2,91.0,9.6,97
3,67,1,5,3,48.0,3.9000000000000004,67
9,42,1,7,1,40.0,9.9,42
2,59,1,9,4,33.0,2.8,59
8,49,1,4,8,46.0,14.4,49
8,91,0,8,5,87.0,12.0,91
4,57,1,4,1,39.0,4.4,57
1,92,0,9,5,70.0,1.5,92
1,92,0,6,8,67.0,1.8,92
2,92,1,5,3,68.0,2.6,92
9,66,0,4,0,61.0,9.0,66
2,70,0,4,1,51.0,2.2,70
2,66,0,7,4,43.0,2.8,66
6,81,1,7,9,70.0,11.399999999999999,81
7,40,0,7,6,34.0,11.200000000000001,40
7,45,0,9,7,33.0,11.9,45
9,50,1,6,2,46.0,10.799999999999999,50
6,73,1,4,8,60.0,10.8,73
8,78,0,8,1,73.0,8.8,78
6,59,0,7,3,47.0,7.800000000000001,59
2,92,0,6,3,67.0,2.6,92
1,60,1,9,5,37.0,1.5,60
5,60,0,6,9,44.0,9.5,60
9,57,1,7,5,55.0,13.5,57
8,60,0,5,2,52.0,9.6,60
4,58,0,4,8,42.0,7.2,58
5,43,1,7,4,28.0,7.0,43
5,52,0,8,1,31.0,5.5,52
6,57,1,4,5,42.0,9.0,57
3,91,0,6,2,71.0,3.5999999999999996,91
5,68,1,8,7,54.0,8.5,68
2,64,1,4,2,42.0,2.4,64
1,95,0,8,4,68.0,1.4,95
1,52,1,6,3,27.0,1.3,52
7,66,0,7,3,59.0,9.1,66
2,99,1,8,1,77.0,2.2,99
4,58,1,7,7,43.0,6.8,58
5,88,1,6,2,73.0,6.0,88
7,40,0,6,3,31.0,9.1,40
2,77,1,8,5,55.0,3.0,77
6,58,1,8,8,49.0,10.8,58
1,91,1,6,3,65.0,1.3,91
7,40,0,8,2,30.0,8.4,40
9,79,0,8,4,75.0,12.6,79
5,56,1,8,8,43.0,9.0,56
5,60,1,9,0,49.0,5.0,60
4,61,0,8,4,44.0,5.6,61
3,54,1,4,3,35.0,3.9000000000000004,54
9,89,1,6,4,88.0,12.6,89
5,78,1,6,6,65.0,8.0,78
8,87,1,5,6,82.0,12.8,87
9,78,1,7,6,76.0,14.4,78
5,71,1,5,0,54.0,5.0,71
9,88,0,8,8,90.0,16.2,88
2,43,1,8,6,23.0,3.2,43
9,83,1,4,3,79.0,11.700000000000001,83
4,84,0,4,3,65.0,5.2,84
6,71,0,4,1,59.0,6.6000000000000005,71
6,43,0,4,5,28.0,9.0,43
6,92,0,4,9,79.0,11.399999999999999,92
2,40,1,4,2,11.0,2.4,40
7,72,0,4,0,61.0,7.0,72
6,46,1,4,4,36.0,8.399999999999999,46
1,48,0,9,5,22.0,1.5,48
2,40,0,4,4,20.0,2.8,40
7,55,0,6,4,45.0,9.799999999999999,55
1,57,1,4,9,32.0,1.9,57
1,93,0,7,7,68.0,1.7,93
1,86,0,4,9,55.0,1.9,86
8,45,0,9,0,38.0,8.0,45
4,41,1,8,7,23.0,6.8,41
4,48,1,9,6,33.0,6.4,48
2,43,0,9,0,22.0,2.0,43
1,84,1,8,8,60.0,1.8,84
9,62,0,4,3,58.0,11.700000000000001,62
7,93,1,4,6,84.0,11.200000000000001,93
4,82,0,8,2,67.0,4.8,82
6,84,1,7,7,79.0,10.2,84
2,82,0,5,3,61.0,2.6,82
7,90,1,6,1,80.0,7.700000000000001,90
2,47,1,8,1,27.0,2.2,47
8,78,0,4,7,72.0,13.6,78
8,64,0,6,7,61.0,13.6,64
1,55,1,4,0,25.0,1.0,55
8,74,0,5,5,67.0,12.0,74
2,56,0,5,8,33.0,3.6,56
6,57,0,8,8,46.0,10.8,57
1,99,0,6,1,73.0,1.1,99
5,66,1,9,7,54.0,8.5,66
7,54,0,6,7,44.0,11.9,54
1,99,1,9,3,74.0,1.3,99
2,56,1,5,3,31.0,2.6,56
7,82,0,4,4,73.0,9.799999999999999,82
6,44,0,9,9,34.0,11.399999999999999,44
3,55,1,9,6,36.0,4.800000000000001,55
2,54,0,8,0,27.0,2.0,54
4,81,0,7,8,66.0,7.2,81
3,85,1,5,2,66.0,3.5999999999999996,85
7,73,1,9,3,64.0,9.1,73
8,87,1,5,6,82.0,12.8,87
2,58,0,8,4,34.0,2.8,58
7,47,0,4,4,38.0,9.799999999999999,47
8,86,1,6,0,79.0,8.0,86
6,49,1,5,1,35.0,6.6000000000000005,49
6,44,0,8,4,33.0,8.399999999999999,44
1,91,0,8,1,65.0,1.1,91
4,87,0,8,0,69.0,4.0,87
1,92,1,6,9,66.0,1.9,92
4,65,0,5,2,45.0,4.8,65
2,61,0,9,0,37.0,2.0,61
5,83,1,8,9,71.0,9.5,83
9,62,0,6,7,59.0,15.299999999999999,62
3,52,1,4,7,32.0,5.1,52
8,48,0,7,7,40.0,13.6,48
3,88,1,5,6,73.0,4.800000000000001,88
6,59,1,6,6,48.0,9.600000000000001,59
4,67,1,7,1,52.0,4.4,67
8,83,0,7,8,79.0,14.4,83
6,96,0,6,6,85.0,9.600000000000001,96
8,76,0,9,4,72.0,11.2,76
1,63,0,9,3,39.0,1.3,63
6,83,1,6,7,72.0,10.2,83
1,72,0,6,4,51.0,1.4,72
1,59,0,8,5,36.0,1.5,59
8,99,1,4,3,89.0,10.4,99
7,87,1,9,1,82.0,7.700000000000001,87
3,69,1,8,6,51.0,4.800000000000001,69
6,83,1,7,1,75.0,6.6000000000000005,83
9,48,0,7,6,44.0,14.4,48
7,84,1,7,6,72.0,11.200000000000001,84
3,88,0,6,0,66.0,3.0,88
6,56,0,5,9,41.0,11.399999999999999,56
4,75,1,8,9,59.0,7.6,75
3,53,1,5,2,31.0,3.5999999999999996,53
9,58,1,4,2,54.0,10.799999999999999,58
2,46,1,4,5,23.0,3.0,46
1,98,1,8,2,75.0,1.2,98
2,42,0,7,8,21.0,3.6,42
7,72,1,9,4,69.0,9.799999999999999,72
1,83,0,4,5,56.0,1.5,83
6,71,1,5,5,60.0,9.0,71
7,86,0,5,7,79.0,11.9,86
9,50,0,9,9,47.0,17.099999999999998,50
8,81,0,6,2,72.0,9.6,81
6,41,1,7,8,31.0,10.8,41
3,65,1,6,6,45.0,4.800000000000001,65
8,43,1,8,5,40.0,12.0,43
7,56,0,4,0,46.0,7.0,56
3,56,0,9,3,38.0,3.9000000000000004,56
9,67,1,9,4,64.0,12.6,67
2,69,1,9,1,46.0,2.2,69
3,79,0,6,0,58.0,3.0,79
2,62,0,6,1,37.0,2.2,62
1,85,1,8,7,62.0,1.7,85
4,63,1,5,9,49.0,7.6,63
5,68,1,5,5,53.0,7.5,68
6,43,0,8,9,30.0,11.399999999999999,43
5,77,0,9,1,59.0,5.5,77
1,68,1,5,8,40.0,1.8,68
3,58,1,8,7,37.0,5.1,58
1,66,1,5,3,41.0,1.3,66
5,68,1,8,9,56.0,9.5,68
5,95,1,5,6,81.0,8.0,95
6,75,0,9,2,66.0,7.199999999999999,75
8,74,1,6,5,71.0,12.0,74
1,91,0,6,2,64.0,1.2,91
4,45,0,9,9,31.0,7.6,45
1,98,0,5,2,72.0,1.2,98
9,62,0,9,8,57.0,16.2,62
7,78,0,8,5,67.0,10.5,78
7,85,0,6,7,76.0,11.9,85
5,83,0,4,3,68.0,6.5,83
7,87,0,5,3,78.0,9.1,87
2,91,1,4,7,68.0,3.4,91
4,47,1,4,6,25.0,6.4,47
7,94,1,7,4,86.0,9.799999999999999,94
3,41,1,4,1,15.0,3.3000000000000003,41
2,52,1,4,5,28.0,3.0,52
2,79,0,9,0,58.0,2.0,79
1,96,0,7,6,72.0,1.6,96
5,60,0,7,8,45.0,9.0,60
6,70,0,7,4,59.0,8.399999999999999,70
6,91,0,8,4,78.0,8.399999999999999,91
9,87,1,7,6,84.0,14.4,87
4,75,1,9,4,56.0,5.6,75
1,87,0,8,9,62.0,1.9,87
6,91,1,5,3,78.0,7.800000000000001,91
5,77,1,8,0,62.0,5.0,77
6,66,1,5,5,54.0,9.0,66
3,75,1,7,8,57.0,5.4,75
2,87,1,7,3,61.0,2.6,87
6,62,0,5,9,49.0,11.399999999999999,62
1,94,1,6,3,71.0,1.3,94
7,60,1,9,4,55.0,9.799999999999999,60
7,52,0,8,5,44.0,10.5,52
7,76,0,9,2,68.0,8.4,76
1,86,0,9,8,60.0,1.8,86
4,65,0,4,0,45.0,4.0,65
7,79,0,7,5,72.0,10.5,79
9,46,0,8,5,41.0,13.5,46
5,85,0,9,7,73.0,8.5,85
2,78,0,8,4,57.0,2.8,78
7,61,1,9,8,55.0,12.6,61
1,78,0,7,8,53.0,1.8,78
7,62,0,9,1,53.0,7.700000000000001,62
6,97,1,5,4,87.0,8.399999999999999,97
7,69,0,7,6,61.0,11.200000000000001,69
3,57,0,8,1,38.0,3.3000000000000003,57
3,81,0,6,6,60.0,4.800000000000001,81
7,57,0,9,8,49.0,12.6,57
2,85,1,5,7,64.0,3.4,85
1,49,1,7,9,23.0,1.9,49
9,78,0,4,8,72.0,16.2,78
9,69,1,7,3,71.0,11.700000000000001,69
7,65,1,8,7,59.0,11.9,65
7,46,1,8,8,38.0,12.6,46
3,46,1,4,9,24.0,5.699999999999999,46
2,44,1,5,1,18.0,2.2,44
7,40,1,8,9,33.0,13.299999999999999,40
9,85,0,5,2,81.0,10.799999999999999,85
1,57,0,5,0,30.0,1.0,57
4,52,1,7,0,32.0,4.0,52
6,64,1,5,9,50.0,11.399999999999999,64
7,79,1,9,5,73.0,10.5,79
7,47,0,8,0,38.0,7.0,47
2,49,0,8,4,28.0,2.8,49
4,71,0,6,5,57.0,6.0,71
5,56,0,5,8,41.0,9.0,56
1,77,0,6,5,52.0,1.5,77
1,54,0,7,3,26.0,1.3,54
3,54,1,6,0,28.0,3.0,54
3,96,0,5,5,74.0,4.5,96
8,87,0,8,6,81.0,12.8,87
9,79,0,7,4,81.0,12.6,79
1,90,1,5,5,61.0,1.5,90
2,59,0,7,9,38.0,3.8,59
2,54,1,4,7,29.0,3.4,54
4,74,1,5,0,57.0,4.0,74
2,45,0,4,7,21.0,3.4,45
7,69,0,6,1,57.0,7.700000000000001,69
9,96,0,5,1,94.0,9.9,96
7,47,1,4,7,39.0,11.9,47
6,70,0,9,1,59.0,6.6000000000000005,70
1,87,1,8,7,64.0,1.7,87
9,86,1,6,4,83.0,12.6,86
5,71,0,5,8,53.0,9.0,71
5,84,0,5,8,70.0,9.0,84
6,97,0,8,7,92.0,10.2,97
9,91,1,8,8,92.0,16.2,91
8,54,0,4,6,47.0,12.8,54
8,57,1,4,7,51.0,13.6,57
8,52,0,4,5,45.0,12.0,52
1,63,1,7,8,34.0,1.8,63
1,79,0,6,1,50.0,1.1,79
8,53,0,5,2,45.0,9.6,53
5,67,1,6,1,54.0,5.5,67
9,50,1,8,5,52.0,13.5,50
2,45,0,9,2,20.0,2.4,45
9,95,1,6,0,93.0,9.0,95
8,64,1,6,3,53.0,10.4,64
9,40,1,4,4,35.0,12.6,40
4,64,1,8,3,48.0,5.2,64
1,41,0,6,5,18.0,1.5,41
1,71,1,5,2,43.0,1.2,71
5,52,0,4,9,36.0,9.5,52
2,72,0,6,5,51.0,3.0,72
8,71,0,8,9,65.0,15.2,71
5,95,1,9,0,81.0,5.0,95
5,63,0,5,5,45.0,7.5,63
2,66,0,9,7,46.0,3.4,66
7,43,0,8,9,32.0,13.299999999999999,43
8,63,0,8,7,60.0,13.6,63
1,62,0,8,0,33.0,1.0,62
2,68,1,9,6,45.0,3.2,68
4,73,0,7,9,54.0,7.6,73
5,60,1,5,9,46.0,9.5,60
2,69,0,8,3,49.0,2.6,69
1,65,0,7,5,38.0,1.5,65
9,59,1,4,5,53.0,13.5,59
1,55,1,7,4,30.0,1.4,55
4,42,0,4,9,24.0,7.6,42
2,88,0,9,8,69.0,3.6,88
4,76,0,7,9,57.0,7.6,76
8,97,0,9,7,94.0,13.6,97
8,79,0,8,5,77.0,12.0,79
9,83,1,7,3,79.0,11.700000000000001,83
5,64,0,7,3,50.0,6.5,64
7,62,0,8,8,52.0,12.6,62
3,83,1,4,3,64.0,3.9000000000000004,83
4,98,1,8,6,86.0,6.4,98
9,40,0,5,5,33.0,13.5,40
1,72,1,7,1,47.0,1.1,72
2,54,1,5,4,31.0,2.8,54
5,56,1,8,2,42.0,6.0,56
3,73,0,9,8,54.0,5.4,73
2,56,0,8,9,33.0,3.8,56
1,91,0,6,0,61.0,1.0,91
3,97,1,5,9,78.0,5.699999999999999,97
1,80,0,6,3,55.0,1.3,80
1,83,0,5,3,59.0,1.3,83
1,43,1,9,8,20.0,1.8,43
8,52,0,6,0,43.0,8.0,52
3,43,1,6,1,19.0,3.3000000000000003,43
1,46,1,5,0,17.0,1.0,46
7,85,1,8,0,73.0,7.0,85
3,98,1,4,0,72.0,3.0,98
8,48,0,8,2,39.0,9.6,48
4,62,0,4,3,44.0,5.2,62
4,72,0,5,9,52.0,7.6,72
5,72,1,7,1,58.0,5.5,72
6,59,0,8,0,45.0,6.0,59
7,43,0,6,4,36.0,9.799999999999999,43
4,40,1,8,5,22.0,6.0,40
8,93,1,5,1,86.0,8.8,93
6,81,0,7,2,68.0,7.199999999999999,81
1,73,1,7,9,47.0,1.9,73
1,66,0,8,2,40.0,1.2,66
9,60,1,8,1,58.0,9.9,60
6,63,1,9,3,53.0,7.800000000000001,63
8,54,0,8,4,46.0,11.2,54
7,74,1,5,7,66.0,11.9,74
6,64,1,4,5,49.0,9.0,64
4,94,1,9,8,77.0,7.2,94
7,48,0,4,2,36.0,8.4,48
9,56,0,6,9,55.0,17.099999999999998,56
7,60,0,5,8,49.0,12.6,60
1,99,1,9,3,76.0,1.3,99
9,52,1,7,7,45.0,15.299999999999999,52
4,42,1,9,9,28.0,7.6,42
3,43,1,6,6,25.0,4.800000000000001,43
4,43,0,7,6,27.0,6.4,43
4,82,0,9,8,67.0,7.2,82
2,67,1,7,9,44.0,3.8,67
1,46,0,8,1,18.0,1.1,46
1,65,0,7,4,37.0,1.4,65
8,50,0,9,2,43.0,9.6,50
2,63,1,7,6,43.0,3.2,63
5,82,0,5,2,66.0,6.0,82
4,49,0,8,4,34.0,5.6,49
8,76,0,8,4,77.0,11.2,76
2,52,0,6,1,31.0,2.2,52
9,83,0,8,0,80.0,9.0,83
7,81,1,4,5,71.0,10.5,81
7,78,0,5,0,69.0,7.0,78
1,58,0,6,8,34.0,1.8,58
2,90,1,4,9,69.0,3.8,90
4,58,0,7,4,44.0,5.6,58
4,51,1,4,0,30.0,4.0,51
3,91,1,6,7,73.0,5.1,91
7,61,1,8,0,52.0,7.0,61
8,86,1,5,3,81.0,10.4,86
2,76,0,6,6,52.0,3.2,76
4,95,0,4,3,77.0,5.2,95
3,69,1,4,4,44.0,4.199999999999999,69
2,85,0,6,6,62.0,3.2,85
6,51,1,9,3,44.0,7.800000000000001,51
4,68,0,9,4,51.0,5.6,68
6,60,0,6,6,48.0,9.600000000000001,60
2,50,1,9,0,30.0,2.0,50
4,99,0,6,2,82.0,4.8,99
6,76,1,8,0,61.0,6.0,76
5,87,0,6,2,72.0,6.0,87
3,97,0,7,1,78.0,3.3000000000000003,97
8,57,0,5,4,53.0,11.2,57
7,83,1,5,9,78.0,13.299999999999999,83
3,98,1,7,4,79.0,4.199999999999999,98
6,66,1,4,9,56.0,11.399999999999999,66
4,76,0,4,8,58.0,7.2,76
5,87,1,4,7,72.0,8.5,87
5,51,1,4,2,37.0,6.0,51
7,62,1,8,0,56.0,7.0,62
5,73,0,7,4,59.0,7.0,73
3,77,0,5,2,54.0,3.5999999999999996,77
5,62,0,7,4,47.0,7.0,62
7,92,0,5,8,84.0,12.6,92
5,64,1,4,0,50.0,5.0,64
5,43,0,8,0,27.0,5.0,43
9,69,1,6,8,67.0,16.2,69
3,69,0,6,2,48.0,3.5999999999999996,69
6,52,1,9,9,42.0,11.399999999999999,52
1,81,1,4,4,55.0,1.4,81
5,88,0,4,8,73.0,9.0,88
8,53,1,7,4,46.0,11.2,53
5,95,1,8,2,81.0,6.0,95
9,86,1,8,8,82.0,16.2,86
6,47,1,7,6,35.0,9.600000000000001,47
8,94,0,8,6,92.0,12.8,94
8,63,0,8,7,59.0,13.6,63
3,57,1,6,4,35.0,4.199999999999999,57
7,74,0,8,1,65.0,7.700000000000001,74
7,64,1,4,8,53.0,12.6,64
6,56,1,6,2,45.0,7.199999999999999,56
7,71,0,4,1,61.0,7.700000000000001,71
2,95,1,4,9,74.0,3.8,95
9,63,0,7,9,60.0,17.099999999999998,63
1,46,1,9,4,23.0,1.4,46
1,52,0,8,7,25.0,1.7,52
3,66,0,8,2,45.0,3.5999999999999996,66
3,87,1,8,5,68.0,4.5,87
1,44,0,8,8,21.0,1.8,44
7,75,1,6,1,65.0,7.700000000000001,75
4,65,0,5,7,45.0,6.8,65
2,81,1,4,9,58.0,3.8,81
5,84,0,9,6,76.0,8.0,84
6,70,0,9,2,57.0,7.199999999999999,70
9,49,0,5,0,46.0,9.0,49
4,85,1,5,5,68.0,6.0,85
2,65,0,5,1,40.0,2.2,65
5,61,1,6,2,45.0,6.0,61
3,51,0,5,4,31.0,4.199999999999999,51
2,71,0,6,7,50.0,3.4,71
1,66,1,7,1,43.0,1.1,66
2,72,0,7,5,50.0,3.0,72
6,92,1,9,0,80.0,6.0,92
8,91,1,7,6,90.0,12.8,91
3,59,1,6,3,38.0,3.9000000000000004,59
9,78,1,6,0,73.0,9.0,78
9,80,1,4,8,78.0,16.2,80
2,79,0,5,8,54.0,3.6,79
8,98,1,8,2,92.0,9.6,98
5,52,0,8,5,39.0,7.5,52
4,53,1,5,6,41.0,6.4,53
5,83,1,8,3,71.0,6.5,83
4,79,0,8,5,65.0,6.0,79
8,92,0,8,8,87.0,14.4,92
4,61,1,9,9,47.0,7.6,61
6,57,1,6,5,42.0,9.0,57
2,87,0,6,6,62.0,3.2,87
5,68,0,6,5,54.0,7.5,68
6,82,1,5,6,71.0,9.600000000000001,82
5,55,1,7,0,42.0,5.0,55
2,85,1,9,5,64.0,3.0,85
7,74,0,9,8,70.0,12.6,74
4,92,1,8,2,77.0,4.8,92
8,73,0,4,5,62.0,12.0,73
7,42,0,6,3,28.0,9.1,42
7,43,1,9,6,36.0,11.200000000000001,43
9,93,1,9,6,92.0,14.4,93
1,44,0,4,8,18.0,1.8,44
6,49,1,8,3,37.0,7.800000000000001,49
6,91,1,9,7,81.0,10.2,91
6,68,0,9,7,57.0,10.2,68
6,71,1,7,7,61.0,10.2,71
7,70,0,4,7,62.0,11.9,70
6,41,0,8,5,27.0,9.0,41
1,51,1,8,7,26.0,1.7,51
3,66,0,6,5,48.0,4.5,66
2,44,0,7,9,18.0,3.8,44
6,76,1,8,1,66.0,6.6000000000000005,76
8,66,0,7,2,59.0,9.6,66
3,62,1,6,5,41.0,4.5,62
8,72,0,4,6,64.0,12.8,72
8,43,0,9,3,40.0,10.4,43
5,98,0,9,0,84.0,5.0,98
8,60,0,5,3,51.0,10.4,60
6,63,0,5,5,49.0,9.0,63
5,83,0,5,7,67.0,8.5,83
9,70,0,9,3,70.0,11.700000000000001,70
7,83,1,7,9,75.0,13.299999999999999,83
8,87,0,5,0,80.0,8.0,87
1,63,1,4,4,35.0,1.4,63
2,88,0,8,6,65.0,3.2,88
8,92,0,7,5,86.0,12.0,92
9,49,1,9,2,45.0,10.799999999999999,49
4,88,1,4,6,69.0,6.4,88
9,88,1,9,3,86.0,11.700000000000001,88
4,89,0,7,4,75.0,5.6,89
9,41,1,7,6,39.0,14.4,41
7,70,0,7,1,59.0,7.700000000000001,70
2,64,0,6,3,42.0,2.6,64
9,43,1,8,3,42.0,11.700000000000001,43
4,90,0,5,5,70.0,6.0,90
8,50,1,6,6,48.0,12.8,50
7,56,1,8,3,49.0,9.1,56
7,83,1,9,9,78.0,13.299999999999999,83
8,41,1,5,0,34.0,8.0,41
1,45,0,6,0,18.0,1.0,45
5,48,0,6,4,33.0,7.0,48
2,44,1,4,0,20.0,2.0,44
2,59,1,6,2,35.0,2.4,59
1,68,0,7,8,46.0,1.8,68
5,60,0,9,2,42.0,6.0,60
2,48,1,6,2,23.0,2.4,48
4,67,0,7,8,51.0,7.2,67
3,94,0,8,4,75.0,4.199999999999999,94
3,47,0,8,7,27.0,5.1,47
2,70,0,7,9,48.0,3.8,70
6,59,1,4,8,45.0,10.8,59
2,66,0,4,5,40.0,3.0,66
8,47,1,8,6,42.0,12.8,47
8,93,1,9,6,90.0,12.8,93
5,60,1,6,6,45.0,8.0,60
7,67,0,8,3,55.0,9.1,67
4,62,0,8,1,45.0,4.4,62
1,45,1,7,1,20.0,1.1,45
2,42,0,4,6,15.0,3.2,42
4,44,1,9,9,28.0,7.6,44
1,48,1,7,6,25.0,1.6,48
8,46,0,8,9,39.0,15.2,46
9,99,0,5,6,96.0,14.4,99
4,43,0,6,7,24.0,6.8,43
3,78,1,8,2,63.0,3.5999999999999996,78
2,44,1,7,4,19.0,2.8,44
5,50,0,5,5,31.0,7.5,50
3,54,1,5,7,35.0,5.1,54
7,73,1,8,7,65.0,11.9,73
6,52,1,9,9,41.0,11.399999999999999,52
1,93,0,4,2,65.0,1.2,93
8,87,0,5,3,83.0,10.4,87
2,46,0,6,5,22.0,3.0,46
5,79,1,7,3,68.0,6.5,79
9,45,0,7,9,40.0,17.099999999999998,45
8,95,1,7,3,92.0,10.4,95
2,78,1,8,4,54.0,2.8,78
9,89,1,7,9,90.0,17.099999999999998,89
5,69,0,7,6,57.0,8.0,69
6,61,1,6,1,47.0,6.6000000000000005,61
3,64,0,4,1,43.0,3.3000000000000003,64
3,67,1,9,9,50.0,5.699999999999999,67
8,93,0,8,8,91.0,14.4,93
2,59,0,8,3,34.0,2.6,59
2,78,0,7,4,54.0,2.8,78
5,42,0,6,2,26.0,6.0,42
6,44,0,5,1,34.0,6.6000000000000005,44
2,40,0,7,9,18.0,3.8,40
5,54,0,7,7,38.0,8.5,54
7,65,0,8,3,57.0,9.1,65
8,42,1,8,0,34.0,8.0,42
7,79,1,7,5,68.0,10.5,79
8,96,1,8,5,92.0,12.0,96
9,80,1,6,1,77.0,9.9,80
5,86,1,5,1,71.0,5.5,86
5,81,0,5,7,67.0,8.5,81
4,73,0,5,6,59.0,6.4,73
9,91,0,7,1,91.0,9.9,91
5,44,0,9,9,29.0,9.5,44
2,70,0,7,0,48.0,2.0,70
8,90,1,7,7,90.0,13.6,90
7,52,1,6,9,48.0,13.299999999999999,52
8,82,0,5,1,77.0,8.8,82
3,40,1,8,4,20.0,4.199999999999999,40
4,61,1,8,5,42.0,6.0,61
5,54,0,4,9,37.0,9.5,54
6,65,0,4,0,52.0,6.0,65
1,57,1,9,1,33.0,1.1,57
4,87,1,8,9,72.0,7.6,87
5,48,0,5,3,34.0,6.5,48
7,40,1,7,1,33.0,7.700000000000001,40
5,82,0,8,5,71.0,7.5,82
1,48,1,9,3,25.0,1.3,48
7,62,1,9,2,55.0,8.4,62
8,82,0,8,5,76.0,12.0,82
7,84,1,4,8,76.0,12.6,84
4,97,0,5,7,81.0,6.8,97
8,41,1,8,1,35.0,8.8,41
5,53,1,7,2,35.0,6.0,53
9,77,0,7,1,74.0,9.9,77
5,79,1,6,9,66.0,9.5,79
1,57,0,7,6,31.0,1.6,57
9,55,0,8,8,54.0,16.2,55
5,92,1,8,0,79.0,5.0,92
6,68,0,7,2,58.0,7.199999999999999,68
4,83,0,4,5,66.0,6.0,83
6,50,0,5,3,36.0,7.800000000000001,50
8,45,1,9,9,44.0,15.2,45
3,42,0,8,9,26.0,5.699999999999999,42
5,53,0,7,0,37.0,5.0,53
2,99,1,9,8,82.0,3.6,99
2,41,0,7,6,18.0,3.2,41
7,71,0,8,6,66.0,11.200000000000001,71
6,70,0,6,0,60.0,6.0,70
4,50,1,5,8,32.0,7.2,50
5,61,1,8,7,51.0,8.5,61
1,42,1,9,9,18.0,1.9,42
7,89,1,7,4,82.0,9.799999999999999,89
8,70,1,6,3,66.0,10.4,70
9,72,1,8,0,69.0,9.0,72
8,63,0,5,8,59.0,14.4,63
5,40,1,6,7,26.0,8.5,40
3,83,1,9,1,63.0,3.3000000000000003,83
9,54,1,7,3,52.0,11.700000000000001,54
6,76,1,4,3,66.0,7.800000000000001,76
5,66,0,5,6,51.0,8.0,66
3,77,0,6,2,54.0,3.5999999999999996,77
6,87,1,8,7,77.0,10.2,87
3,66,0,8,6,45.0,4.800000000000001,66
6,83,1,6,9,77.0,11.399999999999999,83
4,51,0,8,3,32.0,5.2,51
2,42,1,6,8,15.0,3.6,42
8,69,1,5,5,62.0,12.0,69
4,71,1,8,2,55.0,4.8,71
9,62,1,5,6,59.0,14.4,62
7,41,0,7,5,32.0,10.5,41
2,46,1,7,7,21.0,3.4,46
4,73,0,7,4,56.0,5.6,73
5,71,0,7,5,55.0,7.5,71
3,92,0,8,0,74.0,3.0,92
9,78,1,6,7,74.0,15.299999999999999,78
5,71,0,8,0,56.0,5.0,71
2,82,0,9,2,58.0,2.4,82
3,82,0,8,1,64.0,3.3000000000000003,82
9,53,1,5,5,49.0,13.5,53
7,42,0,6,7,31.0,11.9,42
2,85,1,4,7,64.0,3.4,85
9,71,0,4,6,63.0,14.4,71
4,82,0,6,6,66.0,6.4,82
9,75,1,4,7,73.0,15.299999999999999,75
2,56,1,6,4,38.0,2.8,56
4,87,0,5,2,70.0,4.8,87
5,42,1,5,1,27.0,5.5,42
2,96,0,8,2,72.0,2.4,96
1,49,0,4,2,21.0,1.2,49
7,92,1,6,6,85.0,11.200000000000001,92
1,86,1,5,0,62.0,1.0,86
8,79,1,8,6,73.0,12.8,79
3,57,0,4,5,32.0,4.5,57
6,42,0,4,9,30.0,11.399999999999999,42
7,78,0,4,1,64.0,7.700000000000001,78
1,49,1,5,9,25.0,1.9,49
6,91,1,5,0,82.0,6.0,91
7,48,1,4,8,41.0,12.6,48
6,85,0,5,1,71.0,6.6000000000000005,85
4,94,1,4,3,79.0,5.2,94
1,85,1,7,8,59.0,1.8,85
9,50,0,5,8,45.0,16.2,50
4,99,1,6,0,84.0,4.0,99
7,72,1,5,1,62.0,7.700000000000001,72
7,75,0,4,1,65.0,7.700000000000001,75
2,65,0,6,1,43.0,2.2,65
1,66,0,8,7,39.0,1.7,66
8,77,0,6,7,70.0,13.6,77
8,61,0,6,9,54.0,15.2,61
7,65,0,5,7,55.0,11.9,65
8,61,1,9,3,55.0,10.4,61
3,44,1,6,7,25.0,5.1,44
2,74,0,6,6,52.0,3.2,74
7,41,0,4,7,31.0,11.9,41
8,74,1,5,0,68.0,8.0,74
1,48,0,4,2,19.0,1.2,48
9,90,0,5,9,87.0,17.099999999999998,90
4,90,1,8,5,71.0,6.0,90
4,88,1,9,0,74.0,4.0,88
3,57,0,6,3,35.0,3.9000000000000004,57
6,82,0,5,8,69.0,10.8,82
1,51,1,6,6,24.0,1.6,51
6,42,0,6,0,29.0,6.0,42
2,57,1,7,5,34.0,3.0,57
9,95,1,4,5,93.0,13.5,95
2,77,0,9,1,52.0,2.2,77
7,46,1,5,5,37.0,10.5,46
1,72,1,8,9,49.0,1.9,72
7,45,1,9,1,38.0,7.700000000000001,45
5,57,0,7,7,44.0,8.5,57
8,84,0,4,6,75.0,12.8,84
4,61,0,8,5,44.0,6.0,61
7,90,1,8,9,84.0,13.299999999999999,90
6,78,1,6,5,65.0,9.0,78
5,90,0,4,8,75.0,9.0,90
4,48,1,7,8,29.0,7.2,48
7,74,1,5,9,67.0,13.299999999999999,74
5,62,0,5,9,50.0,9.5,62
5,51,1,7,1,38.0,5.5,51
1,91,1,6,2,66.0,1.2,91
2,63,1,6,9,42.0,3.8,63
5,89,1,8,6,76.0,8.0,89
3,79,1,4,9,64.0,5.699999999999999,79
2,48,1,8,8,26.0,3.6,48
4,52,0,5,5,31.0,6.0,52
4,79,0,7,0,63.0,4.0,79
4,93,1,4,6,77.0,6.4,93
4,81,0,7,0,61.0,4.0,81
3,56,0,4,4,33.0,4.199999999999999,56
7,46,0,9,8,39.0,12.6,46
9,56,1,5,9,52.0,17.099999999999998,56
5,94,0,5,9,82.0,9.5,94
4,89,1,9,8,73.0,7.2,89
2,63,0,4,0,37.0,2.0,63
2,41,0,6,5,16.0,3.0,41
5,74,1,4,2,59.0,6.0,74
7,67,0,5,8,59.0,12.6,67
9,58,1,7,2,56.0,10.799999999999999,58
7,72,0,8,1,59.0,7.700000000000001,72
5,60,0,7,7,46.0,8.5,60
6,92,0,5,2,80.0,7.199999999999999,92
3,49,0,7,4,30.0,4.199999999999999,49
5,92,1,6,5,78.0,7.5,92
8,85,1,6,9,81.0,15.2,85
1,84,0,4,9,57.0,1.9,84
1,48,1,7,0,24.0,1.0,48
7,77,0,7,6,66.0,11.200000000000001,77
5,45,1,5,6,31.0,8.0,45
5,90,1,4,4,73.0,7.0,90
1,92,1,4,8,66.0,1.8,92
9,81,0,7,1,78.0,9.9,81
1,94,1,8,4,66.0,1.4,94
5,74,1,7,1,57.0,5.5,74
9,57,0,7,1,50.0,9.9,57
4,92,0,7,8,77.0,7.2,92
8,58,0,6,6,54.0,12.8,58
6,44,1,9,3,30.0,7.800000000000001,44
3,64,1,4,7,43.0,5.1,64
4,50,1,9,3,34.0,5.2,50
2,49,1,6,0,26.0,2.0,49
1,56,1,8,9,36.0,1.9,56
8,75,1,5,2,69.0,9.6,75
1,65,0,8,9,39.0,1.9,65
1,70,1,4,0,44.0,1.0,70
4,71,1,5,1,56.0,4.4,71
6,60,1,9,1,47.0,6.6000000000000005,60
9,57,0,8,6,56.0,14.4,57
1,99,1,4,3,73.0,1.3,99
7,57,0,8,9,48.0,13.299999999999999,57
5,40,1,5,8,24.0,9.0,40
8,53,0,5,1,49.0,8.8,53
7,47,0,8,8,41.0,12.6,47
4,41,0,6,5,24.0,6.0,41
4,90,1,8,9,72.0,7.6,90
6,54,0,9,7,45.0,10.2,54
6,99,1,8,6,92.0,9.600000000000001,99
9,73,0,8,7,68.0,15.299999999999999,73
5,75,1,6,8,62.0,9.0,75
8,40,0,7,7,36.0,13.6,40
5,90,0,5,5,77.0,7.5,90
2,60,1,9,7,40.0,3.4,60
6,81,0,4,7,69.0,10.2,81
9,40,1,5,1,38.0,9.9,40
3,71,0,5,1,50.0,3.3000000000000003,71
1,59,0,7,0,33.0,1.0,59
1,93,1,5,9,69.0,1.9,93
3,86,1,5,1,63.0,3.3000000000000003,86
5,75,1,6,6,59.0,8.0,75
3,78,0,6,2,54.0,3.5999999999999996,78
9,69,1,6,3,65.0,11.700000000000001,69
8,46,1,6,3,41.0,10.4,46
3,61,0,6,3,41.0,3.9000000000000004,61
9,96,1,9,1,94.0,9.9,96
6,89,1,4,5,80.0,9.0,89
7,84,0,7,0,74.0,7.0,84
4,49,0,8,4,33.0,5.6,49
4,95,0,9,1,78.0,4.4,95
2,47,0,6,8,21.0,3.6,47
5,66,0,7,1,49.0,5.5,66
8,49,1,8,5,43.0,12.0,49
7,53,0,5,3,40.0,9.1,53
7,85,0,9,5,77.0,10.5,85
6,98,0,5,1,84.0,6.6000000000000005,98
3,91,1,7,1,74.0,3.3000000000000003,91
5,93,1,4,6,78.0,8.0,93
1,50,1,4,2,21.0,1.2,50
7,45,1,7,2,34.0,8.4,45
9,60,0,4,6,54.0,14.4,60
1,72,0,4,7,47.0,1.7,72
2,58,0,5,6,36.0,3.2,58
3,78,1,4,2,53.0,3.5999999999999996,78
3,63,0,4,2,45.0,3.5999999999999996,63
8,57,1,7,6,52.0,12.8,57
7,74,1,4,2,66.0,8.4,74
6,91,1,9,1,79.0,6.6000000000000005,91
4,82,0,6,6,63.0,6.4,82
9,76,0,6,2,72.0,10.799999999999999,76
1,58,0,7,4,33.0,1.4,58
2,92,0,6,6,70.0,3.2,92
4,63,1,5,1,47.0,4.4,63
3,95,0,9,7,73.0,5.1,95
1,73,1,9,1,50.0,1.1,73
5,61,1,7,3,48.0,6.5,61
7,43,1,4,3,33.0,9.1,43
2,96,1,6,7,72.0,3.4,96
5,49,1,5,0,31.0,5.0,49
6,41,1,7,8,32.0,10.8,41
7,47,1,7,5,34.0,10.5,47
1,72,0,4,3,41.0,1.3,72
7,98,0,8,5,91.0,10.5,98
4,77,1,6,5,61.0,6.0,77
8,82,0,5,8,75.0,14.4,82
4,98,0,7,3,80.0,5.2,98
6,67,0,6,7,57.0,10.2,67
9,49,0,5,0,46.0,9.0,49
5,84,1,9,5,71.0,7.5,84
4,40,0,9,4,21.0,5.6,40
8,73,1,5,2,69.0,9.6,73
9,42,1,9,3,37.0,11.700000000000001,42
4,48,0,7,7,32.0,6.8,48
3,44,0,6,9,26.0,5.699999999999999,44
8,81,1,5,1,74.0,8.8,81
5,49,1,7,7,34.0,8.5,49
2,51,0,6,6,24.0,3.2,51
9,57,0,6,0,53.0,9.0,57
3,97,1,7,1,74.0,3.3000000000000003,97
2,60,0,6,6,37.0,3.2,60
1,60,1,8,2,31.0,1.2,60
8,40,1,5,1,29.0,8.8,40
3,42,1,5,0,21.0,3.0,42
7,44,1,6,6,37.0,11.200000000000001,44
1,64,0,7,2,37.0,1.2,64
1,97,1,4,5,73.0,1.5,97
9,88,1,9,9,87.0,17.099999999999998,88
8,47,0,6,7,45.0,13.6,47
3,56,0,4,5,32.0,4.5,56
6,48,1,6,6,35.0,9.600000000000001,48
3,71,0,4,5,52.0,4.5,71
4,45,0,6,6,27.0,6.4,45
1,88,1,7,4,65.0,1.4,88
5,79,0,9,8,64.0,9.0,79
1,60,0,4,2,30.0,1.2,60
1,46,0,8,5,22.0,1.5,46
7,46,0,7,8,35.0,12.6,46
6,86,0,9,0,72.0,6.0,86
2,78,1,6,4,55.0,2.8,78
2,93,0,4,3,71.0,2.6,93
7,66,1,9,8,60.0,12.6,66
1,47,1,5,0,19.0,1.0,47
2,48,0,7,3,25.0,2.6,48
8,67,0,4,0,55.0,8.0,67
6,54,0,7,2,41.0,7.199999999999999,54
2,41,0,4,3,17.0,2.6,41
7,46,0,5,0,36.0,7.0,46
4,86,0,8,4,71.0,5.6,86
2,57,0,5,5,35.0,3.0,57
6,61,0,6,0,48.0,6.0,61
9,89,0,7,9,82.0,17.099999999999998,89
9,49,0,8,9,48.0,17.099999999999998,49
8,93,0,7,3,86.0,10.4,93
3,89,0,9,3,69.0,3.9000000000000004,89
3,72,1,4,0,50.0,3.0,72
2,46,0,6,1,22.0,2.2,46
5,42,1,6,9,25.0,9.5,42
4,53,1,7,4,33.0,5.6,53
7,83,0,6,1,71.0,7.700000000000001,83
4,85,1,7,2,70.0,4.8,85
9,75,0,4,8,71.0,16.2,75
2,52,0,4,4,28.0,2.8,52
6,55,1,7,0,44.0,6.0,55
7,55,0,5,4,46.0,9.799999999999999,55
4,93,1,5,2,76.0,4.8,93
6,44,1,4,0,29.0,6.0,44
7,91,0,8,2,84.0,8.4,91
4,64,1,5,5,47.0,6.0,64
8,77,1,7,9,70.0,15.2,77
9,77,0,4,4,73.0,12.6,77
1,89,1,6,0,63.0,1.0,89
7,77,0,6,1,68.0,7.700000000000001,77
9,78,0,5,4,74.0,12.6,78
5,95,0,8,8,82.0,9.0,95
2,95,0,9,4,77.0,2.8,95
6,87,1,5,4,77.0,8.399999999999999,87
7,80,0,8,0,71.0,7.0,80
2,65,1,5,4,39.0,2.8,65
2,98,1,6,7,77.0,3.4,98
1,52,0,8,8,25.0,1.8,52
4,83,0,6,9,63.0,7.6,83
7,90,0,7,2,80.0,8.4,90
9,65,1,7,3,62.0,11.700000000000001,65
3,94,0,4,6,75.0,4.800000000000001,94
7,94,1,6,6,88.0,11.200000000000001,94
7,40,0,6,0,31.0,7.0,40
7,47,0,4,5,36.0,10.5,47
2,43,1,7,8,21.0,3.6,43
6,60,1,7,4,50.0,8.399999999999999,60
2,61,0,8,7,40.0,3.4,61
6,90,0,8,9,81.0,11.399999999999999,90
3,92,0,9,8,75.0,5.4,92
2,97,1,7,9,76.0,3.8,97
6,76,0,9,9,66.0,11.399999999999999,76
2,88,0,5,2,59.0,2.4,88
5,42,1,6,0,26.0,5.0,42
2,58,0,8,1,33.0,2.2,58
3,40,1,5,4,19.0,4.199999999999999,40
3,68,1,8,9,49.0,5.699999999999999,68
6,62,0,4,6,50.0,9.600000000000001,62
6,72,0,6,5,56.0,9.0,72
3,94,1,9,3,74.0,3.9000000000000004,94
3,91,1,9,8,72.0,5.4,91
1,80,0,8,3,53.0,1.3,80
7,62,1,7,2,60.0,8.4,62
8,44,1,9,4,35.0,11.2,44
2,46,0,4,3,22.0,2.6,46
4,96,1,4,1,80.0,4.4,96
7,97,1,7,2,88.0,8.4,97
8,45,1,4,6,39.0,12.8,45
1,88,1,6,1,63.0,1.1,88
4,61,1,8,0,44.0,4.0,61
6,88,1,4,1,72.0,6.6000000000000005,88
3,52,0,6,7,33.0,5.1,52
5,51,0,7,7,39.0,8.5,51
9,43,0,8,9,45.0,17.099999999999998,43
3,47,0,7,1,23.0,3.3000000000000003,47
5,76,1,8,5,63.0,7.5,76
8,70,0,4,6,63.0,12.8,70
6,76,1,4,0,63.0,6.0,76
4,84,0,8,6,64.0,6.4,84
8,65,1,6,7,62.0,13.6,65
3,82,0,6,8,64.0,5.4,82
3,47,1,6,7,28.0,5.1,47
4,79,0,5,2,60.0,4.8,79
9,72,0,9,7,70.0,15.299999999999999,72
5,84,0,9,2,70.0,6.0,84
8,68,0,9,5,60.0,12.0,68
6,44,0,6,3,33.0,7.800000000000001,44
3,67,1,4,6,46.0,4.800000000000001,67
8,92,0,5,7,88.0,13.6,92
9,79,1,6,9,78.0,17.099999999999998,79
8,56,0,4,5,47.0,12.0,56
4,94,0,5,9,75.0,7.6,94
6,62,0,4,3,51.0,7.800000000000001,62
1,84,1,8,7,61.0,1.7,84
4,48,0,4,6,29.0,6.4,48
8,41,0,5,9,36.0,15.2,41
1,71,1,6,7,44.0,1.7,71
3,90,1,9,9,75.0,5.699999999999999,90
1,91,1,5,6,63.0,1.6,91
9,88,1,6,2,85.0,10.799999999999999,88
2,70,0,6,2,46.0,2.4,70
9,46,1,7,8,44.0,16.2,46
4,69,1,8,6,55.0,6.4,69
2,97,0,7,0,76.0,2.0,97
4,42,1,9,2,25.0,4.8,42
6,90,1,5,0,74.0,6.0,90
7,90,1,7,5,79.0,10.5,90
3,95,0,9,1,75.0,3.3000000000000003,95
3,48,1,6,6,28.0,4.800000000000001,48
8,49,1,5,7,44.0,13.6,49
5,85,1,7,5,72.0,7.5,85
4,89,0,4,4,72.0,5.6,89
7,97,0,9,9,94.0,13.299999999999999,97
7,86,1,9,3,79.0,9.1,86
9,65,0,8,8,64.0,16.2,65
9,40,1,4,7,35.0,15.299999999999999,40
5,69,0,5,4,54.0,7.0,69
8,96,0,7,0,90.0,8.0,96
1,77,1,6,7,52.0,1.7,77
9,54,1,7,7,50.0,15.299999999999999,54
8,64,1,5,6,58.0,12.8,64
6,45,0,5,6,33.0,9.600000000000001,45
3,57,1,5,7,38.0,5.1,57
3,40,0,5,0,17.0,3.0,40
8,95,0,9,2,90.0,9.6,95
5,42,1,7,3,32.0,6.5,42
7,56,0,4,5,46.0,10.5,56
5,87,0,6,9,76.0,9.5,87
8,47,1,6,9,45.0,15.2,47
4,99,0,8,8,81.0,7.2,99
2,88,0,9,3,66.0,2.6,88
3,79,1,5,5,59.0,4.5,79
8,56,1,5,8,54.0,14.4,56
7,64,1,5,8,59.0,12.6,64
2,80,0,9,5,55.0,3.0,80
6,51,0,4,4,36.0,8.399999999999999,51
9,68,0,5,2,66.0,10.799999999999999,68
4,64,1,8,4,47.0,5.6,64
9,90,0,8,2,89.0,10.799999999999999,90
2,75,0,4,4,50.0,2.8,75
2,92,0,9,9,69.0,3.8,92
9,93,1,5,9,94.0,17.099999999999998,93
7,64,1,7,0,54.0,7.0,64
7,68,1,7,5,60.0,10.5,68
1,50,0,6,6,22.0,1.6,50
6,99,0,4,1,84.0,6.6000000000000005,99
7,43,1,7,2,34.0,8.4,43
6,53,1,6,9,40.0,11.399999999999999,53
6,85,0,8,8,78.0,10.8,85
2,77,1,6,7,56.0,3.4,77
6,56,0,5,3,45.0,7.800000000000001,56
4,41,1,5,7,23.0,6.8,41
9,47,1,8,7,45.0,15.299999999999999,47
1,75,1,4,5,50.0,1.5,75
8,49,0,9,0,37.0,8.0,49
5,46,1,5,1,29.0,5.5,46
1,75,0,5,3,44.0,1.3,75
4,55,1,6,3,38.0,5.2,55
1,53,1,6,1,24.0,1.1,53
6,55,0,6,8,43.0,10.8,55
2,64,0,7,1,39.0,2.2,64
5,80,1,8,5,70.0,7.5,80
7,43,0,4,4,37.0,9.799999999999999,43
2,68,1,6,3,47.0,2.6,68
6,95,0,4,5,85.0,9.0,95
6,45,0,6,3,32.0,7.800000000000001,45
5,40,1,5,8,24.0,9.0,40
5,78,1,4,9,60.0,9.5,78
3,40,0,7,6,20.0,4.800000000000001,40
2,90,0,6,2,66.0,2.4,90
7,79,1,9,9,74.0,13.299999999999999,79
1,96,0,8,3,70.0,1.3,96
6,42,0,5,0,25.0,6.0,42
6,40,0,6,5,25.0,9.0,40
3,40,0,4,1,20.0,3.3000000000000003,40
2,78,1,6,3,59.0,2.6,78
2,60,1,5,4,33.0,2.8,60
9,84,0,8,7,81.0,15.299999999999999,84
5,69,0,8,2,51.0,6.0,69
7,71,1,8,5,64.0,10.5,71
5,72,0,9,0,58.0,5.0,72
7,87,0,5,8,78.0,12.6,87
4,61,0,9,0,43.0,4.0,61
8,69,0,9,1,64.0,8.8,69
7,93,0,6,0,85.0,7.0,93
5,85,1,5,7,73.0,8.5,85
6,43,0,5,3,32.0,7.800000000000001,43
5,62,0,6,1,46.0,5.5,62
7,94,0,7,6,85.0,11.200000000000001,94
2,83,1,9,7,64.0,3.4,83
5,64,0,8,8,50.0,9.0,64
3,51,0,4,4,29.0,4.199999999999999,51
9,56,1,9,2,53.0,10.799999999999999,56
6,92,1,4,0,83.0,6.0,92
3,54,1,6,7,36.0,5.1,54
7,49,1,4,5,37.0,10.5,49
4,74,0,7,4,57.0,5.6,74
3,94,0,5,6,75.0,4.800000000000001,94
8,91,0,8,4,84.0,11.2,91
4,91,1,4,3,74.0,5.2,91
1,68,0,4,4,40.0,1.4,68
6,51,1,6,6,37.0,9.600000000000001,51
1,40,1,6,5,11.0,1.5,40
5,40,0,5,9,28.0,9.5,40
7,49,1,8,9,40.0,13.299999999999999,49
6,57,1,4,8,47.0,10.8,57
2,86,0,5,9,65.0,3.8,86
4,41,0,8,1,22.0,4.4,41
2,88,1,5,6,66.0,3.2,88
1,47,0,4,0,19.0,1.0,47
3,61,0,6,7,43.0,5.1,61
3,61,1,6,3,41.0,3.9000000000000004,61
7,65,1,6,7,56.0,11.9,65
1,65,0,7,7,42.0,1.7,65
9,48,0,5,3,45.0,11.700000000000001,48
6,60,1,4,3,46.0,7.800000000000001,60
4,70,0,5,4,51.0,5.6,70
3,91,1,6,6,74.0,4.800000000000001,91
3,82,1,9,5,67.0,4.5,82
2,45,0,9,0,21.0,2.0,45
2,95,0,5,5,73.0,3.0,95
5,53,0,8,2,39.0,6.0,53
9,72,0,9,8,69.0,16.2,72
2,46,0,9,2,24.0,2.4,46
2,63,1,5,8,36.0,3.6,63
6,48,0,7,4,38.0,8.399999999999999,48
2,50,1,7,9,29.0,3.8,50
4,95,0,6,7,72.0,6.8,95
6,62,1,4,8,48.0,10.8,62
5,87,0,8,8,71.0,9.0,87
1,90,0,4,6,61.0,1.6,90
6,41,1,4,9,29.0,11.399999999999999,41
1,54,0,8,0,31.0,1.0,54
3,74,0,7,7,56.0,5.1,74
5,75,1,9,6,62.0,8.0,75
5,91,1,6,3,78.0,6.5,91
6,93,1,5,5,83.0,9.0,93
8,67,0,7,9,65.0,15.2,67
5,78,1,6,1,65.0,5.5,78
1,83,1,9,3,59.0,1.3,83
5,43,0,7,7,26.0,8.5,43
3,49,0,8,3,32.0,3.9000000000000004,49
4,45,0,4,9,27.0,7.6,45
8,96,0,8,3,89.0,10.4,96
7,69,0,9,3,57.0,9.1,69
5,93,0,5,9,77.0,9.5,93
2,85,1,8,8,65.0,3.6,85
6,74,1,9,1,63.0,6.6000000000000005,74
6,88,0,4,6,78.0,9.600000000000001,88
6,82,1,7,2,74.0,7.199999999999999,82
9,49,1,6,3,41.0,11.700000000000001,49
8,97,1,9,0,90.0,8.0,97
8,92,1,9,2,88.0,9.6,92
1,71,0,5,1,47.0,1.1,71
5,81,0,7,9,66.0,9.5,81
7,81,1,9,6,75.0,11.200000000000001,81
6,42,0,9,5,29.0,9.0,42
5,95,1,6,0,80.0,5.0,95
8,65,1,4,7,59.0,13.6,65
3,54,0,8,8,34.0,5.4,54
6,56,1,7,0,47.0,6.0,56
5,66,0,6,4,53.0,7.0,66
8,57,0,6,6,50.0,12.8,57
4,90,0,8,1,72.0,4.4,90
8,58,0,7,5,54.0,12.0,58
2,51,0,7,7,28.0,3.4,51
9,63,0,4,7,59.0,15.299999999999999,63
9,44,0,7,9,40.0,17.099999999999998,44
6,63,0,9,9,55.0,11.399999999999999,63
4,66,0,8,7,49.0,6.8,66
4,87,1,7,5,70.0,6.0,87
6,69,0,4,5,57.0,9.0,69
5,54,1,6,2,39.0,6.0,54
6,86,0,9,1,75.0,6.6000000000000005,86
7,98,1,7,4,87.0,9.799999999999999,98
7,77,0,8,8,70.0,12.6,77
9,83,0,7,3,76.0,11.700000000000001,83
8,73,0,5,4,68.0,11.2,73
6,66,1,4,5,53.0,9.0,66
6,59,1,6,5,48.0,9.0,59
5,80,0,5,3,63.0,6.5,80
1,71,1,8,3,47.0,1.3,71
9,43,0,7,7,38.0,15.299999999999999,43
9,44,1,4,4,43.0,12.6,44
9,92,1,9,4,90.0,12.6,92
8,97,1,7,8,95.0,14.4,97
3,47,0,7,3,24.0,3.9000000000000004,47
1,61,1,7,6,35.0,1.6,61
8,81,1,9,4,75.0,11.2,81
7,46,0,7,8,37.0,12.6,46
5,61,0,4,7,46.0,8.5,61
7,85,1,9,7,80.0,11.9,85
4,69,1,9,9,55.0,7.6,69
9,76,0,5,9,71.0,17.099999999999998,76
2,55,0,8,2,32.0,2.4,55
9,54,0,9,8,51.0,16.2,54
9,44,0,5,7,43.0,15.299999999999999,44
5,42,0,4,2,23.0,6.0,42
1,62,1,8,9,37.0,1.9,62
7,49,0,9,0,40.0,7.0,49
4,44,0,6,4,24.0,5.6,44
9,62,1,5,3,60.0,11.700000000000001,62
6,54,0,4,7,44.0,10.2,54
3,57,0,4,5,34.0,4.5,57
6,64,0,4,9,51.0,11.399999999999999,64
6,47,1,8,4,39.0,8.399999999999999,47
5,70,0,7,8,57.0,9.0,70
2,60,0,6,5,36.0,3.0,60
2,41,0,8,2,16.0,2.4,41
7,61,0,8,5,52.0,10.5,61
2,47,1,9,3,25.0,2.6,47
6,62,1,5,4,51.0,8.399999999999999,62
5,71,0,6,5,56.0,7.5,71
4,47,0,4,8,27.0,7.2,47
7,43,0,8,2,33.0,8.4,43
8,69,0,6,0,60.0,8.0,69
4,58,0,5,1,39.0,4.4,58
1,62,0,7,7,41.0,1.7,62
1,57,0,6,3,35.0,1.3,57
1,92,1,4,6,67.0,1.6,92
1,68,0,8,1,39.0,1.1,68
5,62,1,7,9,51.0,9.5,62
4,72,1,5,7,56.0,6.8,72
9,91,0,4,9,93.0,17.099999999999998,91
3,86,1,7,8,68.0,5.4,86
7,57,1,9,6,49.0,11.200000000000001,57
8,93,1,9,9,88.0,15.2,93
6,83,0,5,0,72.0,6.0,83
1,72,1,4,1,44.0,1.1,72
8,46,1,8,8,41.0,14.4,46
3,90,0,5,9,69.0,5.699999999999999,90
8,67,0,7,6,66.0,12.8,67
4,40,1,4,2,20.0,4.8,40
8,95,0,9,4,92.0,11.2,95
1,78,0,9,0,53.0,1.0,78
3,73,1,6,9,50.0,5.699999999999999,73
6,78,1,4,2,70.0,7.199999999999999,78
9,58,1,7,3,51.0,11.700000000000001,58
2,70,0,7,3,45.0,2.6,70
1,52,1,6,6,25.0,1.6,52
3,96,1,7,4,75.0,4.199999999999999,96
4,63,0,4,8,45.0,7.2,63
5,44,0,9,6,29.0,8.0,44
3,62,0,5,1,43.0,3.3000000000000003,62
2,58,0,9,7,38.0,3.4,58
2,40,1,9,1,16.0,2.2,40
7,72,1,4,6,61.0,11.200000000000001,72
9,98,1,7,4,95.0,12.6,98
2,89,0,6,9,65.0,3.8,89
7,95,1,6,5,85.0,10.5,95
7,72,0,8,3,66.0,9.1,72
7,71,0,6,4,61.0,9.799999999999999,71
3,98,0,6,4,79.0,4.199999999999999,98
7,67,1,7,6,59.0,11.200000000000001,67
1,76,0,5,3,52.0,1.3,76
1,80,1,5,4,56.0,1.4,80
5,51,1,7,3,37.0,6.5,51
2,48,1,6,3,29.0,2.6,48
9,89,0,4,7,84.0,15.299999999999999,89
7,94,1,9,4,87.0,9.799999999999999,94
4,50,1,9,8,36.0,7.2,50
4,72,0,5,4,56.0,5.6,72
2,58,1,7,7,34.0,3.4,58
5,93,0,4,2,77.0,6.0,93
4,96,1,6,6,80.0,6.4,96
1,81,0,7,0,59.0,1.0,81
8,73,0,5,4,68.0,11.2,73
3,46,0,4,1,26.0,3.3000000000000003,46
6,70,0,4,7,57.0,10.2,70
4,91,0,5,5,72.0,6.0,91
9,41,1,4,4,36.0,12.6,41
7,58,1,9,2,51.0,8.4,58
9,77,1,5,0,76.0,9.0,77
3,71,1,9,9,51.0,5.699999999999999,71
1,49,0,7,9,28.0,1.9,49
5,80,0,8,9,69.0,9.5,80
3,47,1,6,9,30.0,5.699999999999999,47
6,65,0,7,7,56.0,10.2,65
8,69,1,9,4,64.0,11.2,69
4,50,0,6,8,33.0,7.2,50
5,80,0,6,6,67.0,8.0,80
5,59,1,9,0,45.0,5.0,59
4,99,1,9,0,84.0,4.0,99
4,59,0,5,6,40.0,6.4,59
4,48,1,8,6,33.0,6.4,48
4,47,1,9,8,31.0,7.2,47
4,99,1,6,1,81.0,4.4,99
5,54,1,6,6,38.0,8.0,54
2,73,0,7,1,48.0,2.2,73
2,63,0,8,9,39.0,3.8,63
9,72,0,8,9,71.0,17.099999999999998,72
2,80,0,6,1,55.0,2.2,80
6,80,1,8,4,70.0,8.399999999999999,80
2,84,1,7,8,65.0,3.6,84
5,79,1,5,8,65.0,9.0,79
4,66,0,6,9,49.0,7.6,66
7,60,0,4,0,49.0,7.0,60
7,44,0,6,6,35.0,11.200000000000001,44
6,74,0,6,9,62.0,11.399999999999999,74
5,60,1,5,9,48.0,9.5,60
1,43,1,9,2,18.0,1.2,43
3,88,1,9,9,70.0,5.699999999999999,88
9,87,0,4,9,83.0,17.099999999999998,87
1,55,0,4,0,29.0,1.0,55
5,96,0,4,1,79.0,5.5,96
2,70,0,9,5,49.0,3.0,70
4,65,0,5,9,49.0,7.6,65
1,91,0,8,1,63.0,1.1,91
3,74,1,4,1,50.0,3.3000000000000003,74
7,45,0,8,3,36.0,9.1,45
3,72,0,7,2,53.0,3.5999999999999996,72
4,60,0,5,7,39.0,6.8,60
2,55,1,8,7,32.0,3.4,55
3,86,1,9,5,69.0,4.5,86
9,78,0,9,3,74.0,11.700000000000001,78
3,73,1,4,6,55.0,4.800000000000001,73
5,81,1,4,8,72.0,9.0,81
2,96,1,8,1,72.0,2.2,96
4,99,0,9,5,86.0,6.0,99
7,54,1,8,6,47.0,11.200000000000001,54
7,45,1,7,0,34.0,7.0,45
3,41,1,5,5,24.0,4.5,41
5,63,0,9,7,51.0,8.5,63
1,95,1,6,6,73.0,1.6,95
1,88,0,9,1,68.0,1.1,88
5,67,1,7,1,52.0,5.5,67
9,40,0,9,3,38.0,11.700000000000001,40
1,40,0,7,4,11.0,1.4,40
1,67,0,9,4,41.0,1.4,67
4,75,0,7,1,57.0,4.4,75
4,59,0,4,6,41.0,6.4,59
2,87,1,8,7,62.0,3.4,87
9,47,1,9,1,48.0,9.9,47
9,40,1,5,3,37.0,11.700000000000001,40
2,65,0,4,2,41.0,2.4,65
9,90,0,7,3,91.0,11.700000000000001,90
6,82,0,5,4,73.0,8.399999999999999,82
8,88,1,4,5,82.0,12.0,88
4,64,0,6,1,44.0,4.4,64
2,49,0,9,9,29.0,3.8,49
2,51,0,9,5,32.0,3.0,51
9,80,0,7,8,78.0,16.2,80
1,46,1,4,7,21.0,1.7,46
7,51,0,4,0,43.0,7.0,51
3,86,0,7,8,69.0,5.4,86
3,79,0,6,9,56.0,5.699999999999999,79
2,56,0,9,1,31.0,2.2,56
6,44,1,8,0,36.0,6.0,44
2,53,0,6,5,30.0,3.0,53
4,73,1,7,0,56.0,4.0,73
9,87,1,8,5,87.0,13.5,87
9,56,0,4,1,54.0,9.9,56
6,74,0,6,6,61.0,9.600000000000001,74
4,94,1,6,6,77.0,6.4,94
7,40,0,9,3,30.0,9.1,40
1,98,0,9,1,69.0,1.1,98
4,89,1,8,6,74.0,6.4,89
5,89,1,4,0,72.0,5.0,89
8,75,1,6,1,71.0,8.8,75
2,54,1,8,1,30.0,2.2,54
5,99,1,6,0,82.0,5.0,99
6,58,1,9,8,51.0,10.8,58
5,90,0,4,5,76.0,7.5,90
9,81,0,4,2,76.0,10.799999999999999,81
1,44,0,5,5,17.0,1.5,44
3,58,0,8,6,40.0,4.800000000000001,58
2,82,0,9,2,63.0,2.4,82
3,78,0,9,3,60.0,3.9000000000000004,78
9,44,0,9,9,44.0,17.099999999999998,44
9,91,0,7,0,87.0,9.0,91
2,51,0,6,5,27.0,3.0,51
3,58,1,4,5,30.0,4.5,58
4,86,1,6,8,68.0,7.2,86
9,51,0,6,1,44.0,9.9,51
3,75,0,7,4,53.0,4.199999999999999,75
7,51,1,4,4,40.0,9.799999999999999,51
3,57,1,5,6,36.0,4.800000000000001,57
7,88,1,9,4,79.0,9.799999999999999,88
7,90,0,8,9,86.0,13.299999999999999,90
9,87,1,6,3,85.0,11.700000000000001,87
2,82,1,7,9,61.0,3.8,82
6,73,1,7,1,63.0,6.6000000000000005,73
9,87,0,8,7,82.0,15.299999999999999,87
2,72,1,8,4,47.0,2.8,72
2,88,0,4,3,66.0,2.6,88
5,57,1,6,8,48.0,9.0,57
8,96,1,6,1,90.0,8.8,96
9,68,0,8,2,70.0,10.799999999999999,68
2,84,1,9,7,64.0,3.4,84
5,44,1,5,3,27.0,6.5,44
7,64,1,6,8,58.0,12.6,64
6,63,0,7,9,48.0,11.399999999999999,63
6,68,0,9,9,57.0,11.399999999999999,68
7,98,0,8,9,90.0,13.299999999999999,98
3,77,1,6,9,56.0,5.699999999999999,77
3,72,0,4,8,50.0,5.4,72
9,49,1,8,9,48.0,17.099999999999998,49
8,76,1,7,8,74.0,14.4,76
5,99,1,4,0,86.0,5.0,99
6,72,1,8,5,59.0,9.0,72
1,62,1,8,9,43.0,1.9,62
1,97,1,6,5,75.0,1.5,97
4,50,1,4,7,32.0,6.8,50
2,63,1,8,6,44.0,3.2,63
7,63,0,9,6,54.0,11.200000000000001,63
2,46,0,7,1,24.0,2.2,46
2,89,1,4,3,61.0,2.6,89
5,60,0,9,0,45.0,5.0,60
4,59,0,6,6,44.0,6.4,59
8,92,0,5,3,84.0,10.4,92
4,49,1,8,8,32.0,7.2,49
6,64,0,5,5,50.0,9.0,64
5,86,1,8,5,73.0,7.5,86
2,75,0,9,8,52.0,3.6,75
8,87,0,6,7,85.0,13.6,87
2,86,0,6,5,61.0,3.0,86
9,54,1,6,5,52.0,13.5,54
9,83,1,6,5,82.0,13.5,83
3,79,1,4,3,57.0,3.9000000000000004,79
4,79,1,4,4,58.0,5.6,79
8,89,1,8,2,83.0,9.6,89
9,45,1,4,8,41.0,16.2,45
3,76,1,8,1,58.0,3.3000000000000003,76
5,41,1,4,6,25.0,8.0,41
8,51,1,4,0,43.0,8.0,51
3,97,0,4,9,74.0,5.699999999999999,97
7,43,0,7,6,34.0,11.200000000000001,43
8,62,1,6,1,58.0,8.8,62
3,52,0,7,4,34.0,4.199999999999999,52
2,56,0,4,0,30.0,2.0,56
7,70,1,4,4,62.0,9.799999999999999,70
9,55,1,7,3,52.0,11.700000000000001,55
1,80,0,9,0,56.0,1.0,80
3,65,1,8,0,45.0,3.0,65
5,67,0,6,6,51.0,8.0,67
3,40,1,8,2,18.0,3.5999999999999996,40
1,86,0,9,9,64.0,1.9,86
7,51,1,6,8,38.0,12.6,51
7,76,0,5,8,69.0,12.6,76
8,94,0,6,9,89.0,15.2,94
5,95,0,8,8,81.0,9.0,95
5,89,0,6,0,76.0,5.0,89
5,59,1,5,3,38.0,6.5,59
1,41,0,5,0,14.0,1.0,41
5,75,1,4,0,62.0,5.0,75
6,54,0,5,8,39.0,10.8,54
1,77,1,7,4,51.0,1.4,77
7,61,0,8,0,53.0,7.0,61
1,83,1,7,2,54.0,1.2,83
2,89,0,9,6,68.0,3.2,89
2,71,0,7,1,53.0,2.2,71
5,98,1,8,3,86.0,6.5,98
7,59,0,9,1,51.0,7.700000000000001,59
1,75,0,7,8,48.0,1.8,75
1,72,0,7,8,50.0,1.8,72
1,54,0,9,6,24.0,1.6,54
6,89,1,7,6,79.0,9.600000000000001,89
2,85,0,5,1,63.0,2.2,85
1,42,1,8,9,13.0,1.9,42
6,68,1,8,7,54.0,10.2,68
2,86,1,8,0,61.0,2.0,86
6,66,1,7,7,58.0,10.2,66
8,44,0,5,4,35.0,11.2,44
2,98,0,8,3,78.0,2.6,98
9,95,1,6,9,95.0,17.099999999999998,95
8,70,0,8,1,61.0,8.8,70
1,61,0,4,2,32.0,1.2,61
7,74,1,6,9,66.0,13.299999999999999,74
6,93,1,8,1,83.0,6.6000000000000005,93
6,46,1,7,3,35.0,7.800000000000001,46
6,45,0,8,2,33.0,7.199999999999999,45
6,65,1,5,4,55.0,8.399999999999999,65
7,93,1,5,6,87.0,11.200000000000001,93
3,40,0,8,8,18.0,5.4,40
6,58,0,7,4,45.0,8.399999999999999,58
3,46,0,7,7,26.0,5.1,46
7,75,0,7,1,66.0,7.700000000000001,75
7,51,0,8,5,44.0,10.5,51
8,59,0,8,7,55.0,13.6,59
2,62,0,4,8,40.0,3.6,62
9,64,0,5,3,61.0,11.700000000000001,64
5,69,1,6,3,54.0,6.5,69
9,98,0,6,6,95.0,14.4,98
5,68,1,5,3,56.0,6.5,68
7,70,0,9,4,61.0,9.799999999999999,70
9,57,0,4,1,53.0,9.9,57
4,80,1,5,1,60.0,4.4,80
2,58,0,4,9,35.0,3.8,58
9,93,1,9,4,93.0,12.6,93
2,43,0,4,9,20.0,3.8,43
3,40,1,7,9,24.0,5.699999999999999,40
2,80,1,5,1,54.0,2.2,80
3,98,0,6,5,78.0,4.5,98
6,54,1,8,5,45.0,9.0,54
3,93,1,9,7,77.0,5.1,93
8,47,0,9,0,40.0,8.0,47
6,54,0,8,6,44.0,9.600000000000001,54
7,54,1,5,6,45.0,11.200000000000001,54
1,89,0,8,8,66.0,1.8,89
3,78,1,4,3,57.0,3.9000000000000004,78
3,61,1,8,6,42.0,4.800000000000001,61
2,57,1,4,5,34.0,3.0,57
7,55,0,4,3,43.0,9.1,55
9,41,0,6,9,37.0,17.099999999999998,41
4,75,1,8,7,57.0,6.8,75
5,59,1,6,2,44.0,6.0,59
3,55,1,8,7,35.0,5.1,55
9,42,0,4,4,36.0,12.6,42
4,95,1,8,3,82.0,5.2,95
5,69,0,9,2,55.0,6.0,69
1,94,1,9,9,74.0,1.9,94
2,41,1,6,6,19.0,3.2,41
9,74,1,7,6,72.0,14.4,74
2,65,1,9,5,42.0,3.0,65
5,96,0,6,2,81.0,6.0,96
8,44,0,7,8,38.0,14.4,44
3,41,0,5,1,21.0,3.3000000000000003,41
6,90,0,6,2,82.0,7.199999999999999,90
4,95,0,9,0,80.0,4.0,95
7,59,1,9,6,51.0,11.200000000000001,59
3,73,0,8,1,53.0,3.3000000000000003,73
6,73,0,7,9,62.0,11.399999999999999,73
9,93,0,9,7,91.0,15.299999999999999,93
1,95,0,8,8,71.0,1.8,95
3,94,1,7,1,74.0,3.3000000000000003,94
2,59,1,6,5,40.0,3.0,59
8,89,1,6,0,83.0,8.0,89
7,64,0,8,7,58.0,11.9,64
2,59,1,6,4,38.0,2.8,59
6,64,1,8,8,56.0,10.8,64
3,92,0,4,2,73.0,3.5999999999999996,92
8,53,0,7,1,46.0,8.8,53
3,99,0,8,6,82.0,4.800000000000001,99
9,86,1,7,6,88.0,14.4,86
1,83,0,4,9,56.0,1.9,83
5,82,1,7,4,68.0,7.0,82
3,82,1,8,6,63.0,4.800000000000001,82
6,78,1,6,5,71.0,9.0,78
2,51,1,7,8,27.0,3.6,51
9,87,1,7,2,85.0,10.799999999999999,87
6,44,0,9,3,34.0,7.800000000000001,44
7,41,1,9,8,33.0,12.6,41
5,93,1,4,9,77.0,9.5,93
9,55,1,5,7,50.0,15.299999999999999,55
1,94,1,6,9,69.0,1.9,94
5,69,1,8,5,55.0,7.5,69
6,86,0,4,2,76.0,7.199999999999999,86
7,82,1,8,8,74.0,12.6,82
4,77,1,8,8,61.0,7.2,77
1,84,1,7,5,60.0,1.5,84
8,90,1,4,1,84.0,8.8,90
4,81,0,4,6,56.0,6.4,81
3,63,1,9,8,43.0,5.4,63
7,90,1,6,8,82.0,12.6,90
2,69,1,5,2,43.0,2.4,69
8,76,1,8,1,73.0,8.8,76
6,96,0,6,4,81.0,8.399999999999999,96
7,98,0,9,9,94.0,13.299999999999999,98
5,92,0,6,6,74.0,8.0,92
9,78,1,8,2,76.0,10.799999999999999,78
5,50,0,7,3,38.0,6.5,50
5,53,0,7,9,38.0,9.5,53
3,62,0,8,1,42.0,3.3000000000000003,62
1,92,0,9,9,71.0,1.9,92
2,55,0,9,1,34.0,2.2,55
8,89,1,4,6,84.0,12.8,89
1,60,0,5,1,32.0,1.1,60
7,94,0,7,0,85.0,7.0,94
5,94,0,5,3,76.0,6.5,94
3,43,1,6,5,21.0,4.5,43
7,72,1,6,9,65.0,13.299999999999999,72
9,93,0,8,9,92.0,17.099999999999998,93
2,86,1,8,3,69.0,2.6,86
8,53,1,8,0,49.0,8.0,53
9,58,0,9,0,54.0,9.0,58
3,98,1,7,8,81.0,5.4,98
2,44,0,5,0,15.0,2.0,44
7,75,0,6,6,66.0,11.200000000000001,75
5,70,0,5,6,56.0,8.0,70
5,84,1,7,0,71.0,5.0,84
5,57,0,5,0,40.0,5.0,57
4,83,0,5,5,66.0,6.0,83
5,70,1,9,7,57.0,8.5,70
4,94,0,8,6,79.0,6.4,94
6,69,1,9,5,57.0,9.0,69
4,60,1,9,9,43.0,7.6,60
2,86,0,5,2,65.0,2.4,86
9,69,1,5,6,66.0,14.4,69
2,94,0,9,5,74.0,3.0,94
9,80,1,5,7,76.0,15.299999999999999,80
6,43,1,9,3,30.0,7.800000000000001,43
9,44,1,4,8,39.0,16.2,44
9,80,1,9,0,79.0,9.0,80
3,84,0,6,6,60.0,4.800000000000001,84
1,49,0,6,8,24.0,1.8,49
1,66,1,5,9,42.0,1.9,66
3,55,0,9,0,33.0,3.0,55
5,69,0,9,9,57.0,9.5,69
3,52,0,8,2,32.0,3.5999999999999996,52
9,75,0,8,6,71.0,14.4,75
9,60,0,8,8,58.0,16.2,60
3,84,0,9,0,64.0,3.0,84
3,92,0,9,5,72.0,4.5,92
5,79,1,6,1,64.0,5.5,79
2,84,0,7,4,61.0,2.8,84
6,54,1,5,6,43.0,9.600000000000001,54
7,59,1,6,6,54.0,11.200000000000001,59
9,59,1,8,9,56.0,17.099999999999998,59
6,84,0,6,6,75.0,9.600000000000001,84
3,94,0,6,3,72.0,3.9000000000000004,94
5,98,1,6,5,84.0,7.5,98
4,44,1,8,9,30.0,7.6,44
5,93,0,7,5,80.0,7.5,93
8,93,0,4,6,82.0,12.8,93
8,99,0,5,8,96.0,14.4,99
6,71,1,5,5,60.0,9.0,71
1,45,1,6,9,19.0,1.9,45
8,69,0,7,0,62.0,8.0,69
8,65,0,8,7,61.0,13.6,65
2,76,1,4,1,53.0,2.2,76
4,52,0,4,2,34.0,4.8,52
2,68,0,6,4,43.0,2.8,68
4,44,1,6,5,27.0,6.0,44
7,64,1,8,6,55.0,11.200000000000001,64
9,52,1,8,3,51.0,11.700000000000001,52
8,63,1,9,2,58.0,9.6,63
9,70,0,8,8,69.0,16.2,70
8,59,1,6,3,52.0,10.4,59
2,94,0,7,8,72.0,3.6,94
7,47,0,6,8,38.0,12.6,47
2,99,0,6,2,73.0,2.4,99
2,48,1,4,2,26.0,2.4,48
4,60,1,8,7,46.0,6.8,60
1,90,0,5,0,60.0,1.0,90
5,59,0,8,5,43.0,7.5,59
6,54,1,9,5,43.0,9.0,54
9,65,0,7,8,65.0,16.2,65
8,93,0,7,1,89.0,8.8,93
2,81,0,8,7,60.0,3.4,81
1,50,0,8,6,22.0,1.6,50
2,76,0,6,1,53.0,2.2,76
7,80,0,5,0,70.0,7.0,80
4,50,0,6,3,31.0,5.2,50
5,66,0,4,1,52.0,5.5,66
7,69,1,4,2,59.0,8.4,69
3,58,1,7,1,40.0,3.3000000000000003,58
2,73,0,7,8,50.0,3.6,73
7,77,0,5,3,66.0,9.1,77
5,62,1,7,0,45.0,5.0,62
1,92,1,9,7,69.0,1.7,92
1,40,1,4,3,13.0,1.3,40
9,42,0,5,9,37.0,17.099999999999998,42
5,42,1,4,7,25.0,8.5,42
1,67,1,8,7,45.0,1.7,67
7,53,0,8,8,47.0,12.6,53
9,91,1,5,9,93.0,17.099999999999998,91
1,69,0,6,6,40.0,1.6,69
4,97,1,9,3,85.0,5.2,97
3,93,1,9,1,73.0,3.3000000000000003,93
5,44,1,7,5,27.0,7.5,44
7,88,1,5,3,80.0,9.1,88
8,54,1,9,5,46.0,12.0,54
2,77,0,7,7,57.0,3.4,77
7,53,0,4,2,43.0,8.4,53
1,53,1,6,0,25.0,1.0,53
7,96,0,7,4,90.0,9.799999999999999,96
8,98,1,8,2,93.0,9.6,98
2,88,1,8,5,67.0,3.0,88
9,47,1,4,2,44.0,10.799999999999999,47
1,47,1,5,0,18.0,1.0,47
6,58,1,7,8,46.0,10.8,58
1,71,0,4,4,44.0,1.4,71
3,70,0,8,1,47.0,3.3000000000000003,70
6,68,0,8,1,55.0,6.6000000000000005,68
3,80,0,8,8,59.0,5.4,80
8,50,1,6,0,42.0,8.0,50
5,84,0,6,9,69.0,9.5,84
2,52,1,8,2,29.0,2.4,52
4,66,1,9,9,53.0,7.6,66
9,95,0,5,6,90.0,14.4,95
4,58,0,6,0,40.0,4.0,58
8,65,1,7,1,55.0,8.8,65
5,92,1,6,5,78.0,7.5,92
1,90,1,7,8,64.0,1.8,90
7,76,0,6,8,68.0,12.6,76
3,87,1,8,7,68.0,5.1,87
8,48,1,7,2,44.0,9.6,48
3,67,1,5,1,45.0,3.3000000000000003,67
1,71,1,6,0,47.0,1.0,71
5,91,0,6,8,73.0,9.0,91
2,93,0,8,4,71.0,2.8,93
4,42,1,7,2,25.0,4.8,42
1,90,0,9,9,65.0,1.9,90
9,71,1,8,9,70.0,17.099999999999998,71
6,44,0,7,4,33.0,8.399999999999999,44
8,47,0,6,2,42.0,9.6,47
4,53,0,6,8,35.0,7.2,53
9,95,0,6,0,90.0,9.0,95
2,42,1,6,0,17.0,2.0,42
9,63,1,4,2,59.0,10.799999999999999,63
5,52,1,6,5,36.0,7.5,52
6,82,0,6,1,71.0,6.6000000000000005,82
3,68,0,9,0,45.0,3.0,68
4,47,1,9,7,31.0,6.8,47
6,90,0,7,9,77.0,11.399999999999999,90
7,81,0,6,8,73.0,12.6,81
1,70,1,6,9,47.0,1.9,70
7,65,0,7,0,56.0,7.0,65
1,57,1,6,2,30.0,1.2,57
5,97,0,6,4,84.0,7.0,97
6,57,1,8,6,41.0,9.600000000000001,57
2,96,0,4,9,73.0,3.8,96
9,46,0,7,3,41.0,11.700000000000001,46
6,87,0,8,5,77.0,9.0,87
7,77,0,9,0,63.0,7.0,77
8,87,0,5,3,79.0,10.4,87
1,55,1,5,7,28.0,1.7,55
8,94,0,9,4,91.0,11.2,94
4,95,1,4,7,76.0,6.8,95
8,99,1,5,0,92.0,8.0,99
6,72,1,4,9,61.0,11.399999999999999,72
9,95,0,5,8,92.0,16.2,95
4,90,1,5,3,72.0,5.2,90
2,42,0,8,8,20.0,3.6,42
2,77,0,5,7,54.0,3.4,77
5,43,0,9,7,35.0,8.5,43
9,75,1,4,1,67.0,9.9,75
3,43,0,6,2,20.0,3.5999999999999996,43
8,81,0,6,9,76.0,15.2,81
4,48,0,6,8,33.0,7.2,48
6,79,1,4,2,68.0,7.199999999999999,79
6,90,1,4,7,81.0,10.2,90
3,56,1,6,4,36.0,4.199999999999999,56
5,56,1,9,6,46.0,8.0,56
3,72,0,5,3,50.0,3.9000000000000004,72
1,59,1,6,7,36.0,1.7,59
7,53,0,7,3,44.0,9.1,53
4,61,1,4,4,43.0,5.6,61
7,91,0,7,0,79.0,7.0,91
3,66,1,7,9,44.0,5.699999999999999,66
5,82,1,4,7,67.0,8.5,82
5,42,1,6,6,27.0,8.0,42
2,63,0,9,4,39.0,2.8,63
2,69,0,8,5,49.0,3.0,69
4,47,1,7,0,28.0,4.0,47
4,61,1,6,7,46.0,6.8,61
4,64,1,8,8,48.0,7.2,64
6,99,1,7,4,90.0,8.399999999999999,99
2,49,1,6,9,24.0,3.8,49
6,88,1,7,6,75.0,9.600000000000001,88
7,68,0,6,9,61.0,13.299999999999999,68
3,79,0,9,3,62.0,3.9000000000000004,79
8,93,0,5,5,87.0,12.0,93
2,40,0,5,1,13.0,2.2,40
8,91,0,4,3,85.0,10.4,91
5,60,0,8,4,47.0,7.0,60
2,78,1,7,8,54.0,3.6,78
7,63,1,7,8,57.0,12.6,63
2,48,1,6,7,26.0,3.4,48
6,99,1,8,3,89.0,7.800000000000001,99
3,83,1,7,5,61.0,4.5,83
9,93,0,8,6,93.0,14.4,93
3,65,0,8,0,43.0,3.0,65
3,48,0,5,0,24.0,3.0,48
5,59,0,7,3,45.0,6.5,59
7,95,0,7,2,86.0,8.4,95
8,74,1,4,9,65.0,15.2,74
7,75,0,8,3,70.0,9.1,75
9,81,0,6,8,79.0,16.2,81
5,75,0,5,1,59.0,5.5,75
3,93,1,4,3,72.0,3.9000000000000004,93
6,48,1,5,6,36.0,9.600000000000001,48
5,61,1,6,1,46.0,5.5,61
4,40,1,4,7,24.0,6.8,40
2,44,1,5,9,25.0,3.8,44
7,48,1,6,3,38.0,9.1,48
5,76,0,9,8,65.0,9.0,76
4,77,0,4,0,59.0,4.0,77
8,58,0,6,6,53.0,12.8,58
9,47,1,4,0,45.0,9.0,47
9,81,1,7,9,82.0,17.099999999999998,81
3,82,1,7,8,64.0,5.4,82
3,71,1,5,9,50.0,5.699999999999999,71
5,52,0,8,9,39.0,9.5,52
5,59,1,9,0,43.0,5.0,59
2,75,1,8,2,54.0,2.4,75
1,82,1,6,6,58.0,1.6,82
8,83,1,4,0,73.0,8.0,83
3,76,1,7,4,56.0,4.199999999999999,76
1,69,0,8,5,42.0,1.5,69
1,49,1,7,2,25.0,1.2,49
2,70,1,9,5,48.0,3.0,70
6,64,0,6,3,49.0,7.800000000000001,64
6,68,1,9,5,59.0,9.0,68
3,63,1,9,5,45.0,4.5,63
4,78,0,6,3,60.0,5.2,78
2,60,0,4,0,32.0,2.0,60
2,80,0,9,2,59.0,2.4,80
7,48,0,8,9,40.0,13.299999999999999,48
1,81,0,6,6,55.0,1.6,81
7,81,0,6,1,69.0,7.700000000000001,81
1,41,0,7,3,12.0,1.3,41
6,43,0,5,5,39.0,9.0,43
3,47,0,9,4,25.0,4.199999999999999,47
8,71,0,8,5,62.0,12.0,71
6,53,1,4,4,40.0,8.399999999999999,53
2,88,0,9,8,67.0,3.6,88
8,52,0,4,1,42.0,8.8,52
5,60,0,7,3,44.0,6.5,60
8,63,0,9,0,57.0,8.0,63
8,89,0,4,6,83.0,12.8,89
6,57,1,9,0,43.0,6.0,57
2,84,1,6,5,61.0,3.0,84
8,79,1,9,9,76.0,15.2,79
6,65,0,8,9,54.0,11.399999999999999,65
6,71,0,9,8,60.0,10.8,71
8,83,1,4,1,74.0,8.8,83
1,96,0,8,0,74.0,1.0,96
2,94,0,4,9,66.0,3.8,94
9,95,1,5,2,94.0,10.799999999999999,95
8,92,0,5,5,83.0,12.0,92
7,72,0,8,6,65.0,11.200000000000001,72
7,91,0,5,7,82.0,11.9,91
5,70,0,5,3,52.0,6.5,70
2,57,0,6,7,34.0,3.4,57
6,74,0,4,6,61.0,9.600000000000001,74
3,51,0,5,7,30.0,5.1,51
4,90,1,8,4,77.0,5.6,90
2,64,1,6,9,45.0,3.8,64
2,84,0,5,6,59.0,3.2,84
8,70,0,9,3,66.0,10.4,70
8,49,1,8,0,45.0,8.0,49
6,86,1,4,2,73.0,7.199999999999999,86
5,91,1,9,9,81.0,9.5,91
8,73,1,5,8,72.0,14.4,73
4,90,1,8,3,72.0,5.2,90
4,42,1,9,4,27.0,5.6,42
5,85,1,8,2,70.0,6.0,85
1,78,0,7,5,51.0,1.5,78
1,47,1,9,3,21.0,1.3,47
2,71,1,8,4,50.0,2.8,71
8,82,1,9,6,82.0,12.8,82
7,68,0,7,6,58.0,11.200000000000001,68
9,61,0,4,8,59.0,16.2,61
5,59,0,4,1,41.0,5.5,59
2,45,1,6,3,21.0,2.6,45
7,82,1,9,7,78.0,11.9,82
8,88,1,7,3,85.0,10.4,88
7,68,0,8,2,59.0,8.4,68
7,81,0,6,9,72.0,13.299999999999999,81
5,95,0,9,5,83.0,7.5,95
2,56,0,6,2,31.0,2.4,56
6,70,0,9,1,58.0,6.6000000000000005,70
4,92,0,4,8,74.0,7.2,92
2,73,1,8,2,50.0,2.4,73
9,77,0,7,0,72.0,9.0,77
7,96,0,4,8,84.0,12.6,96
6,76,0,6,4,67.0,8.399999999999999,76
5,43,0,5,6,29.0,8.0,43
3,41,1,6,1,20.0,3.3000000000000003,41
4,51,1,5,0,31.0,4.0,51
3,74,0,9,5,58.0,4.5,74
8,45,1,4,4,39.0,11.2,45
3,95,1,9,9,77.0,5.699999999999999,95
7,85,1,7,5,78.0,10.5,85
7,47,1,8,1,39.0,7.700000000000001,47
7,60,1,5,6,51.0,11.200000000000001,60
7,92,1,8,0,86.0,7.0,92
2,97,1,9,7,78.0,3.4,97
3,85,0,4,6,66.0,4.800000000000001,85
9,74,1,4,6,74.0,14.4,74
3,87,0,9,5,70.0,4.5,87
2,54,1,9,9,38.0,3.8,54
9,46,1,4,4,44.0,12.6,46
9,54,1,7,8,52.0,16.2,54
4,84,0,5,2,63.0,4.8,84
9,45,1,8,8,46.0,16.2,45
3,86,0,6,4,63.0,4.199999999999999,86
7,56,1,9,7,50.0,11.9,56
7,43,1,9,2,37.0,8.4,43
8,61,0,4,6,52.0,12.8,61
4,71,1,8,9,55.0,7.6,71
3,98,1,8,3,77.0,3.9000000000000004,98
3,61,1,7,4,46.0,4.199999999999999,61
5,66,0,5,3,52.0,6.5,66
1,85,1,7,8,59.0,1.8,85
3,54,1,7,6,32.0,4.800000000000001,54
6,99,1,8,5,87.0,9.0,99
3,83,0,5,5,61.0,4.5,83
5,90,1,5,9,75.0,9.5,90
9,61,0,5,6,59.0,14.4,61
2,67,1,4,4,40.0,2.8,67
2,81,1,5,9,61.0,3.8,81
6,77,0,8,2,62.0,7.199999999999999,77
6,99,0,4,2,86.0,7.199999999999999,99
8,96,0,6,6,89.0,12.8,96
2,48,0,9,9,29.0,3.8,48
9,73,0,7,0,72.0,9.0,73
2,75,1,5,3,53.0,2.6,75
1,48,1,6,9,24.0,1.9,48
2,54,0,5,7,30.0,3.4,54
7,84,1,7,3,79.0,9.1,84
8,59,1,8,0,51.0,8.0,59
5,47,0,8,4,34.0,7.0,47
6,97,0,7,0,87.0,6.0,97
1,67,0,6,8,43.0,1.8,67
6,90,1,4,7,80.0,10.2,90
8,58,0,9,6,54.0,12.8,58
3,96,1,9,4,80.0,4.199999999999999,96
1,55,0,9,3,29.0,1.3,55
4,50,0,4,6,34.0,6.4,50
1,81,0,5,2,58.0,1.2,81
8,47,0,7,7,38.0,13.6,47
5,72,1,7,4,57.0,7.0,72
1,49,1,4,4,20.0,1.4,49
8,57,1,6,0,49.0,8.0,57
9,74,0,9,9,73.0,17.099999999999998,74
2,82,1,7,7,61.0,3.4,82
9,89,1,8,6,87.0,14.4,89
8,42,1,8,0,37.0,8.0,42
7,79,0,7,3,69.0,9.1,79
3,66,1,9,3,46.0,3.9000000000000004,66
2,98,0,9,8,79.0,3.6,98
7,67,0,9,9,60.0,13.299999999999999,67
5,85,1,6,1,68.0,5.5,85
6,45,1,8,3,38.0,7.800000000000001,45
4,86,0,6,9,71.0,7.6,86
2,53,0,4,2,28.0,2.4,53
9,46,0,5,9,44.0,17.099999999999998,46
3,49,1,9,4,31.0,4.199999999999999,49
7,54,0,4,6,41.0,11.200000000000001,54
8,70,0,5,4,63.0,11.2,70
2,68,0,8,4,44.0,2.8,68
6,81,1,5,3,69.0,7.800000000000001,81
8,93,0,5,8,88.0,14.4,93
7,56,0,7,5,49.0,10.5,56
3,98,0,5,9,76.0,5.699999999999999,98
1,90,0,7,5,63.0,1.5,90
6,68,0,5,5,55.0,9.0,68
8,88,1,7,5,86.0,12.0,88
6,83,1,8,0,71.0,6.0,83
5,54,0,8,5,41.0,7.5,54
8,65,0,5,3,58.0,10.4,65
2,51,0,6,1,26.0,2.2,51
1,64,0,8,5,39.0,1.5,64
1,80,0,4,0,54.0,1.0,80
4,44,0,4,0,25.0,4.0,44
6,43,1,7,4,29.0,8.399999999999999,43
9,83,0,6,5,81.0,13.5,83
1,87,0,9,1,65.0,1.1,87
1,80,1,7,9,57.0,1.9,80
5,96,1,5,7,85.0,8.5,96
5,70,1,8,3,60.0,6.5,70
5,42,1,6,3,27.0,6.5,42
6,92,0,7,9,82.0,11.399999999999999,92
8,42,1,7,4,37.0,11.2,42
3,65,1,4,9,48.0,5.699999999999999,65
9,89,1,5,3,85.0,11.700000000000001,89
1,56,0,7,4,28.0,1.4,56
4,99,0,4,9,83.0,7.6,99
9,49,0,6,2,47.0,10.799999999999999,49
8,41,1,7,7,37.0,13.6,41
9,63,0,9,5,62.0,13.5,63
1,50,1,9,7,26.0,1.7,50
9,63,1,4,4,59.0,12.6,63
3,74,1,9,6,59.0,4.800000000000001,74
9,62,1,5,9,56.0,17.099999999999998,62
1,71,0,8,6,46.0,1.6,71
1,62,0,9,5,35.0,1.5,62
9,73,0,6,9,71.0,17.099999999999998,73
6,80,0,7,3,69.0,7.800000000000001,80
4,58,1,4,5,41.0,6.0,58
7,41,1,7,8,34.0,12.6,41
5,99,1,8,3,89.0,6.5,99
7,90,1,7,5,83.0,10.5,90
8,41,1,7,5,33.0,12.0,41
8,54,0,4,2,48.0,9.6,54
1,95,0,8,3,71.0,1.3,95
8,60,1,6,2,52.0,9.6,60
6,74,1,4,2,63.0,7.199999999999999,74
4,44,0,8,9,27.0,7.6,44
8,82,0,8,3,79.0,10.4,82
3,66,1,7,3,44.0,3.9000000000000004,66
4,63,0,5,5,45.0,6.0,63
6,46,0,5,3,34.0,7.800000000000001,46
7,45,1,6,5,34.0,10.5,45
4,85,1,7,1,69.0,4.4,85
4,72,0,5,3,56.0,5.2,72
7,97,0,4,1,86.0,7.700000000000001,97
6,88,1,6,7,78.0,10.2,88
8,56,0,7,8,49.0,14.4,56
1,85,0,9,6,67.0,1.6,85
7,81,0,4,5,71.0,10.5,81
7,69,1,5,7,61.0,11.9,69
7,47,0,5,3,36.0,9.1,47
7,79,0,5,9,69.0,13.299999999999999,79
8,85,1,5,1,80.0,8.8,85
9,46,1,8,3,39.0,11.700000000000001,46
9,45,0,9,4,39.0,12.6,45
2,43,1,6,8,21.0,3.6,43
7,40,1,6,4,30.0,9.799999999999999,40
7,54,0,5,8,47.0,12.6,54
4,70,1,6,8,53.0,7.2,70
9,64,0,9,7,59.0,15.299999999999999,64
8,86,0,4,4,79.0,11.2,86
1,72,1,4,1,44.0,1.1,72
2,91,0,6,4,66.0,2.8,91
2,74,0,5,0,51.0,2.0,74
8,94,0,7,7,90.0,13.6,94
1,44,0,9,1,16.0,1.1,44
4,44,0,5,6,23.0,6.4,44
5,75,1,8,1,62.0,5.5,75
9,56,1,7,4,51.0,12.6,56
7,92,0,9,9,84.0,13.299999999999999,92
8,91,0,8,6,86.0,12.8,91
9,53,1,6,5,50.0,13.5,53
7,97,0,8,4,90.0,9.799999999999999,97
5,68,0,6,5,55.0,7.5,68
5,47,0,8,1,31.0,5.5,47
6,73,1,7,9,64.0,11.399999999999999,73
5,79,0,8,0,64.0,5.0,79
9,40,1,5,0,38.0,9.0,40
3,68,0,6,7,46.0,5.1,68
3,75,0,4,2,54.0,3.5999999999999996,75
7,90,1,8,2,81.0,8.4,90
7,76,1,6,8,67.0,12.6,76
6,68,0,4,5,54.0,9.0,68
3,44,0,6,3,19.0,3.9000000000000004,44
7,92,0,6,3,85.0,9.1,92
5,71,1,4,6,54.0,8.0,71
7,99,0,4,5,89.0,10.5,99
2,91,1,7,1,66.0,2.2,91
6,63,0,9,8,55.0,10.8,63
8,58,0,8,1,52.0,8.8,58
1,51,0,8,7,27.0,1.7,51
4,91,0,6,3,74.0,5.2,91
1,40,0,5,9,14.0,1.9,40
1,46,0,5,0,19.0,1.0,46
8,56,0,9,0,52.0,8.0,56
7,73,1,6,8,63.0,12.6,73
1,82,0,7,3,55.0,1.3,82
2,46,0,4,0,18.0,2.0,46
4,56,0,6,2,39.0,4.8,56
1,98,0,8,2,74.0,1.2,98
3,42,1,5,6,23.0,4.800000000000001,42
8,68,1,5,5,57.0,12.0,68
8,61,0,5,7,54.0,13.6,61
8,77,0,7,6,67.0,12.8,77
6,93,1,8,0,86.0,6.0,93
6,82,1,7,2,71.0,7.199999999999999,82
5,68,1,4,8,52.0,9.0,68
9,89,0,6,3,85.0,11.700000000000001,89
4,89,1,6,2,72.0,4.8,89
7,93,1,5,4,88.0,9.799999999999999,93
1,81,0,5,7,55.0,1.7,81
9,44,0,4,0,39.0,9.0,44
7,69,0,7,1,58.0,7.700000000000001,69
9,62,1,9,6,65.0,14.4,62
7,94,1,9,0,90.0,7.0,94
2,60,1,9,4,35.0,2.8,60
6,95,1,8,9,88.0,11.399999999999999,95
4,65,0,4,7,48.0,6.8,65
3,93,1,6,5,72.0,4.5,93
2,86,0,6,2,60.0,2.4,86
6,60,1,7,6,45.0,9.600000000000001,60
8,59,1,4,2,53.0,9.6,59
6,62,1,8,4,49.0,8.399999999999999,62
9,43,0,4,6,39.0,14.4,43
5,60,1,4,1,42.0,5.5,60
2,60,0,7,9,35.0,3.8,60
8,40,0,8,3,34.0,10.4,40
9,54,0,9,1,54.0,9.9,54
4,56,0,6,6,37.0,6.4,56
6,90,1,5,2,78.0,7.199999999999999,90
8,53,1,9,8,49.0,14.4,53
9,98,0,8,5,96.0,13.5,98
5,58,0,6,0,43.0,5.0,58
6,89,1,9,9,80.0,11.399999999999999,89
4,99,1,7,7,80.0,6.8,99
5,73,0,8,6,62.0,8.0,73
7,45,1,8,0,37.0,7.0,45
9,84,1,6,2,81.0,10.799999999999999,84
6,88,1,6,2,74.0,7.199999999999999,88
6,45,0,4,2,30.0,7.199999999999999,45
8,92,0,4,6,87.0,12.8,92
4,93,0,8,5,74.0,6.0,93
3,44,0,5,1,20.0,3.3000000000000003,44
7,46,0,7,4,37.0,9.799999999999999,46
5,72,1,6,5,55.0,7.5,72
2,52,1,4,1,25.0,2.2,52
2,90,1,7,0,67.0,2.0,90
6,93,0,9,3,78.0,7.800000000000001,93
8,40,1,9,3,35.0,10.4,40
1,52,0,8,3,24.0,1.3,52
6,82,0,6,0,72.0,6.0,82
2,66,0,9,2,42.0,2.4,66
2,46,0,6,6,24.0,3.2,46
7,91,0,4,3,82.0,9.1,91
1,42,0,9,1,15.0,1.1,42
6,97,1,5,7,87.0,10.2,97
7,64,0,9,0,59.0,7.0,64
8,72,1,6,8,67.0,14.4,72
7,79,0,5,4,69.0,9.799999999999999,79
6,56,1,7,1,45.0,6.6000000000000005,56
9,84,0,9,3,83.0,11.700000000000001,84
3,53,0,6,2,31.0,3.5999999999999996,53
6,76,1,9,6,61.0,9.600000000000001,76
4,97,0,9,5,80.0,6.0,97
2,95,0,6,8,70.0,3.6,95
1,93,1,5,3,67.0,1.3,93
1,62,1,4,2,37.0,1.2,62
3,98,0,9,6,81.0,4.800000000000001,98
4,63,1,8,5,46.0,6.0,63
2,68,1,7,4,46.0,2.8,68
1,77,0,6,9,52.0,1.9,77
4,98,1,9,6,84.0,6.4,98
7,93,0,4,4,84.0,9.799999999999999,93
6,66,1,6,8,58.0,10.8,66
6,77,0,9,3,66.0,7.800000000000001,77
9,92,0,7,0,85.0,9.0,92
2,79,0,8,9,55.0,3.8,79
4,84,1,6,4,67.0,5.6,84
5,89,0,9,0,75.0,5.0,89
1,62,1,5,0,36.0,1.0,62
8,70,0,4,0,64.0,8.0,70
8,75,0,8,0,69.0,8.0,75
6,56,0,6,7,42.0,10.2,56
5,76,1,9,1,64.0,5.5,76
8,42,0,8,8,38.0,14.4,42
3,75,0,5,6,56.0,4.800000000000001,75
3,94,1,6,2,73.0,3.5999999999999996,94
2,44,0,8,8,28.0,3.6,44
5,85,0,6,3,67.0,6.5,85
3,54,1,6,6,34.0,4.800000000000001,54
3,91,1,8,2,73.0,3.5999999999999996,91
6,88,1,6,4,79.0,8.399999999999999,88
8,45,0,5,3,38.0,10.4,45
2,98,1,8,5,78.0,3.0,98
4,49,0,9,8,35.0,7.2,49
7,93,0,8,4,85.0,9.799999999999999,93
1,71,1,5,0,45.0,1.0,71
1,62,1,5,4,37.0,1.4,62
7,87,0,5,4,78.0,9.799999999999999,87
7,56,1,9,8,52.0,12.6,56
1,85,1,9,7,64.0,1.7,85
1,59,0,6,4,32.0,1.4,59
4,83,1,6,4,65.0,5.6,83
5,80,1,7,1,67.0,5.5,80
5,54,1,6,8,40.0,9.0,54
4,83,0,5,3,64.0,5.2,83
8,85,1,7,6,79.0,12.8,85
7,97,1,5,9,91.0,13.299999999999999,97
9,61,0,4,5,56.0,13.5,61
7,89,0,9,4,85.0,9.799999999999999,89
1,91,0,8,4,64.0,1.4,91
7,45,0,4,6,34.0,11.200000000000001,45
1,43,1,9,1,16.0,1.1,43
7,97,0,9,8,88.0,12.6,97
8,62,0,5,1,53.0,8.8,62
9,83,1,6,8,80.0,16.2,83
3,84,0,8,3,64.0,3.9000000000000004,84
4,58,0,6,9,37.0,7.6,58
4,93,1,6,9,75.0,7.6,93
9,84,0,8,5,82.0,13.5,84
7,70,0,8,0,60.0,7.0,70
3,83,1,4,4,64.0,4.199999999999999,83
5,91,1,5,5,76.0,7.5,91
7,42,1,6,8,35.0,12.6,42
8,67,1,5,8,61.0,14.4,67
1,42,1,5,8,18.0,1.8,42
2,53,1,7,2,25.0,2.4,53
7,57,1,4,3,47.0,9.1,57
2,66,1,6,7,47.0,3.4,66
7,90,1,9,7,81.0,11.9,90
9,99,1,8,1,99.0,9.9,99
2,49,1,8,7,28.0,3.4,49
7,88,1,5,6,77.0,11.200000000000001,88
4,54,0,4,8,37.0,7.2,54
2,58,1,4,4,35.0,2.8,58
7,48,1,6,1,38.0,7.700000000000001,48
5,43,1,6,4,31.0,7.0,43
1,54,1,5,1,29.0,1.1,54
5,90,1,5,4,77.0,7.0,90
3,87,0,5,8,70.0,5.4,87
7,47,0,7,6,37.0,11.200000000000001,47
6,88,0,4,6,75.0,9.600000000000001,88
8,92,0,5,0,83.0,8.0,92
5,40,1,4,8,24.0,9.0,40
2,46,0,9,5,23.0,3.0,46
9,92,0,8,6,90.0,14.4,92
8,70,1,8,1,64.0,8.8,70
6,57,0,4,0,41.0,6.0,57
7,51,0,9,3,44.0,9.1,51
9,87,1,8,8,84.0,16.2,87
7,69,1,8,8,65.0,12.6,69
3,72,0,8,2,54.0,3.5999999999999996,72
6,98,1,6,0,84.0,6.0,98
7,86,0,9,1,78.0,7.700000000000001,86
2,46,1,6,8,21.0,3.6,46
3,67,0,4,8,49.0,5.4,67
4,88,0,4,0,69.0,4.0,88
6,42,0,7,8,31.0,10.8,42
1,82,1,6,0,56.0,1.0,82
9,45,1,4,9,41.0,17.099999999999998,45
5,70,0,6,3,54.0,6.5,70
7,77,1,7,4,69.0,9.799999999999999,77
9,54,1,4,7,53.0,15.299999999999999,54
9,46,0,4,4,40.0,12.6,46
1,82,1,4,4,58.0,1.4,82
1,69,1,4,3,41.0,1.3,69
3,66,0,5,8,46.0,5.4,66
6,56,0,9,7,50.0,10.2,56
2,94,1,9,8,75.0,3.6,94
1,57,1,6,6,32.0,1.6,57
1,61,1,6,6,37.0,1.6,61
5,95,0,6,4,83.0,7.0,95
4,92,1,7,9,75.0,7.6,92
1,65,1,5,0,39.0,1.0,65
4,90,1,6,5,74.0,6.0,90
3,66,1,6,9,43.0,5.699999999999999,66
2,79,1,4,5,56.0,3.0,79
9,63,1,4,9,58.0,17.099999999999998,63
1,91,0,4,3,64.0,1.3,91
7,47,0,6,1,39.0,7.700000000000001,47
4,60,0,4,0,38.0,4.0,60
5,68,1,6,2,53.0,6.0,68
5,82,1,7,8,68.0,9.0,82
1,60,0,7,0,36.0,1.0,60
6,42,0,8,4,29.0,8.399999999999999,42
9,70,0,5,9,67.0,17.099999999999998,70
2,94,0,4,5,72.0,3.0,94
7,66,0,9,8,61.0,12.6,66
6,85,1,4,0,70.0,6.0,85
5,66,1,5,4,51.0,7.0,66
4,48,1,5,0,32.0,4.0,48
4,96,1,8,1,80.0,4.4,96
6,72,1,5,1,62.0,6.6000000000000005,72
4,72,0,6,4,59.0,5.6,72
5,65,0,4,9,50.0,9.5,65
6,67,1,5,3,57.0,7.800000000000001,67
5,83,0,6,5,70.0,7.5,83
7,82,1,5,4,70.0,9.799999999999999,82
9,70,1,9,1,69.0,9.9,70
7,92,0,6,8,87.0,12.6,92
7,40,1,7,9,29.0,13.299999999999999,40
4,59,1,6,7,42.0,6.8,59
1,51,1,8,8,27.0,1.8,51
8,56,0,6,5,49.0,12.0,56
4,54,0,5,4,35.0,5.6,54
1,73,1,7,4,46.0,1.4,73
5,89,1,7,1,76.0,5.5,89
8,55,0,6,3,47.0,10.4,55
4,43,0,5,1,22.0,4.4,43
8,47,0,7,1,36.0,8.8,47
8,73,0,9,7,66.0,13.6,73
3,85,1,6,3,68.0,3.9000000000000004,85
9,64,1,6,3,61.0,11.700000000000001,64
3,54,1,6,6,36.0,4.800000000000001,54
1,67,0,7,3,39.0,1.3,67
2,48,0,4,8,20.0,3.6,48
6,41,1,5,8,28.0,10.8,41
2,56,0,8,2,29.0,2.4,56
6,97,1,8,5,86.0,9.0,97
1,49,0,5,6,25.0,1.6,49
1,48,1,4,2,20.0,1.2,48
5,70,1,5,3,58.0,6.5,70
9,41,1,6,0,38.0,9.0,41
8,63,1,9,8,62.0,14.4,63
3,58,0,5,6,37.0,4.800000000000001,58
3,56,1,5,9,34.0,5.699999999999999,56
1,82,1,9,6,56.0,1.6,82
3,88,1,7,8,72.0,5.4,88
1,49,1,8,5,25.0,1.5,49
8,89,0,8,7,82.0,13.6,89
1,94,1,6,4,70.0,1.4,94
5,67,1,9,7,52.0,8.5,67
9,77,0,6,9,76.0,17.099999999999998,77
7,87,1,7,0,78.0,7.0,87
4,67,1,6,2,51.0,4.8,67
9,98,1,9,3,96.0,11.700000000000001,98
9,89,1,9,8,90.0,16.2,89
2,91,0,4,7,64.0,3.4,91
6,89,0,7,7,79.0,10.2,89
4,40,0,9,1,22.0,4.4,40
8,99,0,9,6,96.0,12.8,99
7,42,0,7,2,32.0,8.4,42
7,54,0,5,5,42.0,10.5,54
9,91,1,5,3,88.0,11.700000000000001,91
5,49,1,4,5,36.0,7.5,49
6,60,1,9,3,48.0,7.800000000000001,60
1,76,1,7,2,51.0,1.2,76
6,54,0,7,1,40.0,6.6000000000000005,54
2,62,1,5,3,34.0,2.6,62
6,53,1,8,9,43.0,11.399999999999999,53
9,54,0,8,1,59.0,9.9,54
8,49,1,9,6,42.0,12.8,49
9,95,1,5,0,93.0,9.0,95
8,48,0,9,0,37.0,8.0,48
3,83,1,6,4,63.0,4.199999999999999,83
8,78,1,7,6,70.0,12.8,78
6,44,0,9,0,33.0,6.0,44
6,64,1,4,3,50.0,7.800000000000001,64
6,95,1,8,4,84.0,8.399999999999999,95
3,81,1,9,1,60.0,3.3000000000000003,81
1,96,1,6,6,67.0,1.6,96
4,65,1,7,3,47.0,5.2,65
6,47,0,6,7,34.0,10.2,47
2,61,1,9,0,38.0,2.0,61
7,91,1,7,9,84.0,13.299999999999999,91
7,64,1,7,0,53.0,7.0,64
4,87,0,5,0,69.0,4.0,87
4,51,0,5,3,32.0,5.2,51
1,48,0,4,0,21.0,1.0,48
2,49,1,4,4,30.0,2.8,49
9,87,1,6,5,85.0,13.5,87
8,49,1,5,6,45.0,12.8,49
8,48,1,7,7,43.0,13.6,48
9,65,1,5,7,63.0,15.299999999999999,65
7,74,0,7,1,64.0,7.700000000000001,74
9,66,1,5,3,62.0,11.700000000000001,66
2,99,1,7,6,76.0,3.2,99
6,70,0,6,8,62.0,10.8,70
3,58,0,5,8,40.0,5.4,58
6,82,0,8,2,71.0,7.199999999999999,82
3,77,0,8,6,56.0,4.800000000000001,77
8,45,0,7,3,38.0,10.4,45
4,54,1,6,8,39.0,7.2,54
6,68,1,7,6,62.0,9.600000000000001,68
9,86,1,6,5,84.0,13.5,86
2,84,1,4,8,64.0,3.6,84
2,93,1,5,6,71.0,3.2,93
7,44,0,6,7,38.0,11.9,44
2,53,1,7,4,26.0,2.8,53
2,92,1,4,3,67.0,2.6,92
4,41,0,7,0,23.0,4.0,41
9,62,0,8,7,57.0,15.299999999999999,62
8,83,1,8,5,80.0,12.0,83
2,91,1,5,3,68.0,2.6,91
8,85,0,9,2,77.0,9.6,85
4,58,1,5,4,37.0,5.6,58
2,63,0,4,3,39.0,2.6,63
7,59,1,8,6,49.0,11.200000000000001,59
6,86,0,6,5,74.0,9.0,86
5,66,0,8,2,53.0,6.0,66
1,91,0,9,9,67.0,1.9,91
2,63,1,5,0,38.0,2.0,63
8,56,0,7,6,47.0,12.8,56
1,64,0,4,4,40.0,1.4,64
3,85,1,9,0,68.0,3.0,85
2,94,1,8,0,70.0,2.0,94
5,70,1,6,5,54.0,7.5,70
4,67,0,9,3,49.0,5.2,67
7,89,0,6,7,79.0,11.9,89
5,98,0,6,1,82.0,5.5,98
8,67,1,4,3,62.0,10.4,67
4,61,1,6,7,46.0,6.8,61
6,95,0,6,7,86.0,10.2,95
4,98,1,8,4,80.0,5.6,98
2,44,1,4,2,17.0,2.4,44
1,93,0,7,3,69.0,1.3,93
1,83,0,7,2,58.0,1.2,83
8,81,1,6,1,74.0,8.8,81
4,47,0,9,3,32.0,5.2,47
5,77,1,5,8,64.0,9.0,77
8,67,1,4,5,57.0,12.0,67
7,96,0,5,3,82.0,9.1,96
8,86,0,4,0,78.0,8.0,86
8,51,1,4,6,40.0,12.8,51
6,96,1,8,1,88.0,6.6000000000000005,96
2,64,0,6,5,42.0,3.0,64
6,77,1,8,9,67.0,11.399999999999999,77
1,83,1,9,0,56.0,1.0,83
1,54,1,5,6,26.0,1.6,54
3,83,1,5,3,56.0,3.9000000000000004,83
3,80,1,7,2,63.0,3.5999999999999996,80
5,90,0,9,9,78.0,9.5,90
1,92,1,9,6,68.0,1.6,92
6,73,1,8,2,66.0,7.199999999999999,73
7,99,0,8,7,90.0,11.9,99
3,84,0,9,3,65.0,3.9000000000000004,84
4,52,0,8,2,33.0,4.8,52
3,47,1,7,6,32.0,4.800000000000001,47
1,98,1,8,6,74.0,1.6,98
8,52,0,8,8,48.0,14.4,52
2,75,0,9,9,57.0,3.8,75
1,45,0,9,6,22.0,1.6,45
8,77,0,8,5,69.0,12.0,77
7,71,0,8,2,62.0,8.4,71
7,60,1,9,3,52.0,9.1,60
4,83,0,5,7,66.0,6.8,83
9,83,1,6,5,81.0,13.5,83
6,88,1,5,8,75.0,10.8,88
2,98,0,8,7,80.0,3.4,98
1,46,0,4,7,20.0,1.7,46
1,65,0,4,9,40.0,1.9,65
9,54,0,7,9,55.0,17.099999999999998,54
4,95,0,5,6,78.0,6.4,95
5,88,1,9,9,76.0,9.5,88
3,81,0,7,0,60.0,3.0,81
4,62,0,7,4,44.0,5.6,62
8,91,1,4,6,85.0,12.8,91
4,77,0,5,9,56.0,7.6,77
9,80,0,6,8,76.0,16.2,80
9,54,0,9,3,49.0,11.700000000000001,54
6,87,1,5,7,72.0,10.2,87
2,92,0,7,0,69.0,2.0,92
7,79,0,8,3,72.0,9.1,79
9,55,0,7,3,50.0,11.700000000000001,55
6,71,0,5,1,57.0,6.6000000000000005,71
3,76,1,4,2,56.0,3.5999999999999996,76
7,57,0,5,2,46.0,8.4,57
5,59,1,6,8,45.0,9.0,59
1,85,0,9,6,60.0,1.6,85
3,41,0,9,1,22.0,3.3000000000000003,41
5,94,0,8,8,81.0,9.0,94
7,62,1,8,7,54.0,11.9,62
3,69,0,7,5,48.0,4.5,69
6,42,0,5,5,28.0,9.0,42
5,85,1,9,1,73.0,5.5,85
1,78,0,4,2,52.0,1.2,78
6,86,0,6,5,74.0,9.0,86
8,88,0,7,2,84.0,9.6,88
1,40,0,5,6,13.0,1.6,40
2,80,1,4,4,57.0,2.8,80
4,61,1,5,3,42.0,5.2,61
2,68,1,4,7,47.0,3.4,68
9,53,0,5,1,48.0,9.9,53
8,87,0,5,2,81.0,9.6,87
8,67,0,9,9,63.0,15.2,67
4,60,0,7,3,43.0,5.2,60
5,84,1,5,9,71.0,9.5,84
4,71,0,5,5,49.0,6.0,71
9,45,1,7,4,43.0,12.6,45
2,93,0,7,4,69.0,2.8,93
8,40,0,8,6,34.0,12.8,40
2,60,1,8,7,37.0,3.4,60
1,96,0,9,5,74.0,1.5,96
3,43,1,7,2,21.0,3.5999999999999996,43
9,42,1,6,3,38.0,11.700000000000001,42
3,88,0,9,0,67.0,3.0,88
9,69,1,4,4,64.0,12.6,69
7,70,1,7,9,61.0,13.299999999999999,70
1,73,0,8,7,46.0,1.7,73
5,58,1,5,2,41.0,6.0,58
9,59,1,7,9,58.0,17.099999999999998,59
3,62,0,7,3,40.0,3.9000000000000004,62
9,93,1,8,3,92.0,11.700000000000001,93
5,98,0,8,5,86.0,7.5,98
9,79,1,6,8,77.0,16.2,79
6,64,0,9,9,52.0,11.399999999999999,64
9,54,0,8,2,47.0,10.799999999999999,54
7,77,0,8,3,70.0,9.1,77
7,62,0,8,5,57.0,10.5,62
8,91,0,9,5,90.0,12.0,91
7,41,1,5,6,32.0,11.200000000000001,41
9,96,0,7,0,93.0,9.0,96
9,96,0,7,8,94.0,16.2,96
6,54,1,8,1,42.0,6.6000000000000005,54
7,91,0,9,3,82.0,9.1,91
2,83,1,6,2,58.0,2.4,83
9,74,1,8,2,68.0,10.799999999999999,74
1,49,0,9,4,25.0,1.4,49
1,53,1,9,6,30.0,1.6,53
3,66,1,6,6,46.0,4.800000000000001,66
6,93,1,9,6,86.0,9.600000000000001,93
5,53,0,7,2,42.0,6.0,53
2,74,1,6,8,49.0,3.6,74
9,72,0,6,5,70.0,13.5,72
4,91,0,4,9,74.0,7.6,91
4,40,1,6,7,26.0,6.8,40
5,73,0,6,0,56.0,5.0,73
8,58,1,5,3,54.0,10.4,58
4,63,1,7,6,48.0,6.4,63
5,81,0,8,8,70.0,9.0,81
4,43,0,4,2,22.0,4.8,43
6,75,0,6,5,62.0,9.0,75
3,52,1,5,7,33.0,5.1,52
8,97,1,5,2,93.0,9.6,97
6,71,1,9,5,62.0,9.0,71
5,48,0,8,8,31.0,9.0,48
2,78,1,8,8,60.0,3.6,78
7,55,1,7,5,50.0,10.5,55
2,89,1,9,4,67.0,2.8,89
1,42,1,6,0,17.0,1.0,42
7,91,0,5,2,82.0,8.4,91
5,59,1,4,2,41.0,6.0,59
1,49,0,7,3,24.0,1.3,49
4,95,1,6,4,78.0,5.6,95
4,97,1,9,7,80.0,6.8,97
7,97,1,8,8,93.0,12.6,97
9,61,0,9,6,64.0,14.4,61
2,87,0,6,9,60.0,3.8,87
1,42,0,9,5,18.0,1.5,42
2,50,1,8,2,28.0,2.4,50
7,64,1,6,8,54.0,12.6,64
6,81,0,4,9,71.0,11.399999999999999,81
4,87,1,7,0,68.0,4.0,87
1,47,1,9,8,23.0,1.8,47
1,48,0,8,2,20.0,1.2,48
5,54,1,4,8,37.0,9.0,54
1,71,1,5,9,47.0,1.9,71
7,92,1,4,0,81.0,7.0,92
1,42,0,4,7,18.0,1.7,42
1,43,1,4,5,16.0,1.5,43
2,69,0,8,8,49.0,3.6,69
3,52,1,5,3,33.0,3.9000000000000004,52
1,83,0,7,4,60.0,1.4,83
9,60,0,4,5,55.0,13.5,60
8,80,0,8,8,75.0,14.4,80
5,96,0,8,5,81.0,7.5,96
2,85,1,7,8,64.0,3.6,85
5,58,0,6,1,41.0,5.5,58
6,78,1,5,3,68.0,7.800000000000001,78
1,87,1,5,2,59.0,1.2,87
4,61,0,9,3,44.0,5.2,61
9,59,1,4,0,55.0,9.0,59
2,76,1,6,1,54.0,2.2,76
5,70,1,5,3,53.0,6.5,70
1,49,1,9,9,24.0,1.9,49
4,57,0,4,3,37.0,5.2,57
4,82,1,6,4,65.0,5.6,82
6,78,1,8,8,69.0,10.8,78
9,85,1,4,0,82.0,9.0,85
3,59,1,6,7,39.0,5.1,59
9,57,1,7,2,54.0,10.799999999999999,57
6,50,0,5,8,36.0,10.8,50
7,61,1,4,7,55.0,11.9,61
2,98,0,9,7,78.0,3.4,98
6,83,1,8,8,73.0,10.8,83
6,57,0,9,3,49.0,7.800000000000001,57
2,97,1,4,4,74.0,2.8,97
2,73,1,5,6,51.0,3.2,73
2,62,0,5,1,37.0,2.2,62
1,40,0,6,6,16.0,1.6,40
5,94,0,9,2,84.0,6.0,94
8,49,1,9,5,47.0,12.0,49
2,92,0,8,5,70.0,3.0,92
5,40,0,6,5,28.0,7.5,40
8,77,0,8,9,72.0,15.2,77
5,78,1,4,1,60.0,5.5,78
2,88,1,4,8,67.0,3.6,88
3,48,1,9,7,33.0,5.1,48
6,70,0,6,6,58.0,9.600000000000001,70
5,46,1,7,8,36.0,9.0,46
4,56,1,5,3,35.0,5.2,56
4,74,1,6,1,56.0,4.4,74
5,87,1,6,3,71.0,6.5,87
2,76,0,4,9,51.0,3.8,76
9,91,1,5,2,88.0,10.799999999999999,91
2,57,0,6,1,36.0,2.2,57
2,72,0,4,1,50.0,2.2,72
9,43,0,4,7,42.0,15.299999999999999,43
3,62,0,9,4,44.0,4.199999999999999,62
7,50,0,9,5,42.0,10.5,50
4,91,0,6,7,75.0,6.8,91
6,48,1,6,6,34.0,9.600000000000001,48
4,69,0,4,6,54.0,6.4,69
7,47,1,9,6,36.0,11.200000000000001,47
1,79,0,6,6,53.0,1.6,79
3,44,1,5,7,24.0,5.1,44
3,51,0,4,0,30.0,3.0,51
1,40,1,4,2,13.0,1.2,40
6,54,1,6,0,43.0,6.0,54
9,64,0,6,7,56.0,15.299999999999999,64
8,57,0,6,1,50.0,8.8,57
7,77,0,5,6,67.0,11.200000000000001,77
8,81,0,4,5,74.0,12.0,81
6,85,1,7,0,73.0,6.0,85
9,92,1,5,5,90.0,13.5,92
3,65,0,5,8,42.0,5.4,65
9,79,0,9,2,77.0,10.799999999999999,79
4,98,1,4,6,84.0,6.4,98
7,42,0,7,3,37.0,9.1,42
9,93,1,4,0,91.0,9.0,93
2,61,0,5,6,34.0,3.2,61
2,65,0,6,0,40.0,2.0,65
9,58,1,4,3,53.0,11.700000000000001,58
3,83,1,4,8,63.0,5.4,83
9,83,0,6,4,82.0,12.6,83
5,86,1,7,6,73.0,8.0,86
6,99,0,7,6,86.0,9.600000000000001,99
2,78,1,4,2,56.0,2.4,78
8,98,0,6,7,94.0,13.6,98
9,75,0,9,0,74.0,9.0,75
2,60,0,4,3,37.0,2.6,60
6,80,1,6,9,69.0,11.399999999999999,80
6,93,1,5,3,79.0,7.800000000000001,93
8,87,1,9,1,83.0,8.8,87
5,65,1,6,5,50.0,7.5,65
9,52,0,4,0,47.0,9.0,52
1,75,1,8,2,53.0,1.2,75
9,63,1,7,8,62.0,16.2,63
7,80,1,4,9,75.0,13.299999999999999,80
4,65,0,6,5,48.0,6.0,65
3,60,1,9,1,40.0,3.3000000000000003,60
6,57,1,9,8,45.0,10.8,57
1,54,0,6,1,27.0,1.1,54
3,54,0,7,6,32.0,4.800000000000001,54
2,45,0,4,0,20.0,2.0,45
9,82,0,9,4,80.0,12.6,82
3,70,0,9,6,51.0,4.800000000000001,70
2,67,0,8,2,44.0,2.4,67
4,47,0,5,3,29.0,5.2,47
2,68,1,8,4,46.0,2.8,68
1,60,0,5,2,37.0,1.2,60
6,56,0,9,5,44.0,9.0,56
8,95,0,5,2,90.0,9.6,95
2,96,0,4,7,75.0,3.4,96
9,88,0,9,6,84.0,14.4,88
3,63,1,9,0,44.0,3.0,63
8,97,1,5,1,91.0,8.8,97
8,99,1,6,3,94.0,10.4,99
3,89,1,5,4,69.0,4.199999999999999,89
3,75,1,5,9,57.0,5.699999999999999,75
6,70,1,7,3,55.0,7.800000000000001,70
1,86,1,7,3,61.0,1.3,86
4,73,0,4,8,54.0,7.2,73
1,41,0,4,3,12.0,1.3,41
3,81,0,6,3,62.0,3.9000000000000004,81
9,42,0,7,3,40.0,11.700000000000001,42
5,69,0,8,1,57.0,5.5,69
5,47,0,4,7,33.0,8.5,47
4,91,1,4,3,71.0,5.2,91
3,46,0,7,4,26.0,4.199999999999999,46
5,51,0,7,7,39.0,8.5,51
4,97,0,6,3,74.0,5.2,97
8,58,1,7,4,56.0,11.2,58
4,65,1,5,4,45.0,5.6,65
8,67,1,9,5,61.0,12.0,67
6,54,0,8,6,45.0,9.600000000000001,54
5,53,0,9,2,43.0,6.0,53
4,87,0,5,9,68.0,7.6,87
4,98,1,5,2,79.0,4.8,98
4,53,1,9,8,40.0,7.2,53
9,42,0,5,0,37.0,9.0,42
4,89,1,4,9,72.0,7.6,89
9,68,0,9,7,67.0,15.299999999999999,68
6,99,1,5,9,93.0,11.399999999999999,99
7,93,1,4,2,85.0,8.4,93
3,45,1,7,4,26.0,4.199999999999999,45
8,88,0,8,2,84.0,9.6,88
3,62,1,8,9,45.0,5.699999999999999,62
1,67,0,5,0,41.0,1.0,67
5,53,0,8,9,39.0,9.5,53
2,53,0,4,4,28.0,2.8,53
6,59,1,7,7,48.0,10.2,59
9,52,1,5,4,46.0,12.6,52
1,66,1,6,3,38.0,1.3,66
4,99,0,9,8,87.0,7.2,99
1,74,1,8,0,50.0,1.0,74
1,84,1,8,4,63.0,1.4,84
8,95,0,5,0,89.0,8.0,95
2,41,0,9,5,19.0,3.0,41
1,80,0,9,9,56.0,1.9,80
8,84,1,8,8,82.0,14.4,84
4,79,1,8,1,60.0,4.4,79
3,87,0,6,3,67.0,3.9000000000000004,87
4,63,1,9,7,50.0,6.8,63
5,68,0,4,2,52.0,6.0,68
1,42,1,5,6,17.0,1.6,42
1,84,0,5,6,61.0,1.6,84
3,43,1,6,1,22.0,3.3000000000000003,43
6,89,0,6,9,79.0,11.399999999999999,89
1,41,0,4,3,15.0,1.3,41
2,59,0,7,0,34.0,2.0,59
7,93,1,5,7,83.0,11.9,93
1,92,1,9,9,71.0,1.9,92
7,54,1,8,9,47.0,13.299999999999999,54
4,88,0,4,8,70.0,7.2,88
6,71,0,5,0,58.0,6.0,71
8,81,0,9,6,74.0,12.8,81
9,40,0,4,0,34.0,9.0,40
6,77,0,7,0,66.0,6.0,77
9,74,0,9,8,73.0,16.2,74
4,90,0,5,9,72.0,7.6,90
6,46,0,8,9,34.0,11.399999999999999,46
8,84,0,9,5,80.0,12.0,84
9,52,1,5,0,49.0,9.0,52
3,88,0,4,6,69.0,4.800000000000001,88
2,40,1,7,2,16.0,2.4,40
6,53,0,9,9,46.0,11.399999999999999,53
4,68,1,4,3,50.0,5.2,68
1,97,0,4,3,67.0,1.3,97
8,42,1,6,7,37.0,13.6,42
9,85,0,4,0,78.0,9.0,85
9,63,0,9,7,62.0,15.299999999999999,63
2,40,0,7,8,18.0,3.6,40
9,87,1,8,6,83.0,14.4,87
7,49,0,6,0,42.0,7.0,49
5,52,1,4,6,36.0,8.0,52
7,75,1,9,5,64.0,10.5,75
9,48,1,5,4,47.0,12.6,48
8,53,1,6,4,48.0,11.2,53
6,75,1,7,0,63.0,6.0,75
4,49,0,5,5,31.0,6.0,49
1,79,1,7,3,54.0,1.3,79
6,62,1,5,0,46.0,6.0,62
3,74,1,8,7,53.0,5.1,74
6,94,1,7,7,86.0,10.2,94
6,46,0,5,3,34.0,7.800000000000001,46
4,81,0,7,6,66.0,6.4,81
2,74,0,6,2,53.0,2.4,74
9,41,1,7,7,32.0,15.299999999999999,41
2,54,1,9,6,32.0,3.2,54
3,48,1,7,4,26.0,4.199999999999999,48
1,86,0,5,4,59.0,1.4,86
7,56,1,7,8,45.0,12.6,56
1,78,0,8,5,54.0,1.5,78
9,91,1,4,5,89.0,13.5,91
1,57,1,6,1,35.0,1.1,57
5,54,0,9,4,40.0,7.0,54
7,57,1,5,3,49.0,9.1,57
3,63,0,7,9,46.0,5.699999999999999,63
9,62,1,7,2,63.0,10.799999999999999,62
8,51,0,7,8,43.0,14.4,51
3,62,1,6,6,44.0,4.800000000000001,62
5,60,1,9,3,48.0,6.5,60
7,65,1,4,8,53.0,12.6,65
4,47,1,8,8,32.0,7.2,47
5,69,1,9,6,58.0,8.0,69
3,73,0,8,4,50.0,4.199999999999999,73
9,41,0,9,8,39.0,16.2,41
9,44,1,5,6,41.0,14.4,44
7,70,0,4,8,61.0,12.6,70
2,72,0,4,2,49.0,2.4,72
7,93,0,6,8,84.0,12.6,93
7,43,0,9,0,32.0,7.0,43
5,45,1,7,4,32.0,7.0,45
9,62,0,4,1,60.0,9.9,62
3,84,0,9,0,67.0,3.0,84
4,58,1,7,2,46.0,4.8,58
1,82,1,6,6,56.0,1.6,82
6,84,1,9,2,74.0,7.199999999999999,84
4,47,1,9,9,28.0,7.6,47
1,78,1,5,9,52.0,1.9,78
2,52,1,9,8,28.0,3.6,52
3,40,1,5,2,18.0,3.5999999999999996,40
9,45,1,7,5,45.0,13.5,45
8,46,0,7,1,41.0,8.8,46
7,87,1,4,7,78.0,11.9,87
4,66,0,6,9,48.0,7.6,66
1,54,1,5,4,26.0,1.4,54
8,91,1,4,1,86.0,8.8,91
4,73,0,8,6,56.0,6.4,73
3,97,1,4,2,77.0,3.5999999999999996,97
9,96,1,7,4,95.0,12.6,96
4,62,0,8,8,47.0,7.2,62
4,87,0,4,0,62.0,4.0,87
9,88,0,9,1,87.0,9.9,88
2,63,0,6,4,40.0,2.8,63
5,54,0,5,3,35.0,6.5,54
4,74,0,9,0,60.0,4.0,74
9,43,1,8,6,41.0,14.4,43
5,83,1,6,8,67.0,9.0,83
9,76,1,4,0,70.0,9.0,76
9,56,1,9,7,55.0,15.299999999999999,56
2,70,1,7,8,54.0,3.6,70
9,77,0,7,1,72.0,9.9,77
3,49,0,6,0,26.0,3.0,49
4,93,1,7,5,77.0,6.0,93
1,89,0,5,6,67.0,1.6,89
1,66,1,6,1,39.0,1.1,66
1,81,0,6,4,54.0,1.4,81
9,45,1,7,4,43.0,12.6,45
8,95,1,6,6,89.0,12.8,95
5,45,1,4,0,28.0,5.0,45
5,91,0,8,9,80.0,9.5,91
9,54,0,9,7,51.0,15.299999999999999,54
3,43,1,8,4,23.0,4.199999999999999,43
3,96,0,9,2,79.0,3.5999999999999996,96
7,87,1,7,8,77.0,12.6,87
9,93,1,5,2,89.0,10.799999999999999,93
6,95,0,5,6,80.0,9.600000000000001,95
2,79,1,7,9,57.0,3.8,79
1,46,1,7,6,20.0,1.6,46
2,90,1,6,9,68.0,3.8,90
1,97,0,5,7,71.0,1.7,97
9,88,1,8,9,88.0,17.099999999999998,88
8,92,1,7,7,85.0,13.6,92
7,84,1,8,3,77.0,9.1,84
3,86,1,9,0,66.0,3.0,86
8,65,0,8,3,61.0,10.4,65
2,97,1,5,5,74.0,3.0,97
2,70,1,9,9,48.0,3.8,70
3,41,0,8,5,18.0,4.5,41
7,67,0,6,5,59.0,10.5,67
1,81,0,6,6,55.0,1.6,81
8,52,0,5,0,47.0,8.0,52
7,57,0,6,9,52.0,13.299999999999999,57
4,69,0,7,0,50.0,4.0,69
5,94,1,9,6,77.0,8.0,94
1,50,1,5,3,25.0,1.3,50
4,52,0,9,5,35.0,6.0,52
1,90,1,8,5,65.0,1.5,90
1,63,0,7,8,40.0,1.8,63
1,96,1,5,1,70.0,1.1,96
7,68,0,8,3,61.0,9.1,68
7,95,0,8,3,89.0,9.1,95
4,93,1,8,6,77.0,6.4,93
2,44,0,8,0,22.0,2.0,44
3,74,1,8,4,55.0,4.199999999999999,74
8,58,0,5,3,52.0,10.4,58
8,94,0,6,1,88.0,8.8,94
6,52,1,8,4,44.0,8.399999999999999,52
9,44,0,7,8,39.0,16.2,44
9,83,1,5,7,80.0,15.299999999999999,83
4,53,1,4,8,35.0,7.2,53
1,77,1,6,6,52.0,1.6,77
1,61,1,7,9,34.0,1.9,61
5,48,1,8,6,33.0,8.0,48
2,88,0,5,1,64.0,2.2,88
6,79,0,5,2,65.0,7.199999999999999,79
7,65,1,8,9,55.0,13.299999999999999,65
1,84,0,7,7,58.0,1.7,84
6,44,1,5,1,29.0,6.6000000000000005,44
8,68,0,9,6,65.0,12.8,68
5,93,1,6,5,80.0,7.5,93
7,61,0,7,9,55.0,13.299999999999999,61
6,88,1,8,3,78.0,7.800000000000001,88
4,42,0,7,3,22.0,5.2,42
7,67,1,9,2,53.0,8.4,67
9,77,1,7,5,77.0,13.5,77
7,53,0,4,2,41.0,8.4,53
5,86,1,8,8,69.0,9.0,86
7,53,1,6,3,47.0,9.1,53
3,82,0,8,3,64.0,3.9000000000000004,82
2,50,0,4,1,28.0,2.2,50
5,48,1,8,1,35.0,5.5,48
4,77,1,8,6,63.0,6.4,77
5,86,1,6,4,71.0,7.0,86
8,83,1,4,2,78.0,9.6,83
4,45,0,8,5,32.0,6.0,45
9,40,1,9,5,40.0,13.5,40
7,64,1,8,0,55.0,7.0,64
7,55,0,5,2,42.0,8.4,55
8,91,0,8,4,88.0,11.2,91
6,54,1,6,6,43.0,9.600000000000001,54
8,73,0,5,3,66.0,10.4,73
3,56,0,9,7,33.0,5.1,56
1,42,0,9,2,12.0,1.2,42
6,42,1,9,5,32.0,9.0,42
1,76,1,4,5,48.0,1.5,76
9,56,1,9,8,56.0,16.2,56
2,94,0,7,3,73.0,2.6,94
2,88,1,6,6,65.0,3.2,88
7,91,1,4,9,83.0,13.299999999999999,91
2,77,1,5,0,53.0,2.0,77
8,40,0,7,0,39.0,8.0,40
6,46,1,4,1,32.0,6.6000000000000005,46
7,65,1,6,3,55.0,9.1,65
7,86,1,5,5,76.0,10.5,86
6,78,1,6,3,69.0,7.800000000000001,78
9,58,0,6,5,54.0,13.5,58
9,91,1,5,1,89.0,9.9,91
7,93,1,9,8,87.0,12.6,93
9,69,0,8,2,66.0,10.799999999999999,69
3,82,0,6,6,65.0,4.800000000000001,82
3,94,0,9,0,71.0,3.0,94
1,53,0,5,7,27.0,1.7,53
5,52,0,6,3,38.0,6.5,52
4,59,1,8,4,43.0,5.6,59
2,65,0,5,6,38.0,3.2,65
9,66,0,4,2,59.0,10.799999999999999,66
3,64,0,4,8,44.0,5.4,64
8,48,1,9,8,39.0,14.4,48
6,80,1,4,7,67.0,10.2,80
5,87,1,7,0,70.0,5.0,87
1,51,0,6,1,24.0,1.1,51
4,49,1,6,1,31.0,4.4,49
3,45,0,5,2,24.0,3.5999999999999996,45
1,89,0,7,1,61.0,1.1,89
5,73,1,6,0,59.0,5.0,73
6,98,1,5,4,87.0,8.399999999999999,98
2,91,1,8,5,68.0,3.0,91
3,80,0,6,6,62.0,4.800000000000001,80
6,58,1,9,9,50.0,11.399999999999999,58
4,45,1,6,6,27.0,6.4,45
9,41,1,8,1,36.0,9.9,41
5,54,1,8,6,43.0,8.0,54
4,56,1,6,1,35.0,4.4,56
2,55,0,8,1,29.0,2.2,55
6,67,0,5,5,56.0,9.0,67
2,60,1,6,5,41.0,3.0,60
7,47,0,6,7,37.0,11.9,47
3,49,0,4,4,26.0,4.199999999999999,49
9,49,0,9,4,46.0,12.6,49
5,89,1,6,9,75.0,9.5,89
8,49,0,4,0,40.0,8.0,49
6,48,1,8,3,36.0,7.800000000000001,48
8,67,0,9,0,62.0,8.0,67
3,63,1,9,9,47.0,5.699999999999999,63
3,58,0,8,4,39.0,4.199999999999999,58
5,72,0,5,7,57.0,8.5,72
3,43,1,4,0,20.0,3.0,43
8,95,1,6,2,87.0,9.6,95
8,42,0,4,0,31.0,8.0,42
2,81,1,8,5,57.0,3.0,81
4,51,1,8,9,37.0,7.6,51
1,57,1,5,0,29.0,1.0,57
4,62,1,9,9,48.0,7.6,62
4,59,0,9,2,41.0,4.8,59
9,45,1,8,4,43.0,12.6,45
3,92,0,4,4,70.0,4.199999999999999,92
2,73,0,9,1,54.0,2.2,73
9,81,1,6,2,77.0,10.799999999999999,81
9,41,1,6,8,40.0,16.2,41
1,69,1,4,0,39.0,1.0,69
6,48,1,5,0,38.0,6.0,48
8,66,0,6,1,61.0,8.8,66
3,81,0,4,7,59.0,5.1,81
9,73,1,4,5,68.0,13.5,73
2,79,0,8,3,59.0,2.6,79
6,63,1,9,6,55.0,9.600000000000001,63
1,88,0,8,5,63.0,1.5,88
7,56,0,9,8,47.0,12.6,56
3,68,0,5,5,49.0,4.5,68
7,75,1,5,1,64.0,7.700000000000001,75
4,89,1,5,2,72.0,4.8,89
9,51,0,4,8,46.0,16.2,51
5,70,1,4,6,55.0,8.0,70
3,88,1,8,5,73.0,4.5,88
8,48,0,6,4,41.0,11.2,48
6,58,1,9,2,50.0,7.199999999999999,58
2,85,1,9,3,61.0,2.6,85
3,85,0,5,0,60.0,3.0,85
8,56,0,9,4,52.0,11.2,56
7,41,0,7,6,31.0,11.200000000000001,41
6,79,0,5,1,66.0,6.6000000000000005,79
1,44,1,9,7,16.0,1.7,44
9,98,1,8,9,93.0,17.099999999999998,98
3,78,0,9,5,59.0,4.5,78
5,93,0,4,9,78.0,9.5,93
7,87,1,8,2,79.0,8.4,87
7,55,1,8,1,50.0,7.700000000000001,55
3,56,1,8,7,38.0,5.1,56
4,93,0,7,3,80.0,5.2,93
7,66,0,7,6,58.0,11.200000000000001,66
8,46,0,9,6,44.0,12.8,46
2,91,0,5,9,70.0,3.8,91
9,47,1,9,8,45.0,16.2,47
7,47,0,9,9,40.0,13.299999999999999,47
8,62,0,9,7,57.0,13.6,62
6,71,1,4,7,61.0,10.2,71
6,82,0,8,6,72.0,9.600000000000001,82
9,86,1,6,9,83.0,17.099999999999998,86
4,57,0,5,4,36.0,5.6,57
5,77,1,5,8,61.0,9.0,77
9,93,1,8,6,90.0,14.4,93
1,51,1,5,2,22.0,1.2,51
4,54,0,8,5,35.0,6.0,54
7,67,0,5,2,59.0,8.4,67
9,94,0,9,5,89.0,13.5,94
6,77,0,4,7,66.0,10.2,77
8,89,0,5,8,88.0,14.4,89
9,95,0,5,1,91.0,9.9,95
4,70,1,6,5,53.0,6.0,70
1,91,0,4,2,64.0,1.2,91
8,48,0,9,6,40.0,12.8,48
2,47,1,4,3,24.0,2.6,47
1,85,1,4,4,59.0,1.4,85
7,58,0,5,9,49.0,13.299999999999999,58
9,90,1,7,5,85.0,13.5,90
9,47,0,5,7,47.0,15.299999999999999,47
3,73,1,8,1,54.0,3.3000000000000003,73
6,96,0,6,3,82.0,7.800000000000001,96
7,43,1,4,3,31.0,9.1,43
9,70,1,8,5,67.0,13.5,70
2,77,0,9,3,58.0,2.6,77
8,42,0,8,4,36.0,11.2,42
7,74,1,7,4,66.0,9.799999999999999,74
4,58,1,4,7,39.0,6.8,58
2,82,1,5,3,61.0,2.6,82
8,68,1,4,5,64.0,12.0,68
5,49,0,6,6,31.0,8.0,49
6,51,1,4,7,39.0,10.2,51
7,85,1,8,8,78.0,12.6,85
1,69,0,8,9,43.0,1.9,69
8,69,0,5,7,62.0,13.6,69
4,99,0,5,3,80.0,5.2,99
9,57,0,5,3,51.0,11.700000000000001,57
1,63,0,9,9,40.0,1.9,63
2,71,0,6,4,48.0,2.8,71
6,48,1,9,2,38.0,7.199999999999999,48
1,86,1,9,1,61.0,1.1,86
4,63,1,9,1,42.0,4.4,63
8,65,0,4,8,57.0,14.4,65
5,42,0,7,7,26.0,8.5,42
9,62,1,4,5,58.0,13.5,62
6,50,1,5,8,40.0,10.8,50
1,49,0,6,4,26.0,1.4,49
6,89,0,9,9,78.0,11.399999999999999,89
6,75,1,4,0,62.0,6.0,75
6,99,1,8,7,90.0,10.2,99
8,52,1,9,2,50.0,9.6,52
6,68,1,4,8,57.0,10.8,68
5,77,1,8,0,62.0,5.0,77
2,98,0,4,2,74.0,2.4,98
4,92,1,4,0,74.0,4.0,92
5,52,1,9,0,40.0,5.0,52
4,96,0,4,5,81.0,6.0,96
2,65,1,5,3,45.0,2.6,65
7,59,0,8,9,50.0,13.299999999999999,59
2,44,0,6,3,17.0,2.6,44
1,59,1,7,4,31.0,1.4,59
5,53,1,9,2,40.0,6.0,53
1,84,0,8,1,61.0,1.1,84
1,53,0,5,9,26.0,1.9,53
1,47,0,8,7,20.0,1.7,47
6,87,1,6,6,73.0,9.600000000000001,87
9,52,1,9,9,55.0,17.099999999999998,52
1,63,1,8,3,37.0,1.3,63
5,54,1,5,1,35.0,5.5,54
9,90,1,9,8,90.0,16.2,90
9,40,0,5,7,36.0,15.299999999999999,40
1,61,1,9,3,38.0,1.3,61
8,73,1,7,4,65.0,11.2,73
1,89,0,6,9,66.0,1.9,89
8,90,1,7,5,88.0,12.0,90
1,79,1,4,3,53.0,1.3,79
5,42,1,5,1,27.0,5.5,42
8,94,0,7,4,90.0,11.2,94
6,65,0,5,0,50.0,6.0,65
9,53,1,9,6,49.0,14.4,53
1,97,1,5,8,71.0,1.8,97
9,80,1,4,2,72.0,10.799999999999999,80
1,47,0,5,5,21.0,1.5,47
3,88,0,9,8,73.0,5.4,88
1,94,1,9,3,68.0,1.3,94
3,94,1,7,5,74.0,4.5,94
2,95,1,6,2,72.0,2.4,95
2,55,1,8,8,38.0,3.6,55
9,81,0,7,6,78.0,14.4,81
8,60,0,4,6,55.0,12.8,60
1,49,1,8,3,24.0,1.3,49
4,96,0,5,5,72.0,6.0,96
1,64,0,7,7,38.0,1.7,64
1,95,1,8,5,73.0,1.5,95
4,77,1,7,5,60.0,6.0,77
2,61,1,5,3,38.0,2.6,61
3,88,1,9,7,74.0,5.1,88
9,87,0,7,9,86.0,17.099999999999998,87
2,86,1,4,7,62.0,3.4,86
4,93,1,8,8,80.0,7.2,93
1,85,1,8,5,62.0,1.5,85
2,43,1,8,1,22.0,2.2,43
5,43,0,7,3,28.0,6.5,43
1,69,1,5,3,41.0,1.3,69
7,41,1,7,7,34.0,11.9,41
4,68,0,7,4,52.0,5.6,68
6,82,1,9,3,71.0,7.800000000000001,82
8,75,1,8,7,68.0,13.6,75
6,60,1,5,2,47.0,7.199999999999999,60
2,99,0,6,1,73.0,2.2,99
1,60,1,5,3,33.0,1.3,60
8,87,1,7,0,83.0,8.0,87
8,60,1,4,0,48.0,8.0,60
9,43,0,5,4,39.0,12.6,43
6,40,1,8,0,29.0,6.0,40
1,65,1,4,3,36.0,1.3,65
9,95,1,6,7,94.0,15.299999999999999,95
3,90,0,6,7,73.0,5.1,90
6,41,0,4,1,28.0,6.6000000000000005,41
9,48,1,6,2,49.0,10.799999999999999,48
3,94,1,4,2,73.0,3.5999999999999996,94
5,96,0,7,0,83.0,5.0,96
5,84,1,4,2,73.0,6.0,84
7,57,0,7,7,50.0,11.9,57
4,87,0,8,5,74.0,6.0,87
4,87,0,8,4,71.0,5.6,87
7,96,1,6,9,92.0,13.299999999999999,96
9,81,0,9,8,78.0,16.2,81
4,80,0,9,6,64.0,6.4,80
4,50,1,4,5,37.0,6.0,50
6,64,1,7,4,49.0,8.399999999999999,64
6,65,1,8,4,53.0,8.399999999999999,65
7,97,0,8,9,95.0,13.299999999999999,97
1,75,0,8,8,50.0,1.8,75
3,81,1,6,9,62.0,5.699999999999999,81
9,74,0,8,5,74.0,13.5,74
6,77,1,9,3,70.0,7.800000000000001,77
6,42,1,5,3,29.0,7.800000000000001,42
5,98,1,6,3,81.0,6.5,98
3,80,1,4,5,58.0,4.5,80
5,74,1,5,0,57.0,5.0,74
1,89,0,6,8,61.0,1.8,89
3,79,0,6,1,56.0,3.3000000000000003,79
4,61,1,7,1,44.0,4.4,61
5,47,0,5,4,30.0,7.0,47
9,54,0,5,3,53.0,11.700000000000001,54
4,84,1,9,2,67.0,4.8,84
3,46,0,5,4,21.0,4.199999999999999,46
1,58,0,8,6,35.0,1.6,58
6,79,1,9,9,77.0,11.399999999999999,79
7,81,0,8,1,72.0,7.700000000000001,81
8,56,0,9,5,52.0,12.0,56
1,40,0,4,3,15.0,1.3,40
4,84,0,9,1,67.0,4.4,84
5,68,0,4,0,55.0,5.0,68
2,97,1,9,7,73.0,3.4,97
1,52,1,4,4,25.0,1.4,52
8,95,1,8,9,90.0,15.2,95
6,87,1,9,1,74.0,6.6000000000000005,87
5,68,1,7,7,53.0,8.5,68
9,80,0,9,2,79.0,10.799999999999999,80
2,81,0,4,6,59.0,3.2,81
8,45,1,6,1,40.0,8.8,45
9,44,1,8,6,39.0,14.4,44
1,73,1,7,3,49.0,1.3,73
7,50,0,6,9,41.0,13.299999999999999,50
8,48,0,6,0,39.0,8.0,48
3,77,0,8,4,57.0,4.199999999999999,77
4,79,0,9,3,66.0,5.2,79
3,80,0,5,7,59.0,5.1,80
7,48,0,7,0,40.0,7.0,48
9,47,1,9,1,47.0,9.9,47
3,83,0,8,4,65.0,4.199999999999999,83
6,97,1,5,9,86.0,11.399999999999999,97
8,79,1,8,9,75.0,15.2,79
6,42,0,8,1,30.0,6.6000000000000005,42
2,52,0,6,0,26.0,2.0,52
7,58,0,9,5,49.0,10.5,58
2,73,0,8,9,52.0,3.8,73
2,71,0,9,3,47.0,2.6,71
2,88,0,5,4,64.0,2.8,88
1,55,0,6,2,28.0,1.2,55
1,75,0,5,9,48.0,1.9,75
7,57,1,5,5,47.0,10.5,57
5,53,1,6,3,37.0,6.5,53
3,69,0,9,5,54.0,4.5,69
1,41,1,5,4,18.0,1.4,41
6,52,0,4,1,37.0,6.6000000000000005,52
1,66,1,9,3,41.0,1.3,66
9,98,1,8,1,96.0,9.9,98
2,92,0,6,4,69.0,2.8,92
1,91,0,6,2,64.0,1.2,91
7,56,0,9,5,48.0,10.5,56
6,70,1,4,4,59.0,8.399999999999999,70
6,54,1,4,1,39.0,6.6000000000000005,54
5,96,0,4,9,80.0,9.5,96
4,59,1,4,7,38.0,6.8,59
4,44,0,7,5,26.0,6.0,44
3,46,1,6,8,27.0,5.4,46
8,57,0,5,2,50.0,9.6,57
7,95,1,6,3,89.0,9.1,95
9,50,0,6,7,45.0,15.299999999999999,50
1,71,0,6,6,42.0,1.6,71
7,89,0,4,7,80.0,11.9,89
4,66,1,4,8,48.0,7.2,66
7,65,0,7,7,59.0,11.9,65
1,76,1,9,7,53.0,1.7,76
5,84,0,6,5,72.0,7.5,84
3,67,0,8,1,46.0,3.3000000000000003,67
5,89,0,9,6,75.0,8.0,89
4,41,1,7,3,25.0,5.2,41
2,59,1,4,2,36.0,2.4,59
4,43,1,6,3,24.0,5.2,43
3,52,0,4,3,31.0,3.9000000000000004,52
1,63,1,9,2,39.0,1.2,63
8,87,0,5,8,81.0,14.4,87
5,77,0,4,2,63.0,6.0,77
4,97,0,4,1,81.0,4.4,97
5,79,0,7,0,63.0,5.0,79
4,87,0,5,0,69.0,4.0,87
3,84,1,9,4,66.0,4.199999999999999,84
5,94,1,8,4,80.0,7.0,94
4,68,0,8,8,52.0,7.2,68
1,97,0,8,3,68.0,1.3,97
3,75,1,6,4,57.0,4.199999999999999,75
8,41,0,8,5,37.0,12.0,41
7,80,0,6,9,68.0,13.299999999999999,80
2,57,0,9,6,35.0,3.2,57
1,88,0,9,8,65.0,1.8,88
3,47,1,4,5,28.0,4.5,47
5,97,0,8,0,82.0,5.0,97
1,54,1,7,7,29.0,1.7,54
3,80,1,9,1,62.0,3.3000000000000003,80
3,56,1,5,8,35.0,5.4,56
5,62,1,5,6,51.0,8.0,62
3,41,0,9,6,22.0,4.800000000000001,41
9,45,0,4,9,42.0,17.099999999999998,45
1,68,0,5,9,45.0,1.9,68
4,66,1,5,4,48.0,5.6,66
4,76,1,4,7,61.0,6.8,76
1,88,1,4,9,59.0,1.9,88
2,73,0,4,0,50.0,2.0,73
1,57,0,7,2,33.0,1.2,57
6,81,0,4,8,65.0,10.8,81
3,49,1,4,0,26.0,3.0,49
7,77,1,4,7,69.0,11.9,77
5,98,0,9,5,87.0,7.5,98
9,83,1,8,9,85.0,17.099999999999998,83
7,56,1,9,4,46.0,9.799999999999999,56
4,98,0,8,5,82.0,6.0,98
5,52,1,7,4,36.0,7.0,52
5,91,1,7,8,77.0,9.0,91
5,99,0,5,1,85.0,5.5,99
9,87,1,9,9,85.0,17.099999999999998,87
3,81,1,8,5,62.0,4.5,81
6,66,1,7,3,54.0,7.800000000000001,66
8,92,1,7,2,89.0,9.6,92
9,41,0,9,4,35.0,12.6,41
7,73,0,5,1,65.0,7.700000000000001,73
3,70,1,4,2,52.0,3.5999999999999996,70
1,62,0,6,6,37.0,1.6,62
4,46,0,5,0,27.0,4.0,46
6,77,0,6,1,60.0,6.6000000000000005,77
3,72,1,5,2,52.0,3.5999999999999996,72
1,51,1,5,9,28.0,1.9,51
6,84,0,4,6,72.0,9.600000000000001,84
1,51,0,7,3,23.0,1.3,51
9,58,0,8,7,59.0,15.299999999999999,58
1,48,0,5,7,20.0,1.7,48
6,49,1,4,0,38.0,6.0,49
1,56,0,6,4,31.0,1.4,56
7,89,1,9,0,81.0,7.0,89
3,79,1,9,6,66.0,4.800000000000001,79
6,78,1,7,3,68.0,7.800000000000001,78
7,80,1,9,7,75.0,11.9,80
1,49,1,5,7,24.0,1.7,49
1,51,1,6,8,26.0,1.8,51
5,54,1,5,5,39.0,7.5,54
6,70,0,9,6,61.0,9.600000000000001,70
9,54,1,8,6,52.0,14.4,54
1,67,0,9,4,38.0,1.4,67
4,43,0,8,6,25.0,6.4,43
8,75,0,9,8,73.0,14.4,75
9,94,0,7,3,93.0,11.700000000000001,94
3,40,0,6,1,16.0,3.3000000000000003,40
2,97,1,8,7,75.0,3.4,97
4,83,1,4,6,64.0,6.4,83
2,96,0,7,5,77.0,3.0,96
1,73,0,5,6,44.0,1.6,73
3,86,0,9,2,66.0,3.5999999999999996,86
7,56,1,6,5,48.0,10.5,56
1,78,0,6,9,50.0,1.9,78
2,77,1,9,6,56.0,3.2,77
1,83,1,4,6,55.0,1.6,83
8,90,0,8,4,83.0,11.2,90
5,72,1,9,2,58.0,6.0,72
8,99,1,6,1,93.0,8.8,99
3,60,1,4,6,38.0,4.800000000000001,60
7,65,0,4,3,55.0,9.1,65
8,85,0,5,1,80.0,8.8,85
6,75,0,4,7,64.0,10.2,75
7,44,0,7,1,37.0,7.700000000000001,44
2,72,0,6,5,49.0,3.0,72
8,40,0,7,3,33.0,10.4,40
5,92,0,4,8,78.0,9.0,92
7,45,0,4,4,31.0,9.799999999999999,45
1,76,1,7,3,53.0,1.3,76
5,41,0,5,7,25.0,8.5,41
1,96,1,4,2,69.0,1.2,96
8,92,1,7,8,89.0,14.4,92
4,98,0,7,7,80.0,6.8,98
4,98,1,6,7,80.0,6.8,98
2,44,1,5,9,22.0,3.8,44
5,65,0,8,4,52.0,7.0,65
1,80,1,7,0,59.0,1.0,80
9,90,0,6,9,88.0,17.099999999999998,90
5,92,1,8,8,81.0,9.0,92
6,86,1,6,1,79.0,6.6000000000000005,86
2,52,0,6,0,28.0,2.0,52
1,51,1,9,5,28.0,1.5,51
4,44,1,5,0,19.0,4.0,44
7,41,0,4,9,31.0,13.299999999999999,41
6,98,0,5,9,87.0,11.399999999999999,98
1,43,1,8,9,17.0,1.9,43
1,98,1,9,6,75.0,1.6,98
8,66,0,5,6,61.0,12.8,66
4,89,1,4,0,72.0,4.0,89
5,92,0,5,9,78.0,9.5,92
7,49,0,5,4,36.0,9.799999999999999,49
8,52,0,5,2,45.0,9.6,52
7,83,1,7,1,74.0,7.700000000000001,83
2,41,1,7,4,17.0,2.8,41
4,65,1,5,4,47.0,5.6,65
1,54,0,4,1,25.0,1.1,54
9,85,1,4,5,81.0,13.5,85
3,96,0,4,6,74.0,4.800000000000001,96
3,49,1,4,0,30.0,3.0,49
9,61,0,9,2,59.0,10.799999999999999,61
3,79,0,9,3,60.0,3.9000000000000004,79
8,64,1,6,1,58.0,8.8,64
2,54,0,5,9,28.0,3.8,54
3,52,1,5,4,33.0,4.199999999999999,52
2,47,1,6,3,30.0,2.6,47
1,60,1,4,1,31.0,1.1,60
2,60,1,8,0,36.0,2.0,60
8,61,1,8,7,56.0,13.6,61
9,85,0,6,1,82.0,9.9,85
2,72,1,8,3,50.0,2.6,72
7,84,0,7,9,76.0,13.299999999999999,84
5,66,1,5,4,52.0,7.0,66
3,79,0,8,1,60.0,3.3000000000000003,79
9,89,0,9,9,91.0,17.099999999999998,89
6,61,1,9,8,52.0,10.8,61
1,69,0,7,1,43.0,1.1,69
5,48,1,5,5,32.0,7.5,48
7,84,1,7,6,77.0,11.200000000000001,84
4,74,1,5,5,55.0,6.0,74
8,57,0,5,3,52.0,10.4,57
5,81,0,8,0,68.0,5.0,81
9,44,0,9,1,41.0,9.9,44
9,66,0,6,9,63.0,17.099999999999998,66
9,96,1,8,9,99.0,17.099999999999998,96
1,45,1,4,5,17.0,1.5,45
2,71,0,7,7,47.0,3.4,71
3,47,0,4,2,24.0,3.5999999999999996,47
4,95,1,5,6,80.0,6.4,95
9,78,0,8,8,79.0,16.2,78
6,60,1,4,3,49.0,7.800000000000001,60
1,57,0,4,6,27.0,1.6,57
9,53,0,9,6,51.0,14.4,53
6,54,0,4,9,41.0,11.399999999999999,54
4,81,1,9,8,67.0,7.2,81
4,65,1,9,2,48.0,4.8,65
3,92,0,5,0,72.0,3.0,92
7,83,0,9,7,75.0,11.9,83
3,71,0,5,3,48.0,3.9000000000000004,71
2,78,0,9,1,58.0,2.2,78
8,67,0,9,4,62.0,11.2,67
4,99,0,5,3,83.0,5.2,99
8,78,0,4,0,68.0,8.0,78
1,82,0,7,6,55.0,1.6,82
5,71,1,8,3,55.0,6.5,71
9,52,1,8,7,49.0,15.299999999999999,52
1,54,1,5,8,27.0,1.8,54
4,57,1,4,7,38.0,6.8,57
6,78,0,7,0,66.0,6.0,78
8,45,1,6,7,37.0,13.6,45
3,94,1,5,4,72.0,4.199999999999999,94
5,50,0,6,0,34.0,5.0,50
7,71,1,8,8,68.0,12.6,71
1,79,1,8,8,56.0,1.8,79
7,59,1,7,6,52.0,11.200000000000001,59
8,72,1,7,6,67.0,12.8,72
8,79,1,6,0,69.0,8.0,79
9,47,0,8,8,45.0,16.2,47
6,90,0,7,0,76.0,6.0,90
6,74,0,7,6,65.0,9.600000000000001,74
2,44,1,8,8,26.0,3.6,44
3,74,1,8,8,54.0,5.4,74
4,86,1,4,4,68.0,5.6,86
4,53,0,9,5,34.0,6.0,53
8,60,1,7,1,56.0,8.8,60
1,86,1,6,1,63.0,1.1,86
4,63,1,5,9,47.0,7.6,63
4,56,1,5,8,40.0,7.2,56
1,57,0,8,0,31.0,1.0,57
3,73,0,9,9,56.0,5.699999999999999,73
5,51,1,6,4,36.0,7.0,51
6,55,0,4,6,41.0,9.600000000000001,55
9,43,0,7,9,43.0,17.099999999999998,43
9,64,0,4,5,61.0,13.5,64
9,73,1,6,5,69.0,13.5,73
1,67,0,4,5,44.0,1.5,67
9,85,0,8,7,82.0,15.299999999999999,85
8,50,1,5,6,48.0,12.8,50
2,52,0,8,4,27.0,2.8,52
1,70,0,7,9,45.0,1.9,70
1,99,0,8,1,75.0,1.1,99
6,64,1,6,9,54.0,11.399999999999999,64
9,78,1,6,5,76.0,13.5,78
7,49,0,7,9,44.0,13.299999999999999,49
5,63,1,7,4,50.0,7.0,63
2,40,1,5,3,17.0,2.6,40
1,92,1,4,9,66.0,1.9,92
2,64,0,5,4,42.0,2.8,64
1,67,0,8,8,42.0,1.8,67
3,75,1,4,1,56.0,3.3000000000000003,75
6,57,0,7,5,48.0,9.0,57
8,45,1,6,8,40.0,14.4,45
3,41,1,8,9,24.0,5.699999999999999,41
9,42,0,5,4,38.0,12.6,42
5,85,1,9,5,73.0,7.5,85
7,47,1,9,9,40.0,13.299999999999999,47
8,70,1,7,3,62.0,10.4,70
3,87,1,4,4,65.0,4.199999999999999,87
2,58,0,9,7,37.0,3.4,58
2,89,1,4,0,68.0,2.0,89
5,45,0,6,0,30.0,5.0,45
1,53,1,7,9,31.0,1.9,53
2,42,0,7,3,15.0,2.6,42
9,87,1,8,9,89.0,17.099999999999998,87
7,40,1,8,2,33.0,8.4,40
6,83,0,4,4,72.0,8.399999999999999,83
9,69,0,9,9,64.0,17.099999999999998,69
7,85,1,9,7,78.0,11.9,85
5,58,1,5,0,40.0,5.0,58
9,93,1,4,4,91.0,12.6,93
6,58,1,9,4,49.0,8.399999999999999,58
6,48,1,8,1,38.0,6.6000000000000005,48
4,46,0,8,4,28.0,5.6,46
1,85,0,8,7,62.0,1.7,85
5,76,1,4,9,62.0,9.5,76
9,89,0,7,6,89.0,14.4,89
8,80,0,5,1,74.0,8.8,80
8,92,1,5,5,85.0,12.0,92
5,46,0,8,9,33.0,9.5,46
9,48,1,6,0,41.0,9.0,48
3,43,0,4,9,24.0,5.699999999999999,43
3,64,0,9,9,47.0,5.699999999999999,64
1,88,0,9,2,65.0,1.2,88
9,51,0,7,5,50.0,13.5,51
6,45,0,8,8,35.0,10.8,45
2,57,1,6,0,30.0,2.0,57
8,79,0,8,5,76.0,12.0,79
9,60,1,6,1,55.0,9.9,60
9,54,0,5,8,49.0,16.2,54
2,42,0,6,1,19.0,2.2,42
2,41,0,5,2,15.0,2.4,41
7,95,1,5,1,86.0,7.700000000000001,95
4,94,0,4,3,77.0,5.2,94
1,80,0,6,3,55.0,1.3,80
8,79,1,7,9,77.0,15.2,79
2,98,1,7,0,74.0,2.0,98
3,43,1,6,7,23.0,5.1,43
5,71,0,4,4,56.0,7.0,71
3,41,0,7,7,18.0,5.1,41
7,85,0,8,5,76.0,10.5,85
7,68,0,7,1,57.0,7.700000000000001,68
2,41,1,4,6,13.0,3.2,41
7,73,1,5,9,64.0,13.299999999999999,73
6,66,0,5,8,54.0,10.8,66
9,99,1,5,6,97.0,14.4,99
9,93,1,4,4,89.0,12.6,93
2,78,1,5,3,53.0,2.6,78
7,83,0,5,7,74.0,11.9,83
5,77,1,4,5,61.0,7.5,77
6,57,0,8,4,41.0,8.399999999999999,57
1,75,0,7,6,48.0,1.6,75
7,58,0,4,2,48.0,8.4,58
6,66,1,4,8,54.0,10.8,66
4,84,1,6,3,67.0,5.2,84
1,59,1,5,3,34.0,1.3,59
9,60,1,9,7,60.0,15.299999999999999,60
4,62,0,8,5,46.0,6.0,62
2,69,0,9,0,45.0,2.0,69
8,64,0,6,1,56.0,8.8,64
2,70,1,8,8,49.0,3.6,70
5,66,1,5,5,49.0,7.5,66
6,73,1,9,6,65.0,9.600000000000001,73
8,47,0,5,8,39.0,14.4,47
1,58,0,5,2,33.0,1.2,58
1,80,1,7,4,55.0,1.4,80
4,65,0,8,4,50.0,5.6,65
5,67,0,8,9,52.0,9.5,67
9,43,1,6,6,43.0,14.4,43
7,70,1,4,1,58.0,7.700000000000001,70
7,55,0,5,3,45.0,9.1,55
8,90,1,5,3,81.0,10.4,90
5,49,0,9,7,36.0,8.5,49
5,77,1,6,9,64.0,9.5,77
1,87,0,8,2,57.0,1.2,87
9,49,1,7,1,46.0,9.9,49
6,84,1,8,8,76.0,10.8,84
9,48,1,7,3,43.0,11.700000000000001,48
3,78,0,7,8,58.0,5.4,78
5,75,0,8,5,61.0,7.5,75
2,90,1,9,0,72.0,2.0,90
5,97,0,5,2,82.0,6.0,97
8,75,0,7,6,69.0,12.8,75
2,58,1,9,8,35.0,3.6,58
8,99,1,6,7,91.0,13.6,99
4,58,1,6,4,40.0,5.6,58
1,51,0,7,7,26.0,1.7,51
5,52,1,5,1,34.0,5.5,52
1,64,0,7,2,35.0,1.2,64
7,75,0,6,7,67.0,11.9,75
8,64,0,6,8,60.0,14.4,64
3,67,1,8,9,48.0,5.699999999999999,67
3,81,1,5,7,62.0,5.1,81
7,92,0,8,3,84.0,9.1,92
4,78,0,9,5,67.0,6.0,78
3,69,1,9,4,50.0,4.199999999999999,69
8,44,1,9,3,42.0,10.4,44
3,56,1,4,8,37.0,5.4,56
7,57,1,9,9,50.0,13.299999999999999,57
2,82,1,7,2,61.0,2.4,82
1,86,1,8,0,61.0,1.0,86
6,60,1,9,6,48.0,9.600000000000001,60
8,61,1,5,9,56.0,15.2,61
1,78,1,9,7,54.0,1.7,78
9,89,0,7,2,86.0,10.799999999999999,89
3,97,1,7,2,77.0,3.5999999999999996,97
3,96,1,7,5,77.0,4.5,96
4,45,0,7,1,25.0,4.4,45
1,89,1,7,5,67.0,1.5,89
9,55,1,5,4,51.0,12.6,55
3,41,0,4,6,20.0,4.800000000000001,41
4,90,1,6,8,74.0,7.2,90
1,40,0,4,8,12.0,1.8,40
4,96,0,6,0,78.0,4.0,96
1,69,1,8,6,48.0,1.6,69
5,97,0,7,2,79.0,6.0,97
5,82,0,8,3,66.0,6.5,82
7,91,0,8,1,82.0,7.700000000000001,91
8,76,0,6,0,67.0,8.0,76
4,87,1,5,9,75.0,7.6,87
7,62,0,7,2,52.0,8.4,62
4,40,0,9,9,25.0,7.6,40
3,58,1,8,8,39.0,5.4,58
6,85,0,4,0,66.0,6.0,85
4,42,1,7,2,24.0,4.8,42
3,41,0,5,4,17.0,4.199999999999999,41
9,95,1,7,2,93.0,10.799999999999999,95
5,76,0,9,3,62.0,6.5,76
7,56,1,9,3,47.0,9.1,56
6,67,0,8,0,55.0,6.0,67
5,57,1,4,5,41.0,7.5,57
7,72,1,8,6,67.0,11.200000000000001,72
6,54,1,5,6,43.0,9.600000000000001,54
2,61,1,6,5,42.0,3.0,61
3,80,1,9,6,64.0,4.800000000000001,80
2,66,0,4,2,42.0,2.4,66
3,94,0,9,4,77.0,4.199999999999999,94
1,76,1,5,6,52.0,1.6,76
8,71,1,5,9,62.0,15.2,71
6,99,0,9,4,90.0,8.399999999999999,99
2,84,0,8,9,60.0,3.8,84
8,58,1,9,1,49.0,8.8,58
6,67,0,8,5,54.0,9.0,67
7,67,1,9,6,61.0,11.200000000000001,67
1,95,1,8,1,67.0,1.1,95
7,49,1,6,9,42.0,13.299999999999999,49
3,59,0,7,7,43.0,5.1,59
8,64,1,7,4,58.0,11.2,64
6,60,0,8,7,50.0,10.2,60
4,53,0,8,2,34.0,4.8,53
8,61,0,6,1,51.0,8.8,61
9,92,0,7,6,89.0,14.4,92
2,65,1,6,4,41.0,2.8,65
6,83,1,5,4,70.0,8.399999999999999,83
5,50,0,9,7,35.0,8.5,50
5,94,1,7,8,79.0,9.0,94
3,46,0,8,7,26.0,5.1,46
8,56,1,4,9,46.0,15.2,56
8,57,1,5,1,51.0,8.8,57
5,46,1,9,9,30.0,9.5,46
8,95,1,4,6,88.0,12.8,95
8,59,1,6,4,55.0,11.2,59
3,77,1,9,6,60.0,4.800000000000001,77
2,50,0,6,2,26.0,2.4,50
9,83,1,6,3,85.0,11.700000000000001,83
2,97,1,8,6,76.0,3.2,97
9,55,1,6,1,53.0,9.9,55
4,90,0,4,1,70.0,4.4,90
2,94,1,5,0,64.0,2.0,94
1,66,1,8,0,41.0,1.0,66
4,90,1,5,0,73.0,4.0,90
9,50,0,6,5,47.0,13.5,50
9,55,1,7,4,49.0,12.6,55
4,62,0,9,9,53.0,7.6,62
9,99,0,8,7,95.0,15.299999999999999,99
6,98,1,6,4,87.0,8.399999999999999,98
1,51,1,8,0,26.0,1.0,51
6,98,0,7,7,89.0,10.2,98
9,79,0,4,5,73.0,13.5,79
2,42,1,4,7,19.0,3.4,42
6,41,1,9,1,33.0,6.6000000000000005,41
2,99,0,4,9,75.0,3.8,99
4,77,0,7,7,59.0,6.8,77
8,87,0,5,5,79.0,12.0,87
7,91,0,7,0,82.0,7.0,91
9,63,1,7,0,58.0,9.0,63
7,68,0,6,9,61.0,13.299999999999999,68
1,86,1,4,4,59.0,1.4,86
2,85,0,8,6,63.0,3.2,85
6,73,0,9,3,60.0,7.800000000000001,73
7,59,1,5,9,55.0,13.299999999999999,59
3,57,1,8,4,38.0,4.199999999999999,57
9,53,1,6,9,49.0,17.099999999999998,53
7,57,1,6,2,48.0,8.4,57
6,41,0,5,1,24.0,6.6000000000000005,41
6,40,1,8,1,27.0,6.6000000000000005,40
1,59,1,5,4,34.0,1.4,59
5,73,1,5,3,59.0,6.5,73
3,80,0,4,1,60.0,3.3000000000000003,80
7,80,0,8,4,75.0,9.799999999999999,80
3,87,1,4,9,67.0,5.699999999999999,87
5,50,0,4,8,36.0,9.0,50
7,66,0,9,7,60.0,11.9,66
3,62,1,4,8,43.0,5.4,62
2,77,0,7,8,52.0,3.6,77
6,83,1,6,7,73.0,10.2,83
8,42,1,6,8,36.0,14.4,42
4,51,1,7,3,37.0,5.2,51
9,69,0,5,7,66.0,15.299999999999999,69
8,70,1,8,1,64.0,8.8,70
7,62,0,8,8,54.0,12.6,62
7,40,0,8,8,31.0,12.6,40
3,80,0,4,2,59.0,3.5999999999999996,80
6,59,0,8,5,49.0,9.0,59
5,93,1,8,6,80.0,8.0,93
1,45,1,8,2,19.0,1.2,45
3,50,0,6,4,27.0,4.199999999999999,50
1,74,1,7,0,51.0,1.0,74
4,43,0,9,2,25.0,4.8,43
3,68,0,5,7,48.0,5.1,68
4,98,1,7,2,82.0,4.8,98
9,49,0,8,7,47.0,15.299999999999999,49
3,90,1,5,8,70.0,5.4,90
6,68,0,5,5,57.0,9.0,68
6,77,0,7,6,69.0,9.600000000000001,77
7,40,0,7,5,32.0,10.5,40
9,79,0,7,7,78.0,15.299999999999999,79
7,47,1,9,6,41.0,11.200000000000001,47
1,96,0,7,9,72.0,1.9,96
8,77,0,9,0,71.0,8.0,77
5,56,1,4,2,44.0,6.0,56
9,58,0,6,2,57.0,10.799999999999999,58
5,72,0,9,2,57.0,6.0,72
5,54,0,6,3,41.0,6.5,54
2,84,0,8,0,62.0,2.0,84
3,70,0,4,1,48.0,3.3000000000000003,70
9,60,0,5,4,59.0,12.6,60
7,42,1,7,5,34.0,10.5,42
1,41,0,8,8,17.0,1.8,41
3,74,1,5,1,54.0,3.3000000000000003,74
2,80,0,6,8,55.0,3.6,80
1,98,1,5,6,73.0,1.6,98
9,55,1,7,8,50.0,16.2,55
8,95,1,7,3,91.0,10.4,95
5,84,1,9,6,73.0,8.0,84
2,90,0,9,0,70.0,2.0,90
1,98,0,6,7,74.0,1.7,98
7,89,0,7,6,86.0,11.200000000000001,89
2,60,1,4,6,34.0,3.2,60
1,51,1,8,1,25.0,1.1,51
2,67,1,6,9,47.0,3.8,67
7,51,1,6,8,45.0,12.6,51
7,72,1,5,7,62.0,11.9,72
6,59,1,6,0,49.0,6.0,59
5,79,1,8,0,62.0,5.0,79
3,88,0,4,4,65.0,4.199999999999999,88
3,60,1,5,1,40.0,3.3000000000000003,60
9,99,0,8,0,97.0,9.0,99
4,91,0,9,9,79.0,7.6,91
9,93,1,6,7,93.0,15.299999999999999,93
4,78,1,7,3,60.0,5.2,78
2,80,1,9,1,61.0,2.2,80
4,88,1,7,4,73.0,5.6,88
6,98,0,8,5,89.0,9.0,98
6,81,1,4,7,71.0,10.2,81
5,75,0,7,6,61.0,8.0,75
1,61,1,8,6,39.0,1.6,61
3,65,0,5,0,44.0,3.0,65
5,46,0,6,2,32.0,6.0,46
6,46,0,4,2,35.0,7.199999999999999,46
1,47,0,4,6,20.0,1.6,47
9,65,0,5,1,62.0,9.9,65
3,63,1,4,9,42.0,5.699999999999999,63
3,63,1,8,6,43.0,4.800000000000001,63
2,79,1,4,8,56.0,3.6,79
8,87,0,4,0,79.0,8.0,87
3,51,1,4,1,30.0,3.3000000000000003,51
6,86,0,8,5,73.0,9.0,86
2,47,0,9,1,25.0,2.2,47
7,93,1,6,1,84.0,7.700000000000001,93
4,48,0,7,4,27.0,5.6,48
9,42,1,9,6,41.0,14.4,42
9,93,0,4,3,92.0,11.700000000000001,93
7,60,1,5,5,53.0,10.5,60
8,70,0,5,2,63.0,9.6,70
3,87,1,8,3,67.0,3.9000000000000004,87
5,86,1,6,3,74.0,6.5,86
2,63,0,4,3,37.0,2.6,63
7,43,0,8,0,33.0,7.0,43
8,59,0,7,3,58.0,10.4,59
9,55,1,6,3,55.0,11.700000000000001,55
7,49,1,6,5,40.0,10.5,49
8,82,0,8,8,79.0,14.4,82
9,65,1,9,9,68.0,17.099999999999998,65
6,68,1,5,5,57.0,9.0,68
2,44,0,9,5,20.0,3.0,44
2,50,1,6,6,28.0,3.2,50
4,68,1,5,6,50.0,6.4,68
9,84,1,6,0,80.0,9.0,84
7,54,0,6,7,44.0,11.9,54
2,45,1,6,0,19.0,2.0,45
8,87,0,7,8,81.0,14.4,87
7,54,1,5,3,46.0,9.1,54
9,82,1,7,8,83.0,16.2,82
8,59,1,5,7,58.0,13.6,59
3,73,1,7,8,53.0,5.4,73
1,99,1,7,5,73.0,1.5,99
2,99,0,7,8,79.0,3.6,99
2,41,1,8,3,15.0,2.6,41
4,83,1,7,2,62.0,4.8,83
6,55,1,9,2,46.0,7.199999999999999,55
4,58,1,9,7,41.0,6.8,58
9,73,0,6,1,68.0,9.9,73
4,88,1,4,5,72.0,6.0,88
6,53,1,7,8,43.0,10.8,53
6,63,1,4,8,51.0,10.8,63
1,67,1,4,7,38.0,1.7,67
8,87,0,6,7,80.0,13.6,87
3,71,0,4,0,48.0,3.0,71
6,76,1,4,6,63.0,9.600000000000001,76
3,49,1,9,0,31.0,3.0,49
2,88,1,4,8,66.0,3.6,88
5,84,1,5,2,69.0,6.0,84
1,87,1,7,0,62.0,1.0,87
9,48,0,7,7,49.0,15.299999999999999,48
7,63,0,4,6,54.0,11.200000000000001,63
3,75,1,6,1,57.0,3.3000000000000003,75
4,95,1,5,6,77.0,6.4,95
6,68,1,6,4,56.0,8.399999999999999,68
3,99,0,6,6,79.0,4.800000000000001,99
7,68,1,4,9,60.0,13.299999999999999,68
6,97,1,8,6,88.0,9.600000000000001,97
9,87,0,4,1,83.0,9.9,87
5,62,0,9,1,43.0,5.5,62
4,66,1,8,6,48.0,6.4,66
3,70,1,5,2,50.0,3.5999999999999996,70
1,82,1,8,3,61.0,1.3,82
3,46,1,4,6,24.0,4.800000000000001,46
3,88,0,4,1,71.0,3.3000000000000003,88
7,93,0,6,1,81.0,7.700000000000001,93
7,84,1,4,8,76.0,12.6,84
1,43,0,9,0,17.0,1.0,43
3,53,1,4,2,30.0,3.5999999999999996,53
8,81,0,7,9,78.0,15.2,81
9,81,1,7,3,78.0,11.700000000000001,81
7,49,1,6,4,37.0,9.799999999999999,49
7,98,0,8,2,86.0,8.4,98
8,83,0,8,8,77.0,14.4,83
6,73,0,7,4,63.0,8.399999999999999,73
3,65,0,9,6,46.0,4.800000000000001,65
1,62,0,5,6,38.0,1.6,62
7,48,1,9,8,41.0,12.6,48
1,76,1,7,1,51.0,1.1,76
1,47,0,9,2,24.0,1.2,47
9,92,1,5,3,88.0,11.700000000000001,92
7,53,1,8,7,50.0,11.9,53
4,46,1,7,0,30.0,4.0,46
6,46,1,4,8,32.0,10.8,46
1,48,0,5,4,18.0,1.4,48
7,42,1,5,3,29.0,9.1,42
6,53,1,5,7,41.0,10.2,53
4,56,1,8,8,37.0,7.2,56
7,89,1,9,2,85.0,8.4,89
3,83,0,6,3,67.0,3.9000000000000004,83
1,61,1,4,0,30.0,1.0,61
4,85,1,7,2,69.0,4.8,85
3,65,1,9,9,43.0,5.699999999999999,65
1,97,0,5,4,72.0,1.4,97
2,67,0,8,7,47.0,3.4,67
5,84,1,5,0,69.0,5.0,84
8,53,1,9,0,48.0,8.0,53
1,48,0,7,2,20.0,1.2,48
4,90,1,4,8,73.0,7.2,90
4,65,0,5,8,49.0,7.2,65
5,41,1,8,0,26.0,5.0,41
7,50,1,8,3,44.0,9.1,50
8,56,0,6,7,49.0,13.6,56
6,73,1,8,1,61.0,6.6000000000000005,73
1,58,1,6,3,28.0,1.3,58
7,78,1,4,6,74.0,11.200000000000001,78
3,57,0,7,6,33.0,4.800000000000001,57
6,52,0,6,4,42.0,8.399999999999999,52
8,44,1,5,6,39.0,12.8,44
7,89,1,9,5,82.0,10.5,89
6,62,1,5,1,48.0,6.6000000000000005,62
9,97,1,7,8,95.0,16.2,97
9,95,0,8,4,92.0,12.6,95
1,63,0,9,1,36.0,1.1,63
1,68,0,5,5,37.0,1.5,68
1,87,1,9,9,65.0,1.9,87
8,86,1,6,4,82.0,11.2,86
7,47,0,7,1,37.0,7.700000000000001,47
3,65,1,5,9,45.0,5.699999999999999,65
2,54,1,8,9,34.0,3.8,54
4,96,0,9,6,78.0,6.4,96
3,40,1,8,9,18.0,5.699999999999999,40
7,67,0,9,1,59.0,7.700000000000001,67
8,88,1,5,6,82.0,12.8,88
6,86,1,7,5,75.0,9.0,86
3,85,1,4,3,65.0,3.9000000000000004,85
6,53,1,5,3,40.0,7.800000000000001,53
2,81,1,8,5,60.0,3.0,81
7,73,0,4,8,67.0,12.6,73
7,98,0,7,9,95.0,13.299999999999999,98
4,70,1,8,5,56.0,6.0,70
8,45,1,7,5,35.0,12.0,45
4,88,0,9,0,73.0,4.0,88
7,44,0,5,4,37.0,9.799999999999999,44
4,70,1,7,0,53.0,4.0,70
5,76,0,8,8,62.0,9.0,76
7,54,0,5,9,44.0,13.299999999999999,54
3,54,0,8,3,36.0,3.9000000000000004,54
5,91,1,8,1,76.0,5.5,91
3,82,0,4,8,60.0,5.4,82
5,44,0,6,5,28.0,7.5,44
3,67,0,7,9,48.0,5.699999999999999,67
7,72,0,7,2,62.0,8.4,72
1,50,1,4,1,19.0,1.1,50
9,82,0,9,5,80.0,13.5,82
9,45,0,7,9,46.0,17.099999999999998,45
5,62,0,4,5,47.0,7.5,62
9,79,1,7,8,79.0,16.2,79
6,41,1,7,4,27.0,8.399999999999999,41
5,54,1,8,8,43.0,9.0,54
3,62,0,4,4,43.0,4.199999999999999,62
8,61,0,9,1,56.0,8.8,61
4,48,0,7,0,27.0,4.0,48
3,86,1,9,8,70.0,5.4,86
6,79,0,6,9,70.0,11.399999999999999,79
8,69,0,4,6,61.0,12.8,69
9,55,1,4,2,53.0,10.799999999999999,55
6,98,0,4,5,87.0,9.0,98
5,85,0,8,9,68.0,9.5,85
2,86,1,4,3,61.0,2.6,86
2,91,1,8,8,70.0,3.6,91
9,69,1,6,1,65.0,9.9,69
2,84,1,5,3,61.0,2.6,84
2,48,1,8,0,27.0,2.0,48
3,40,0,7,6,22.0,4.800000000000001,40
3,98,1,4,3,81.0,3.9000000000000004,98
4,77,0,5,4,60.0,5.6,77
7,47,0,8,0,41.0,7.0,47
9,98,1,9,1,98.0,9.9,98
2,98,1,9,3,79.0,2.6,98
4,91,0,7,1,77.0,4.4,91
9,57,0,5,0,51.0,9.0,57
2,66,0,6,9,43.0,3.8,66
1,57,1,8,0,27.0,1.0,57
8,71,0,9,5,69.0,12.0,71
9,97,1,9,1,98.0,9.9,97
7,88,0,8,2,80.0,8.4,88
8,71,0,9,4,68.0,11.2,71
4,92,0,6,2,76.0,4.8,92
4,87,1,9,5,72.0,6.0,87
2,84,1,8,6,64.0,3.2,84
8,93,0,4,9,87.0,15.2,93
2,75,0,9,5,53.0,3.0,75
9,75,0,8,1,71.0,9.9,75
4,60,1,4,8,40.0,7.2,60
1,85,1,9,1,58.0,1.1,85
4,71,1,9,5,55.0,6.0,71
3,70,1,8,8,50.0,5.4,70
6,76,1,7,8,64.0,10.8,76
7,55,0,7,1,44.0,7.700000000000001,55
8,85,0,5,8,79.0,14.4,85
2,85,0,7,7,65.0,3.4,85
6,53,1,6,6,37.0,9.600000000000001,53
6,96,0,5,7,85.0,10.2,96
5,63,1,7,9,48.0,9.5,63
7,64,1,4,7,55.0,11.9,64
3,85,0,8,0,64.0,3.0,85
4,90,0,7,8,74.0,7.2,90
9,74,1,4,5,67.0,13.5,74
4,56,1,5,0,38.0,4.0,56
3,85,0,8,0,65.0,3.0,85
2,81,1,7,6,60.0,3.2,81
5,84,1,5,9,72.0,9.5,84
4,93,1,7,1,73.0,4.4,93
8,43,0,5,5,34.0,12.0,43
7,50,1,7,4,45.0,9.799999999999999,50
6,86,1,4,4,75.0,8.399999999999999,86
2,54,1,6,9,28.0,3.8,54
3,69,1,4,5,48.0,4.5,69
9,63,1,8,7,64.0,15.299999999999999,63
9,41,1,7,4,42.0,12.6,41
5,82,1,6,7,72.0,8.5,82
3,73,0,6,4,52.0,4.199999999999999,73
2,62,0,8,9,40.0,3.8,62
8,70,0,8,5,61.0,12.0,70
6,76,1,6,7,66.0,10.2,76
7,52,0,8,1,43.0,7.700000000000001,52
1,72,0,8,6,49.0,1.6,72
1,46,1,7,2,16.0,1.2,46
2,71,0,4,8,46.0,3.6,71
3,46,1,9,9,28.0,5.699999999999999,46
1,81,1,5,6,57.0,1.6,81
5,77,1,6,2,62.0,6.0,77
3,91,0,5,7,76.0,5.1,91
1,83,1,6,9,56.0,1.9,83
8,52,0,6,1,44.0,8.8,52
6,63,1,4,9,49.0,11.399999999999999,63
9,67,1,6,7,64.0,15.299999999999999,67
3,71,0,6,6,52.0,4.800000000000001,71
9,82,1,4,4,79.0,12.6,82
9,57,0,8,3,52.0,11.700000000000001,57
1,73,1,9,9,52.0,1.9,73
3,87,1,5,9,71.0,5.699999999999999,87
6,73,1,6,0,59.0,6.0,73
8,90,1,4,3,90.0,10.4,90
4,77,1,6,5,58.0,6.0,77
5,40,1,4,5,25.0,7.5,40
9,82,1,5,1,78.0,9.9,82
6,89,1,7,8,77.0,10.8,89
7,81,0,8,0,73.0,7.0,81
7,70,0,7,3,61.0,9.1,70
4,89,0,4,3,71.0,5.2,89
4,99,1,6,1,82.0,4.4,99
4,40,0,8,7,25.0,6.8,40
5,90,0,5,1,76.0,5.5,90
5,55,1,9,1,39.0,5.5,55
8,97,0,8,1,91.0,8.8,97
9,78,1,6,0,73.0,9.0,78
2,54,0,7,4,34.0,2.8,54
7,72,0,4,3,64.0,9.1,72
1,62,0,7,1,36.0,1.1,62
1,92,0,8,0,67.0,1.0,92
4,80,0,9,0,63.0,4.0,80
7,73,1,6,1,64.0,7.700000000000001,73
2,56,0,4,0,29.0,2.0,56
2,64,1,6,8,41.0,3.6,64
1,95,0,6,1,70.0,1.1,95
2,81,1,9,2,57.0,2.4,81
7,45,0,8,8,36.0,12.6,45
9,70,0,7,4,67.0,12.6,70
6,44,0,6,7,29.0,10.2,44
2,79,0,6,6,58.0,3.2,79
9,79,0,6,5,77.0,13.5,79
7,69,1,4,1,60.0,7.700000000000001,69
1,44,0,6,3,16.0,1.3,44
9,51,0,6,8,50.0,16.2,51
2,46,1,8,6,25.0,3.2,46
4,84,0,6,2,68.0,4.8,84
9,52,0,9,5,52.0,13.5,52
4,88,0,9,7,72.0,6.8,88
3,43,0,6,7,21.0,5.1,43
1,89,0,9,7,63.0,1.7,89
7,81,1,8,7,74.0,11.9,81
6,42,0,4,9,24.0,11.399999999999999,42
4,51,1,9,5,33.0,6.0,51
6,40,0,9,9,29.0,11.399999999999999,40
6,66,0,7,2,53.0,7.199999999999999,66
4,82,1,8,8,68.0,7.2,82
6,89,0,9,2,75.0,7.199999999999999,89
8,52,0,4,3,41.0,10.4,52
3,56,1,7,9,34.0,5.699999999999999,56
4,47,0,6,0,29.0,4.0,47
1,71,0,8,1,44.0,1.1,71
4,59,1,9,5,42.0,6.0,59
9,90,1,6,0,90.0,9.0,90
8,56,0,8,8,52.0,14.4,56
4,73,0,7,7,55.0,6.8,73
7,74,0,9,1,63.0,7.700000000000001,74
3,74,1,4,1,56.0,3.3000000000000003,74
9,77,1,8,7,76.0,15.299999999999999,77
4,81,0,4,7,62.0,6.8,81
2,63,0,6,0,39.0,2.0,63
5,93,0,6,4,78.0,7.0,93
2,57,1,7,1,35.0,2.2,57
6,89,1,7,0,74.0,6.0,89
1,85,1,5,2,58.0,1.2,85
6,87,0,5,2,72.0,7.199999999999999,87
4,78,0,7,9,62.0,7.6,78
3,72,0,9,8,52.0,5.4,72
2,88,1,6,9,65.0,3.8,88
7,62,0,4,0,50.0,7.0,62
9,64,1,7,1,61.0,9.9,64
3,76,0,9,8,57.0,5.4,76
6,66,1,4,4,51.0,8.399999999999999,66
9,40,0,5,8,37.0,16.2,40
2,60,0,4,5,40.0,3.0,60
7,98,1,7,9,91.0,13.299999999999999,98
5,88,0,6,9,77.0,9.5,88
5,49,1,7,2,31.0,6.0,49
7,70,0,8,7,61.0,11.9,70
9,83,0,9,8,85.0,16.2,83
4,64,0,9,1,47.0,4.4,64
9,59,1,9,8,57.0,16.2,59
9,96,0,8,3,95.0,11.700000000000001,96
4,41,1,8,7,23.0,6.8,41
3,94,0,6,4,74.0,4.199999999999999,94
2,87,0,9,5,67.0,3.0,87
9,54,1,7,3,52.0,11.700000000000001,54
2,67,0,8,4,50.0,2.8,67
6,52,0,7,0,38.0,6.0,52
5,89,1,5,2,76.0,6.0,89
5,99,1,9,3,88.0,6.5,99
4,91,0,8,0,73.0,4.0,91
6,93,1,8,2,81.0,7.199999999999999,93
5,53,1,6,3,41.0,6.5,53
4,89,0,7,8,72.0,7.2,89
9,41,1,6,2,39.0,10.799999999999999,41
6,73,1,6,2,62.0,7.199999999999999,73
3,74,0,7,3,54.0,3.9000000000000004,74
6,76,1,5,8,68.0,10.8,76
1,64,1,7,8,40.0,1.8,64
5,87,0,5,0,72.0,5.0,87
6,93,0,6,7,83.0,10.2,93
8,54,1,5,9,49.0,15.2,54
9,51,0,9,0,47.0,9.0,51
3,48,1,5,1,27.0,3.3000000000000003,48
2,97,1,5,9,76.0,3.8,97
4,70,1,8,4,55.0,5.6,70
8,53,1,8,5,49.0,12.0,53
8,68,0,6,1,69.0,8.8,68
3,92,0,7,9,72.0,5.699999999999999,92
4,87,1,5,4,66.0,5.6,87
3,82,0,9,2,62.0,3.5999999999999996,82
2,77,1,8,6,55.0,3.2,77
4,81,1,7,0,65.0,4.0,81
6,99,0,9,4,88.0,8.399999999999999,99
5,47,0,5,2,32.0,6.0,47
3,87,1,7,1,66.0,3.3000000000000003,87
2,42,0,9,2,20.0,2.4,42
9,41,1,4,9,35.0,17.099999999999998,41
1,55,0,9,3,30.0,1.3,55
9,58,0,9,1,54.0,9.9,58
1,69,1,5,1,42.0,1.1,69
7,80,0,7,2,67.0,8.4,80
6,55,0,5,1,43.0,6.6000000000000005,55
7,70,1,5,5,60.0,10.5,70
3,93,1,4,1,72.0,3.3000000000000003,93
3,97,1,9,0,79.0,3.0,97
1,67,1,7,7,41.0,1.7,67
4,43,1,6,9,25.0,7.6,43
2,49,1,8,3,23.0,2.6,49
8,90,0,5,1,82.0,8.8,90
3,84,1,5,3,67.0,3.9000000000000004,84
7,57,1,5,1,48.0,7.700000000000001,57
7,86,1,5,4,74.0,9.799999999999999,86
9,71,0,8,6,70.0,14.4,71
6,69,1,6,5,60.0,9.0,69
1,75,1,4,1,46.0,1.1,75
8,48,0,6,3,41.0,10.4,48
1,75,0,8,7,50.0,1.7,75
3,68,1,7,6,49.0,4.800000000000001,68
5,55,0,4,6,40.0,8.0,55
8,67,0,4,3,61.0,10.4,67
9,60,1,7,0,56.0,9.0,60
7,86,1,9,6,82.0,11.200000000000001,86
9,95,1,5,5,88.0,13.5,95
3,41,0,8,7,19.0,5.1,41
5,99,1,7,4,89.0,7.0,99
8,98,0,6,7,92.0,13.6,98
1,85,1,6,9,62.0,1.9,85
8,74,0,9,7,70.0,13.6,74
7,93,1,7,8,88.0,12.6,93
1,67,0,8,0,42.0,1.0,67
6,94,1,9,2,89.0,7.199999999999999,94
1,75,1,9,5,51.0,1.5,75
2,70,1,9,3,48.0,2.6,70
5,72,0,4,7,59.0,8.5,72
2,62,0,4,9,40.0,3.8,62
1,99,1,5,0,71.0,1.0,99
6,80,0,8,4,71.0,8.399999999999999,80
8,56,1,6,3,50.0,10.4,56
8,85,0,6,0,78.0,8.0,85
8,88,1,5,9,84.0,15.2,88
6,40,0,6,5,29.0,9.0,40
3,81,0,9,9,63.0,5.699999999999999,81
1,62,0,5,2,34.0,1.2,62
2,87,0,5,4,68.0,2.8,87
5,66,0,7,5,52.0,7.5,66
5,64,1,4,3,51.0,6.5,64
1,71,0,8,9,46.0,1.9,71
1,58,0,8,9,32.0,1.9,58
9,63,0,4,5,61.0,13.5,63
2,96,0,9,6,74.0,3.2,96
7,42,1,8,1,29.0,7.700000000000001,42
4,99,0,6,6,82.0,6.4,99
7,51,0,6,6,43.0,11.200000000000001,51
8,74,1,8,1,67.0,8.8,74
5,54,1,7,2,38.0,6.0,54
1,56,0,8,2,30.0,1.2,56
4,89,1,5,0,69.0,4.0,89
3,71,0,9,0,52.0,3.0,71
5,46,0,5,9,33.0,9.5,46
6,58,1,4,5,48.0,9.0,58
2,46,0,9,8,23.0,3.6,46
7,44,1,9,8,41.0,12.6,44
3,97,1,6,0,78.0,3.0,97
1,79,0,9,6,53.0,1.6,79
3,60,0,7,5,39.0,4.5,60
9,87,1,8,3,84.0,11.700000000000001,87
6,87,0,5,2,70.0,7.199999999999999,87
6,90,1,6,8,83.0,10.8,90
4,96,1,6,9,81.0,7.6,96
8,86,1,7,4,82.0,11.2,86
5,46,1,7,7,33.0,8.5,46
7,76,0,7,3,64.0,9.1,76
9,62,0,7,3,59.0,11.700000000000001,62
5,50,0,5,5,36.0,7.5,50
5,49,0,7,5,36.0,7.5,49
4,96,0,6,2,81.0,4.8,96
6,60,0,6,1,47.0,6.6000000000000005,60
2,94,1,9,8,69.0,3.6,94
3,98,0,8,1,80.0,3.3000000000000003,98
1,80,1,6,8,55.0,1.8,80
2,72,1,6,7,54.0,3.4,72
2,59,1,5,9,40.0,3.8,59
8,72,0,9,6,70.0,12.8,72
8,79,1,6,4,71.0,11.2,79
2,74,0,4,2,47.0,2.4,74
6,73,1,6,1,62.0,6.6000000000000005,73
5,75,0,8,7,59.0,8.5,75
3,66,0,8,1,48.0,3.3000000000000003,66
5,58,0,9,7,47.0,8.5,58
5,82,0,9,4,72.0,7.0,82
5,44,0,7,8,32.0,9.0,44
3,68,1,5,3,47.0,3.9000000000000004,68
3,95,0,8,7,76.0,5.1,95
4,49,0,4,6,29.0,6.4,49
7,95,1,4,7,87.0,11.9,95
2,98,0,7,4,71.0,2.8,98
4,94,0,5,1,75.0,4.4,94
4,79,0,5,6,63.0,6.4,79
1,52,0,9,2,28.0,1.2,52
8,68,0,6,9,64.0,15.2,68
1,44,1,4,9,16.0,1.9,44
8,97,0,4,9,89.0,15.2,97
7,97,1,4,9,90.0,13.299999999999999,97
9,98,0,4,1,91.0,9.9,98
8,51,1,8,2,43.0,9.6,51
5,98,1,5,3,84.0,6.5,98
8,52,1,6,9,47.0,15.2,52
3,61,0,8,6,47.0,4.800000000000001,61
7,79,0,5,9,71.0,13.299999999999999,79
4,54,1,7,0,37.0,4.0,54
5,52,0,4,5,35.0,7.5,52
9,40,0,6,5,38.0,13.5,40
7,93,1,5,7,85.0,11.9,93
4,77,0,7,1,58.0,4.4,77
6,82,1,4,1,69.0,6.6000000000000005,82
7,84,0,7,0,74.0,7.0,84
9,92,1,7,2,89.0,10.799999999999999,92
4,91,0,8,6,80.0,6.4,91
3,40,0,7,7,21.0,5.1,40
8,50,1,8,6,45.0,12.8,50
1,97,1,9,8,74.0,1.8,97
9,82,0,8,7,77.0,15.299999999999999,82
1,79,1,7,7,51.0,1.7,79
2,61,1,5,1,38.0,2.2,61
8,74,1,7,0,69.0,8.0,74
9,99,1,7,5,98.0,13.5,99
7,90,1,5,6,85.0,11.200000000000001,90
3,83,0,4,5,62.0,4.5,83
7,45,1,6,6,38.0,11.200000000000001,45
6,67,1,9,7,57.0,10.2,67
2,70,1,4,1,41.0,2.2,70
3,94,1,7,0,76.0,3.0,94
5,47,0,4,9,30.0,9.5,47
4,44,1,6,7,28.0,6.8,44
2,81,0,4,7,56.0,3.4,81
4,93,0,6,7,77.0,6.8,93
8,87,1,4,9,85.0,15.2,87
5,83,1,8,6,72.0,8.0,83
5,56,0,7,1,42.0,5.5,56
3,77,0,6,3,56.0,3.9000000000000004,77
8,48,0,9,8,43.0,14.4,48
6,49,1,7,7,38.0,10.2,49
2,59,0,8,3,38.0,2.6,59
2,53,1,4,7,30.0,3.4,53
9,53,0,7,9,52.0,17.099999999999998,53
7,65,0,4,5,55.0,10.5,65
9,68,1,4,8,67.0,16.2,68
6,88,1,7,0,78.0,6.0,88
5,66,0,6,5,51.0,7.5,66
1,64,1,6,3,39.0,1.3,64
6,55,1,7,2,46.0,7.199999999999999,55
6,75,0,6,4,67.0,8.399999999999999,75
3,73,1,5,9,52.0,5.699999999999999,73
3,55,1,4,7,36.0,5.1,55
3,72,0,7,9,54.0,5.699999999999999,72
3,42,0,9,5,25.0,4.5,42
7,62,1,8,0,53.0,7.0,62
2,50,1,7,5,28.0,3.0,50
2,87,1,7,6,64.0,3.2,87
3,97,0,4,5,77.0,4.5,97
7,57,0,8,2,46.0,8.4,57
3,86,1,4,8,69.0,5.4,86
7,80,1,9,9,74.0,13.299999999999999,80
9,83,1,6,9,85.0,17.099999999999998,83
4,68,0,7,3,49.0,5.2,68
7,98,0,4,4,89.0,9.799999999999999,98
9,89,1,9,4,88.0,12.6,89
8,44,1,9,2,40.0,9.6,44
8,63,1,5,1,58.0,8.8,63
9,68,1,7,7,63.0,15.299999999999999,68
5,68,0,9,6,57.0,8.0,68
5,99,1,6,4,87.0,7.0,99
3,65,1,4,0,40.0,3.0,65
5,79,0,4,9,67.0,9.5,79
8,42,1,5,0,32.0,8.0,42
5,41,1,6,7,27.0,8.5,41
4,64,1,9,3,47.0,5.2,64
8,58,1,5,3,51.0,10.4,58
7,79,1,9,8,72.0,12.6,79
6,41,1,9,1,31.0,6.6000000000000005,41
5,58,0,7,4,42.0,7.0,58
5,40,1,8,5,28.0,7.5,40
2,66,0,9,5,45.0,3.0,66
4,93,0,4,9,75.0,7.6,93
8,84,0,9,2,81.0,9.6,84
8,94,0,5,9,88.0,15.2,94
1,91,1,9,5,67.0,1.5,91
2,88,1,4,9,62.0,3.8,88
5,74,1,4,9,59.0,9.5,74
9,80,1,5,4,75.0,12.6,80
7,44,0,4,7,30.0,11.9,44
5,77,0,6,3,62.0,6.5,77
1,43,0,6,9,17.0,1.9,43
6,56,1,8,9,47.0,11.399999999999999,56
8,92,0,6,2,87.0,9.6,92
7,60,1,5,5,51.0,10.5,60
2,92,0,9,9,72.0,3.8,92
5,87,1,6,8,76.0,9.0,87
4,70,0,8,7,56.0,6.8,70
9,87,0,7,9,86.0,17.099999999999998,87
1,61,1,7,7,37.0,1.7,61
6,50,0,5,2,35.0,7.199999999999999,50
3,73,0,8,0,54.0,3.0,73
9,88,1,6,2,83.0,10.799999999999999,88
5,54,0,8,2,40.0,6.0,54
6,89,0,4,5,78.0,9.0,89
9,49,0,8,2,47.0,10.799999999999999,49
9,77,0,6,1,68.0,9.9,77
8,71,1,5,8,67.0,14.4,71
9,92,1,4,5,92.0,13.5,92
4,87,0,8,4,67.0,5.6,87
6,70,1,7,2,59.0,7.199999999999999,70
5,76,0,6,6,61.0,8.0,76
5,83,1,5,6,69.0,8.0,83
4,67,0,9,3,53.0,5.2,67
2,70,0,6,9,48.0,3.8,70
6,45,1,8,1,32.0,6.6000000000000005,45
9,53,0,5,1,47.0,9.9,53
1,97,0,7,7,71.0,1.7,97
7,62,0,4,3,48.0,9.1,62
6,55,0,8,6,43.0,9.600000000000001,55
3,64,1,5,2,44.0,3.5999999999999996,64
1,78,1,4,8,53.0,1.8,78
4,41,1,5,9,24.0,7.6,41
9,77,1,9,8,76.0,16.2,77
2,80,0,8,6,58.0,3.2,80
3,78,0,5,6,59.0,4.800000000000001,78
2,73,0,7,0,51.0,2.0,73
2,90,0,5,9,68.0,3.8,90
8,79,1,8,7,73.0,13.6,79
3,82,1,5,1,60.0,3.3000000000000003,82
7,64,1,4,7,56.0,11.9,64
8,75,0,4,1,66.0,8.8,75
3,55,0,9,0,34.0,3.0,55
2,96,0,6,7,75.0,3.4,96
8,57,0,9,3,53.0,10.4,57
3,52,1,6,9,31.0,5.699999999999999,52
7,98,1,7,5,88.0,10.5,98
1,76,1,4,9,48.0,1.9,76
6,66,0,6,9,56.0,11.399999999999999,66
9,73,1,5,0,67.0,9.0,73
3,50,0,7,8,29.0,5.4,50
7,40,1,8,6,30.0,11.200000000000001,40
6,52,1,6,4,40.0,8.399999999999999,52
8,69,0,9,5,64.0,12.0,69
3,44,0,6,2,23.0,3.5999999999999996,44
3,57,0,9,8,39.0,5.4,57
4,53,1,9,1,33.0,4.4,53
3,52,1,4,9,33.0,5.699999999999999,52
9,71,1,7,0,68.0,9.0,71
4,46,1,9,0,32.0,4.0,46
6,47,0,4,9,33.0,11.399999999999999,47
8,89,1,4,1,83.0,8.8,89
8,46,0,9,5,41.0,12.0,46
5,91,1,7,5,76.0,7.5,91
5,88,0,5,8,76.0,9.0,88
6,55,0,6,9,45.0,11.399999999999999,55
7,82,1,4,3,72.0,9.1,82
7,70,1,6,7,60.0,11.9,70
4,90,0,7,3,75.0,5.2,90
6,66,1,5,2,55.0,7.199999999999999,66
7,99,0,8,3,91.0,9.1,99
5,72,1,5,0,56.0,5.0,72
5,92,1,7,8,77.0,9.0,92
2,68,1,5,4,47.0,2.8,68
7,47,1,8,6,37.0,11.200000000000001,47
6,72,1,4,2,61.0,7.199999999999999,72
1,80,0,5,4,58.0,1.4,80
4,58,1,9,9,42.0,7.6,58
3,60,0,9,3,40.0,3.9000000000000004,60
3,80,0,7,6,59.0,4.800000000000001,80
7,60,0,5,4,53.0,9.799999999999999,60
4,64,1,8,1,47.0,4.4,64
8,81,0,7,2,72.0,9.6,81
9,95,0,5,7,90.0,15.299999999999999,95
3,62,0,7,2,43.0,3.5999999999999996,62
5,50,0,9,6,35.0,8.0,50
4,72,0,8,4,52.0,5.6,72
6,59,0,4,6,47.0,9.600000000000001,59
4,64,1,8,9,50.0,7.6,64
8,65,0,4,8,57.0,14.4,65
3,79,0,6,6,58.0,4.800000000000001,79
5,91,1,9,5,78.0,7.5,91
1,51,0,9,0,25.0,1.0,51
6,71,1,9,3,64.0,7.800000000000001,71
5,72,1,8,7,61.0,8.5,72
8,49,0,4,0,42.0,8.0,49
9,43,0,6,5,39.0,13.5,43
8,54,1,6,1,46.0,8.8,54
8,90,1,6,8,88.0,14.4,90
3,45,1,7,7,26.0,5.1,45
4,66,1,8,8,49.0,7.2,66
4,44,0,8,8,34.0,7.2,44
5,44,1,9,1,31.0,5.5,44
9,57,1,8,1,52.0,9.9,57
9,67,1,8,8,68.0,16.2,67
1,74,0,7,1,50.0,1.1,74
8,98,1,8,3,93.0,10.4,98
1,61,1,4,1,32.0,1.1,61
2,73,0,6,0,48.0,2.0,73
7,43,0,7,9,36.0,13.299999999999999,43
8,57,1,7,6,54.0,12.8,57
1,80,1,9,4,55.0,1.4,80
3,90,1,8,2,74.0,3.5999999999999996,90
7,65,0,6,7,53.0,11.9,65
9,81,0,4,4,76.0,12.6,81
8,61,1,6,0,54.0,8.0,61
8,86,1,5,8,80.0,14.4,86
9,72,1,6,4,68.0,12.6,72
3,82,0,4,2,63.0,3.5999999999999996,82
8,53,1,4,5,46.0,12.0,53
1,70,1,4,7,45.0,1.7,70
8,49,0,7,1,43.0,8.8,49
7,90,1,7,2,83.0,8.4,90
8,63,0,5,6,56.0,12.8,63
1,60,0,6,1,29.0,1.1,60
6,87,1,8,4,79.0,8.399999999999999,87
7,47,0,9,8,40.0,12.6,47
5,71,0,5,6,55.0,8.0,71
5,70,1,8,2,55.0,6.0,70
7,73,0,8,1,65.0,7.700000000000001,73
3,62,0,5,9,41.0,5.699999999999999,62
6,64,1,6,8,53.0,10.8,64
7,46,1,9,8,41.0,12.6,46
1,58,1,8,8,34.0,1.8,58
2,46,1,7,9,23.0,3.8,46
4,86,1,7,2,70.0,4.8,86
8,47,0,5,0,38.0,8.0,47
6,53,0,9,8,45.0,10.8,53
1,40,0,9,6,14.0,1.6,40
5,52,0,8,1,37.0,5.5,52
7,42,0,5,5,33.0,10.5,42
6,92,1,9,8,81.0,10.8,92
9,67,1,9,7,68.0,15.299999999999999,67
8,77,1,7,5,76.0,12.0,77
4,90,1,5,5,74.0,6.0,90
5,54,0,8,7,41.0,8.5,54
7,75,1,8,8,70.0,12.6,75
8,92,1,7,7,89.0,13.6,92
5,42,0,4,0,25.0,5.0,42
9,43,0,4,1,36.0,9.9,43
4,44,1,9,5,27.0,6.0,44
4,89,0,6,7,71.0,6.8,89
8,65,0,7,3,56.0,10.4,65
1,64,1,6,3,41.0,1.3,64
8,49,0,9,1,41.0,8.8,49
5,47,1,7,9,34.0,9.5,47
1,51,0,8,0,23.0,1.0,51
4,93,0,7,9,78.0,7.6,93
2,97,0,5,8,76.0,3.6,97
4,98,0,6,6,78.0,6.4,98
8,42,1,7,8,38.0,14.4,42
5,66,0,6,1,48.0,5.5,66
1,89,1,9,9,65.0,1.9,89
7,62,1,7,4,59.0,9.799999999999999,62
1,79,0,4,1,52.0,1.1,79
9,97,0,6,9,97.0,17.099999999999998,97
3,72,1,8,6,54.0,4.800000000000001,72
3,53,0,8,8,34.0,5.4,53
6,93,0,7,2,80.0,7.199999999999999,93
6,62,1,8,0,54.0,6.0,62
6,70,0,8,3,63.0,7.800000000000001,70
1,52,1,6,3,26.0,1.3,52
5,96,0,7,5,85.0,7.5,96
6,51,0,6,4,40.0,8.399999999999999,51
8,74,0,7,4,68.0,11.2,74
1,57,0,8,8,32.0,1.8,57
5,60,0,7,0,44.0,5.0,60
3,84,0,9,7,70.0,5.1,84
2,86,1,7,7,66.0,3.4,86
8,81,1,5,7,76.0,13.6,81
7,40,0,7,2,29.0,8.4,40
7,77,0,5,9,70.0,13.299999999999999,77
5,80,1,6,7,64.0,8.5,80
9,81,1,5,1,76.0,9.9,81
5,86,1,6,7,72.0,8.5,86
2,48,0,7,7,24.0,3.4,48
3,62,0,6,2,40.0,3.5999999999999996,62
4,53,0,8,3,37.0,5.2,53
5,50,1,9,8,42.0,9.0,50
3,46,1,7,8,28.0,5.4,46
7,70,0,5,9,61.0,13.299999999999999,70
5,63,1,9,8,53.0,9.0,63
5,65,0,4,9,50.0,9.5,65
6,69,0,9,5,55.0,9.0,69
7,73,1,7,0,67.0,7.0,73
8,85,0,9,7,79.0,13.6,85
9,77,1,9,8,77.0,16.2,77
4,44,1,8,7,26.0,6.8,44
5,44,0,6,0,26.0,5.0,44
5,58,0,9,5,44.0,7.5,58
8,90,1,5,8,80.0,14.4,90
9,77,0,5,8,73.0,16.2,77
7,67,1,8,6,61.0,11.200000000000001,67
5,65,0,9,6,53.0,8.0,65
3,81,1,9,3,59.0,3.9000000000000004,81
1,62,1,8,6,40.0,1.6,62
9,85,0,7,9,88.0,17.099999999999998,85
5,88,0,4,4,76.0,7.0,88
9,69,1,4,9,65.0,17.099999999999998,69
4,42,1,6,4,23.0,5.6,42
5,67,1,5,0,50.0,5.0,67
4,72,1,7,1,59.0,4.4,72
2,81,0,5,8,57.0,3.6,81
1,42,0,7,1,14.0,1.1,42
8,44,0,8,9,41.0,15.2,44
4,96,1,6,1,81.0,4.4,96
5,58,0,8,8,47.0,9.0,58
6,81,1,5,2,67.0,7.199999999999999,81
8,97,1,6,1,92.0,8.8,97
8,96,0,9,6,95.0,12.8,96
7,87,0,7,8,79.0,12.6,87
4,40,1,7,5,24.0,6.0,40
6,77,1,6,6,67.0,9.600000000000001,77
4,48,0,8,2,30.0,4.8,48
7,99,1,6,2,91.0,8.4,99
1,44,0,8,7,21.0,1.7,44
5,98,0,6,6,87.0,8.0,98
4,85,1,8,4,69.0,5.6,85
7,81,1,4,5,72.0,10.5,81
9,73,1,6,8,70.0,16.2,73
5,76,1,8,2,66.0,6.0,76
4,72,1,9,2,55.0,4.8,72
9,64,0,5,5,60.0,13.5,64
5,81,0,5,7,67.0,8.5,81
9,68,0,6,4,65.0,12.6,68
8,97,0,6,0,87.0,8.0,97
4,64,1,7,2,48.0,4.8,64
7,93,0,8,7,87.0,11.9,93
5,98,1,6,3,84.0,6.5,98
4,48,1,5,8,32.0,7.2,48
5,42,1,5,5,27.0,7.5,42
5,54,1,5,9,37.0,9.5,54
9,43,1,8,3,43.0,11.700000000000001,43
9,84,0,4,3,77.0,11.700000000000001,84
6,77,1,6,9,65.0,11.399999999999999,77
4,59,1,4,4,43.0,5.6,59
2,88,0,8,6,64.0,3.2,88
3,62,0,9,6,43.0,4.800000000000001,62
2,76,0,6,9,57.0,3.8,76
5,86,1,7,6,73.0,8.0,86
6,47,1,6,4,32.0,8.399999999999999,47
5,96,1,6,8,85.0,9.0,96
2,76,1,6,1,54.0,2.2,76
5,95,0,6,7,81.0,8.5,95
9,84,0,9,9,79.0,17.099999999999998,84
4,72,0,6,7,58.0,6.8,72
2,72,0,8,2,53.0,2.4,72
3,46,0,6,4,25.0,4.199999999999999,46
3,61,0,9,7,41.0,5.1,61
9,44,1,8,9,44.0,17.099999999999998,44
4,85,1,6,8,70.0,7.2,85
1,54,0,6,6,29.0,1.6,54
1,60,0,8,3,34.0,1.3,60
7,64,0,6,3,56.0,9.1,64
7,56,0,9,2,49.0,8.4,56
2,95,1,5,7,78.0,3.4,95
9,89,1,6,5,88.0,13.5,89
9,46,1,7,9,45.0,17.099999999999998,46
5,93,0,8,5,77.0,7.5,93
3,97,0,9,9,76.0,5.699999999999999,97
3,89,0,6,9,70.0,5.699999999999999,89
3,99,1,6,8,80.0,5.4,99
6,58,1,8,2,45.0,7.199999999999999,58
4,91,1,4,3,71.0,5.2,91
8,46,0,9,2,42.0,9.6,46
5,79,1,9,2,65.0,6.0,79
1,84,1,5,0,56.0,1.0,84
9,98,0,5,9,93.0,17.099999999999998,98
1,89,1,6,5,62.0,1.5,89
6,63,0,8,8,52.0,10.8,63
1,50,0,7,4,24.0,1.4,50
3,80,0,6,9,61.0,5.699999999999999,80
5,94,1,5,1,78.0,5.5,94
7,40,1,6,9,28.0,13.299999999999999,40
8,93,0,8,3,86.0,10.4,93
9,71,1,9,5,69.0,13.5,71
6,79,0,9,6,71.0,9.600000000000001,79
9,92,1,9,6,91.0,14.4,92
8,83,0,9,3,79.0,10.4,83
9,41,0,7,9,41.0,17.099999999999998,41
4,54,1,4,9,36.0,7.6,54
9,60,0,7,4,57.0,12.6,60
7,63,0,6,3,54.0,9.1,63
5,89,0,5,9,75.0,9.5,89
5,56,0,8,5,40.0,7.5,56
1,86,0,6,6,61.0,1.6,86
2,91,1,4,1,67.0,2.2,91
3,91,1,8,9,72.0,5.699999999999999,91
8,48,0,8,2,42.0,9.6,48
6,74,1,8,7,60.0,10.2,74
5,59,0,6,6,41.0,8.0,59
1,58,0,4,0,32.0,1.0,58
9,57,0,6,3,53.0,11.700000000000001,57
3,59,0,8,4,42.0,4.199999999999999,59
3,69,0,8,2,49.0,3.5999999999999996,69
2,79,1,5,3,56.0,2.6,79
4,40,1,7,9,24.0,7.6,40
2,63,1,6,9,39.0,3.8,63
9,63,1,4,9,61.0,17.099999999999998,63
7,86,1,8,6,78.0,11.200000000000001,86
8,58,1,6,7,53.0,13.6,58
3,69,0,7,8,48.0,5.4,69
6,65,1,6,1,54.0,6.6000000000000005,65
6,81,0,7,3,70.0,7.800000000000001,81
1,83,0,6,0,59.0,1.0,83
6,99,1,5,2,89.0,7.199999999999999,99
3,77,1,6,7,58.0,5.1,77
3,68,0,9,6,52.0,4.800000000000001,68
3,52,0,5,7,32.0,5.1,52
8,43,0,7,5,32.0,12.0,43
5,84,0,8,4,69.0,7.0,84
4,56,0,8,9,40.0,7.6,56
9,72,1,6,8,73.0,16.2,72
9,44,1,4,4,39.0,12.6,44
1,67,0,6,8,40.0,1.8,67
2,63,0,5,3,35.0,2.6,63
8,56,0,5,4,52.0,11.2,56
5,89,0,7,0,77.0,5.0,89
7,78,0,6,5,67.0,10.5,78
1,87,0,7,2,58.0,1.2,87
5,79,0,4,9,66.0,9.5,79
3,83,0,8,1,66.0,3.3000000000000003,83
2,85,1,8,5,62.0,3.0,85
2,90,0,6,0,66.0,2.0,90
9,50,0,7,8,49.0,16.2,50
4,51,1,7,4,32.0,5.6,51
4,52,0,4,6,32.0,6.4,52
7,47,0,7,9,38.0,13.299999999999999,47
2,40,0,9,8,16.0,3.6,40
3,48,0,9,8,35.0,5.4,48
3,67,1,5,6,49.0,4.800000000000001,67
6,41,0,9,3,29.0,7.800000000000001,41
3,53,0,9,3,34.0,3.9000000000000004,53
5,52,0,5,6,33.0,8.0,52
4,87,1,9,7,73.0,6.8,87
3,41,0,9,6,23.0,4.800000000000001,41
8,43,0,5,9,35.0,15.2,43
3,51,1,6,3,30.0,3.9000000000000004,51
6,87,1,5,3,73.0,7.800000000000001,87
7,49,1,5,7,43.0,11.9,49
7,42,1,9,8,38.0,12.6,42
2,43,0,8,6,21.0,3.2,43
3,45,1,9,2,26.0,3.5999999999999996,45
4,62,1,6,9,43.0,7.6,62
7,44,1,5,0,32.0,7.0,44
2,89,0,4,4,64.0,2.8,89
3,42,1,5,5,20.0,4.5,42
7,49,0,6,8,41.0,12.6,49
7,82,0,7,4,70.0,9.799999999999999,82
3,58,1,9,0,36.0,3.0,58
1,53,0,8,3,26.0,1.3,53
3,60,1,8,1,37.0,3.3000000000000003,60
5,99,1,9,3,89.0,6.5,99
7,82,0,9,6,77.0,11.200000000000001,82
4,67,0,6,8,47.0,7.2,67
1,60,0,5,2,33.0,1.2,60
6,75,0,4,2,61.0,7.199999999999999,75
2,63,1,5,3,39.0,2.6,63
3,93,0,5,6,74.0,4.800000000000001,93
4,77,0,4,5,54.0,6.0,77
6,56,0,8,4,47.0,8.399999999999999,56
6,61,0,5,3,49.0,7.800000000000001,61
7,58,1,7,7,53.0,11.9,58
5,84,1,7,3,66.0,6.5,84
7,93,0,6,2,84.0,8.4,93
2,49,0,6,6,27.0,3.2,49
1,50,1,4,1,23.0,1.1,50
8,77,1,4,3,72.0,10.4,77
1,41,1,6,7,16.0,1.7,41
2,72,1,9,3,47.0,2.6,72
6,82,0,5,9,73.0,11.399999999999999,82
1,70,0,9,6,45.0,1.6,70
3,87,1,8,1,68.0,3.3000000000000003,87
7,74,1,7,4,69.0,9.799999999999999,74
8,76,0,4,3,69.0,10.4,76
4,86,0,6,8,69.0,7.2,86
3,86,1,7,6,65.0,4.800000000000001,86
1,75,0,9,8,48.0,1.8,75
9,62,1,4,9,57.0,17.099999999999998,62
6,75,0,4,6,62.0,9.600000000000001,75
6,79,0,5,1,70.0,6.6000000000000005,79
9,78,1,4,1,73.0,9.9,78
1,65,0,8,1,39.0,1.1,65
6,64,1,4,4,53.0,8.399999999999999,64
5,56,0,8,0,40.0,5.0,56
6,54,1,9,6,47.0,9.600000000000001,54
8,76,1,5,1,68.0,8.8,76
5,84,1,8,3,73.0,6.5,84
2,43,0,9,8,23.0,3.6,43
2,61,1,7,7,39.0,3.4,61
5,56,1,4,9,40.0,9.5,56
3,61,0,6,1,42.0,3.3000000000000003,61
3,56,0,6,3,35.0,3.9000000000000004,56
8,53,1,8,3,47.0,10.4,53
7,53,1,5,1,46.0,7.700000000000001,53
1,56,0,8,1,26.0,1.1,56
5,47,0,9,4,36.0,7.0,47
9,73,0,9,3,75.0,11.700000000000001,73
4,65,1,8,7,48.0,6.8,65
1,84,0,8,3,57.0,1.3,84
8,69,1,7,7,62.0,13.6,69
5,61,1,9,4,50.0,7.0,61
2,55,1,7,0,30.0,2.0,55
1,69,0,8,8,44.0,1.8,69
3,55,0,5,7,36.0,5.1,55
9,77,0,4,0,69.0,9.0,77
1,93,1,9,2,66.0,1.2,93
4,63,1,6,2,46.0,4.8,63
8,75,0,7,4,68.0,11.2,75
8,74,0,9,6,68.0,12.8,74
8,45,1,4,0,37.0,8.0,45
8,43,1,7,0,36.0,8.0,43
4,57,1,9,9,40.0,7.6,57
8,45,1,7,5,40.0,12.0,45
9,65,0,7,4,60.0,12.6,65
7,76,1,8,2,70.0,8.4,76
2,66,1,8,2,43.0,2.4,66
9,80,0,7,3,81.0,11.700000000000001,80
8,50,0,7,9,42.0,15.2,50
5,77,0,6,1,60.0,5.5,77
3,55,0,4,8,36.0,5.4,55
7,58,1,4,3,46.0,9.1,58
2,82,1,5,9,60.0,3.8,82
3,92,1,5,2,67.0,3.5999999999999996,92
9,54,1,5,9,49.0,17.099999999999998,54
4,65,1,8,6,47.0,6.4,65
4,95,0,8,8,79.0,7.2,95
3,80,0,6,1,61.0,3.3000000000000003,80
5,95,1,8,5,82.0,7.5,95
3,70,0,5,4,48.0,4.199999999999999,70
9,58,1,9,0,54.0,9.0,58
3,96,1,7,6,75.0,4.800000000000001,96
2,90,1,5,0,68.0,2.0,90
5,63,1,6,9,50.0,9.5,63
6,97,1,7,8,87.0,10.8,97
1,48,0,8,3,25.0,1.3,48
6,62,0,7,7,45.0,10.2,62
3,43,1,9,0,25.0,3.0,43
4,49,1,6,4,28.0,5.6,49
6,48,0,8,2,36.0,7.199999999999999,48
8,58,1,4,3,53.0,10.4,58
9,54,1,5,3,47.0,11.700000000000001,54
6,90,1,9,7,84.0,10.2,90
7,73,0,9,9,66.0,13.299999999999999,73
5,81,1,5,9,66.0,9.5,81
9,58,1,6,2,55.0,10.799999999999999,58
4,88,0,6,0,71.0,4.0,88
6,91,1,9,4,86.0,8.399999999999999,91
5,95,1,5,1,80.0,5.5,95
1,60,0,7,5,36.0,1.5,60
5,73,0,4,3,57.0,6.5,73
5,90,1,4,8,77.0,9.0,90
9,56,0,6,6,52.0,14.4,56
1,57,1,6,1,29.0,1.1,57
5,56,1,7,6,43.0,8.0,56
7,41,0,6,9,30.0,13.299999999999999,41
6,90,1,4,7,74.0,10.2,90
6,40,0,5,2,27.0,7.199999999999999,40
7,82,0,9,2,72.0,8.4,82
6,96,0,4,1,82.0,6.6000000000000005,96
5,49,1,7,0,31.0,5.0,49
5,76,0,5,2,62.0,6.0,76
9,87,1,5,9,79.0,17.099999999999998,87
8,95,0,9,6,92.0,12.8,95
4,44,0,4,8,27.0,7.2,44
4,95,1,5,8,79.0,7.2,95
5,94,1,5,5,82.0,7.5,94
3,51,0,6,5,28.0,4.5,51
8,75,1,5,4,73.0,11.2,75
7,70,1,7,1,59.0,7.700000000000001,70
5,94,0,5,6,81.0,8.0,94
3,77,0,6,0,59.0,3.0,77
5,90,1,8,5,77.0,7.5,90
3,48,0,8,3,26.0,3.9000000000000004,48
5,83,0,7,2,70.0,6.0,83
1,65,0,9,0,38.0,1.0,65
6,54,1,9,5,42.0,9.0,54
4,55,1,7,6,40.0,6.4,55
4,52,1,5,0,35.0,4.0,52
8,64,0,5,0,56.0,8.0,64
2,69,1,8,6,48.0,3.2,69
4,92,0,8,5,76.0,6.0,92
2,95,0,4,6,71.0,3.2,95
1,46,0,8,7,20.0,1.7,46
3,96,0,8,7,75.0,5.1,96
8,94,1,7,8,89.0,14.4,94
6,91,0,4,8,79.0,10.8,91
7,43,0,9,6,40.0,11.200000000000001,43
2,82,1,4,8,57.0,3.6,82
6,79,0,5,5,66.0,9.0,79
8,77,1,5,8,69.0,14.4,77
8,96,1,4,1,85.0,8.8,96
4,69,1,4,1,53.0,4.4,69
6,49,0,5,5,37.0,9.0,49
5,69,1,7,2,58.0,6.0,69
9,78,0,7,1,71.0,9.9,78
8,46,1,7,7,42.0,13.6,46
2,75,1,7,6,58.0,3.2,75
7,74,1,5,7,68.0,11.9,74
7,63,1,6,5,56.0,10.5,63
1,78,0,8,8,52.0,1.8,78
1,75,0,8,8,54.0,1.8,75
4,84,1,8,1,66.0,4.4,84
5,59,1,8,9,48.0,9.5,59
4,88,1,5,4,69.0,5.6,88
7,71,0,6,8,62.0,12.6,71
3,98,1,5,2,80.0,3.5999999999999996,98
7,78,1,6,4,71.0,9.799999999999999,78
8,88,0,5,7,82.0,13.6,88
6,65,1,4,1,56.0,6.6000000000000005,65
6,65,1,6,5,53.0,9.0,65
8,75,1,8,3,72.0,10.4,75
8,82,1,6,5,76.0,12.0,82
7,74,0,9,2,63.0,8.4,74
6,82,0,7,5,70.0,9.0,82
6,74,0,6,6,59.0,9.600000000000001,74
6,51,1,9,9,42.0,11.399999999999999,51
8,72,1,7,2,67.0,9.6,72
1,75,0,9,4,52.0,1.4,75
5,53,1,7,7,40.0,8.5,53
3,72,1,4,1,50.0,3.3000000000000003,72
8,85,0,6,6,79.0,12.8,85
6,84,0,9,0,75.0,6.0,84
2,84,1,4,6,63.0,3.2,84
7,63,0,8,0,56.0,7.0,63
7,54,1,6,3,40.0,9.1,54
5,70,0,5,3,57.0,6.5,70
8,56,0,5,4,50.0,11.2,56
5,51,1,5,1,39.0,5.5,51
1,61,1,9,5,36.0,1.5,61
9,62,0,9,5,59.0,13.5,62
4,65,1,7,7,49.0,6.8,65
2,53,1,5,9,26.0,3.8,53
4,51,1,8,0,28.0,4.0,51
9,89,0,9,3,88.0,11.700000000000001,89
2,43,1,6,1,17.0,2.2,43
4,98,1,9,7,81.0,6.8,98
2,85,0,6,3,63.0,2.6,85
5,90,0,9,7,74.0,8.5,90
3,52,0,7,1,32.0,3.3000000000000003,52
2,96,0,7,3,72.0,2.6,96
9,94,1,7,8,91.0,16.2,94
5,57,1,8,4,44.0,7.0,57
5,82,0,9,5,66.0,7.5,82
1,67,0,6,9,45.0,1.9,67
6,77,1,9,8,68.0,10.8,77
7,80,1,4,8,71.0,12.6,80
1,83,0,7,6,59.0,1.6,83
9,58,1,5,1,56.0,9.9,58
8,85,1,4,6,78.0,12.8,85
8,86,0,4,8,81.0,14.4,86
7,82,0,7,1,74.0,7.700000000000001,82
5,77,0,5,6,65.0,8.0,77
3,85,0,7,6,65.0,4.800000000000001,85
9,42,1,7,2,40.0,10.799999999999999,42
7,58,0,5,5,49.0,10.5,58
8,59,1,4,7,54.0,13.6,59
6,64,1,4,9,48.0,11.399999999999999,64
5,50,1,9,7,40.0,8.5,50
8,95,0,5,2,90.0,9.6,95
3,56,1,4,5,36.0,4.5,56
7,99,0,8,1,89.0,7.700000000000001,99
2,98,0,7,1,78.0,2.2,98
3,88,0,8,7,69.0,5.1,88
2,94,1,8,9,75.0,3.8,94
5,74,0,9,4,58.0,7.0,74
7,53,0,9,4,44.0,9.799999999999999,53
1,98,1,9,3,74.0,1.3,98
9,78,0,8,9,75.0,17.099999999999998,78
1,96,1,6,3,69.0,1.3,96
1,58,1,6,7,34.0,1.7,58
8,42,0,8,2,38.0,9.6,42
6,73,0,7,2,58.0,7.199999999999999,73
6,97,0,8,7,92.0,10.2,97
9,88,0,8,2,84.0,10.799999999999999,88
4,80,1,9,1,62.0,4.4,80
8,61,0,9,4,59.0,11.2,61
4,77,0,9,2,62.0,4.8,77
2,95,1,6,5,75.0,3.0,95
8,66,0,8,6,59.0,12.8,66
7,60,0,7,2,52.0,8.4,60
4,80,0,7,8,69.0,7.2,80
9,70,0,9,9,67.0,17.099999999999998,70
9,66,0,9,0,65.0,9.0,66
8,76,1,8,6,70.0,12.8,76
1,41,0,7,3,12.0,1.3,41
7,93,1,8,6,86.0,11.200000000000001,93
5,86,1,6,8,73.0,9.0,86
7,48,1,8,8,41.0,12.6,48
9,58,1,9,0,55.0,9.0,58
2,81,0,4,9,62.0,3.8,81
4,75,0,6,3,61.0,5.2,75
4,49,1,7,6,33.0,6.4,49
2,98,0,7,9,77.0,3.8,98
3,79,0,9,5,63.0,4.5,79
8,93,1,9,8,91.0,14.4,93
9,84,0,6,6,82.0,14.4,84
6,78,1,9,2,72.0,7.199999999999999,78
2,46,1,4,6,20.0,3.2,46
2,43,0,6,9,20.0,3.8,43
7,54,0,9,4,46.0,9.799999999999999,54
8,51,0,5,1,44.0,8.8,51
8,87,1,4,9,79.0,15.2,87
6,45,1,6,2,34.0,7.199999999999999,45
8,99,0,5,5,92.0,12.0,99
1,48,1,8,5,25.0,1.5,48
9,74,0,4,6,69.0,14.4,74
1,47,0,8,5,20.0,1.5,47
3,46,0,5,8,27.0,5.4,46
9,43,0,7,4,40.0,12.6,43
5,97,1,7,4,83.0,7.0,97
9,52,0,9,7,50.0,15.299999999999999,52
9,58,1,7,7,55.0,15.299999999999999,58
6,46,1,8,0,39.0,6.0,46
1,49,1,4,2,23.0,1.2,49
7,64,1,8,5,58.0,10.5,64
6,83,1,8,5,74.0,9.0,83
9,97,1,7,0,95.0,9.0,97
7,74,0,8,1,64.0,7.700000000000001,74
